date,forecast_qty_total,forecast_qty_total_lower,forecast_qty_total_upper,sku_id
2024-12-24,1.0,0.9999999986075571,1.00000000136178,46303774477
2024-12-25,1.0,0.9999999982474211,1.0000000015699875,46303774477
2024-12-26,1.0,0.9999999979954893,1.0000000017820707,46303774477
2024-12-27,1.0,0.9999999971432858,1.0000000025244518,46303774477
2024-12-28,1.0,0.9999999954547261,1.0000000036100714,46303774477
2024-12-29,1.0,0.9999999940365205,1.0000000052253541,46303774477
2024-12-30,1.0,0.9999999923537913,1.000000006887537,46303774477
2024-12-31,1.0,0.9999999902515558,1.0000000089486552,46303774477
2025-01-01,1.0,0.9999999885210122,1.000000010649622,46303774477
2025-01-02,1.0,0.9999999860623093,1.0000000132110265,46303774477
2025-01-03,1.0,0.9999999833134763,1.0000000153119393,46303774477
2025-01-04,1.0,0.9999999809709706,1.000000017917824,46303774477
2025-01-05,1.0,0.9999999774341409,1.0000000203988604,46303774477
2025-01-06,1.0,0.9999999751477566,1.0000000235639397,46303774477
2025-01-07,1.0,0.9999999729762703,1.0000000272385285,46303774477
2025-01-08,1.0,0.999999969456065,1.000000030385544,46303774477
2025-01-09,1.0,0.9999999662025495,1.0000000333462973,46303774477
2025-01-10,1.0,0.9999999633314256,1.0000000358715169,46303774477
2025-01-11,1.0,0.999999959758925,1.0000000385707926,46303774477
2025-01-12,1.0,0.999999956401625,1.0000000423943765,46303774477
2025-01-13,1.0,0.9999999519449211,1.0000000465224188,46303774477
2025-01-14,1.0,0.9999999494277185,1.0000000498757118,46303774477
2025-01-15,1.0,0.9999999458480059,1.0000000530772704,46303774477
2025-01-16,1.0,0.9999999406497087,1.0000000577704606,46303774477
2025-01-17,1.0,0.999999936670483,1.0000000623941385,46303774477
2025-01-18,1.0,0.9999999323217671,1.0000000650875,46303774477
2025-01-19,1.0,0.9999999285502219,1.0000000691705362,46303774477
2025-01-20,1.0,0.9999999233435117,1.0000000724125122,46303774477
2025-03-04,1.9999996656589085,1.99999966565756,1.9999996656603025,46303862950
2025-03-05,1.9999996656589087,1.9999996656574186,1.9999996656604322,46303862950
2025-03-06,1.9999996656589092,1.9999996656572092,1.9999996656605175,46303862950
2025-03-07,1.9999996656589094,1.999999665657151,1.9999996656606858,46303862950
2025-03-08,1.9999996656589096,1.9999996656569747,1.9999996656609151,46303862950
2025-03-09,1.99999966565891,1.999999665656814,1.9999996656617292,46303862950
2025-03-10,1.9999996656589103,1.999999665656627,2.000028051619396,46303862950
2025-03-11,1.9999996656589105,1.9999793729374087,2.0000684572862006,46303862950
2025-03-12,1.9999996656589107,1.9999521400824078,2.000118778818622,46303862950
2025-03-13,1.9999996656589112,1.999913518634056,2.0001855844349588,46303862950
2025-03-14,1.9999996656589114,1.9998529970250565,2.000277728475588,46303862950
2025-03-15,1.9999996656589116,1.9997760124435524,2.00040744253733,46303862950
2025-03-16,1.9999996656589119,1.9996999204012194,2.000494698863209,46303862950
2025-03-17,1.9999996656589123,1.9996118068559867,2.0005753350370687,46303862950
2025-03-18,1.9999996656589125,1.9995015097566442,2.0006599910633294,46303862950
2025-03-19,1.9999996656589127,1.9994054678054776,2.000748308540273,46303862950
2025-03-20,1.9999996656589132,1.9992776752854364,2.000889318092049,46303862950
2025-03-21,1.9999996656589134,1.999217792371633,2.001032547355491,46303862950
2025-03-22,1.9999996656589136,1.9990751390528874,2.0011320688690946,46303862950
2025-03-23,1.9999996656589138,1.9989346482483719,2.001235555726042,46303862950
2025-03-24,1.9999996656589143,1.9988332504556239,2.0013635387638966,46303862950
2025-03-25,1.9999996656589145,1.9987069163125157,2.001520862509645,46303862950
2025-03-26,1.9999996656589147,1.9985533853561994,2.0016363686300838,46303862950
2025-03-27,1.999999665658915,1.998382892811272,2.0018009242678487,46303862950
2025-03-28,1.9999996656589154,1.9981871859904667,2.0019484221653108,46303862950
2025-03-29,1.9999996656589156,1.9980152759880434,2.0020569580192418,46303862950
2025-03-30,1.9999996656589158,1.997931990968812,2.002185831481764,46303862950
2025-03-31,1.9999996656589163,1.9977394254872047,2.002349225582184,46303862950
2025-03-04,5.434594712288739,1.4993273115659658,9.48992235824819,46303877432
2025-03-05,4.865590756422694,0.5040494992022047,9.046949996648298,46303877432
2025-03-06,4.296586800556636,0.010119494476734039,8.499336952635105,46303877432
2025-03-07,3.727582844690591,-0.7721961089176347,7.679027659821499,46303877432
2025-03-08,3.1585788888245467,-1.0807308384033056,7.099807272900684,46303877432
2025-03-09,2.5895749329585023,-1.5290165106717755,6.558682737306106,46303877432
2025-03-10,2.020570977092458,-2.043043090883638,6.09313646360658,46303877432
2025-03-11,1.4515670212264133,-2.6902578680802294,5.62012365397695,46303877432
2025-03-12,0.8825630653603618,-3.2424108238132776,4.749143391832377,46303877432
2025-03-13,0.3135591094943173,-3.8241594547736764,4.6821089447182365,46303877432
2025-03-14,-0.25544484637172715,-4.505054621510981,4.218137094114022,46303877432
2025-03-15,-0.8244488022377716,-5.02768617161241,3.493459638539702,46303877432
2025-03-16,-1.393452758103816,-5.535072858509013,2.8901408433214004,46303877432
2025-03-17,-1.9624567139698605,-5.779985358048085,1.9763049209633101,46303877432
2025-03-18,-2.531460669835919,-6.942036891896043,1.379143342037456,46303877432
2025-03-19,-3.1004646257019637,-7.264420626453893,0.6183204416062218,46303877432
2025-03-20,-3.669468581568008,-7.485355860719136,0.29275922567730983,46303877432
2025-03-21,-4.238472537434053,-8.46050276230776,-0.08353663955601334,46303877432
2025-03-22,-4.807476493300097,-8.9099318701638,-0.6979286642909248,46303877432
2025-03-23,-5.376480449166149,-9.17644715174762,-1.1538195755530438,46303877432
2025-03-24,-5.945484405032193,-10.189005290699797,-1.667997796990541,46303877432
2025-03-25,-6.514488360898238,-10.764215270108602,-2.424217634671547,46303877432
2025-03-26,-7.083492316764289,-11.278075692816456,-3.3103905087885974,46303877432
2025-03-27,-7.6524962726303265,-11.809588658969272,-3.5439025241629465,46303877432
2025-03-28,-8.221500228496378,-12.481200733568716,-4.224675711758618,46303877432
2025-03-29,-8.79050418436243,-12.801218940856996,-4.415625417497774,46303877432
2025-03-30,-9.359508140228467,-13.494227650821362,-5.306682617508237,46303877432
2025-03-31,-9.928512096094519,-14.048432457926745,-5.770582582932205,46303877432
2024-12-31,3.9986594018922714,1.134674950370074,7.018497246415134,46303948414
2025-01-01,4.018659914392803,1.165485690016166,7.012724980682754,46303948414
2025-01-02,4.038660426893334,1.16020641867765,7.1320930907086595,46303948414
2025-01-03,4.0586609393938655,1.1124730627026793,6.9880693303459696,46303948414
2025-01-04,4.078661451894398,1.0233947822367353,6.9782901919626665,46303948414
2025-01-05,4.098661964394928,1.1762994856908306,6.9125051978129655,46303948414
2025-01-06,4.1186624768954605,1.123439258132066,6.996167332859941,46303948414
2025-01-07,4.138662989395992,1.2406276357567205,7.139488521545013,46303948414
2025-01-08,4.158663501896523,1.291963793495782,7.114491970618674,46303948414
2025-01-09,4.178664014397055,1.2841079261061468,7.199507848714417,46303948414
2025-01-10,4.198664526897586,1.4380225521460155,7.129001953617164,46303948414
2025-01-11,4.218665039398117,1.2941548231069822,7.139311597089165,46303948414
2025-01-12,4.238665551898649,1.196021571453019,7.232050572421065,46303948414
2025-01-13,4.25866606439918,1.2048870139825179,7.537759504824682,46303948414
2025-01-14,4.278666576899711,1.2711695753319778,7.216355016546054,46303948414
2025-01-15,4.298667089400243,1.267916913085384,7.501526369456171,46303948414
2025-01-16,4.318667601900774,1.3884034821729232,7.254304621383141,46303948414
2025-01-17,4.3386681144013055,1.2484445400419475,7.284278149594911,46303948414
2025-01-18,4.358668626901837,1.3242535248537362,7.1830084906613125,46303948414
2025-01-19,4.378669139402369,1.5936892003619096,7.225335180928278,46303948414
2025-01-20,4.3986696519029,1.2785964562930765,7.379856457018636,46303948414
2025-01-21,4.418670164403432,1.352197136138492,7.49367316087528,46303948414
2025-01-22,4.438670676903962,1.3325464270946301,7.35957208373945,46303948414
2025-01-23,4.458671189404495,1.585024082213078,7.708760459947768,46303948414
2025-01-24,4.478671701905026,1.4894429164028875,7.466910182686501,46303948414
2025-01-25,4.498672214405557,1.634035496970406,7.5839687724855365,46303948414
2025-01-26,4.518672726906089,1.5306822083902836,7.61931785467664,46303948414
2025-01-27,4.53867323940662,1.4228195032525373,7.495378680252527,46303948414
2024-12-17,7.714272166685397,7.714272165967159,7.714272167345736,46308044959
2024-12-18,8.428557166762566,8.428557165954984,8.428557167579267,46308044959
2024-12-19,9.142842166839738,9.142842165890313,9.142842167937632,46308044959
2024-12-20,9.85712716691691,9.857127165581485,9.857127169018959,46308044959
2024-12-21,10.57141216699408,10.571412163566064,10.571412171375236,46308044959
2024-12-22,11.285697167071252,11.285697161211578,11.285697175005271,46308044959
2024-12-23,11.99998216714842,11.99998215719303,11.999982180947946,46308044959
2024-12-24,12.714267167225593,12.714267151740138,12.714267186437574,46308044959
2024-12-25,13.428552167302762,13.428552147682995,13.428552191553127,46308044959
2024-12-26,14.14283716737993,14.142837142033136,14.14283719765664,46308044959
2024-12-27,14.857122167457103,14.857122135427783,14.857122204271025,46308044959
2024-12-28,15.571407167534275,15.571407130009476,15.57140721000487,46308044959
2024-12-29,16.285692167611444,16.28569212310184,16.285692217652308,46308044959
2024-12-30,16.999977167688613,16.99997711567395,16.99997722307787,46308044959
2024-12-31,17.714262167765785,17.714262107658275,17.714262231032432,46308044959
2025-01-01,18.428547167842954,18.42854709962622,18.428547239975128,46308044959
2025-01-02,19.142832167920126,19.142832092376164,19.142832245405746,46308044959
2025-01-03,19.857117167997295,19.857117086015574,19.857117254335783,46308044959
2025-01-04,20.571402168074467,20.571402077817353,20.57140226132017,46308044959
2025-01-05,21.285687168151632,21.285687069450216,21.285687270576364,46308044959
2025-01-06,21.999972168228805,21.99997206282962,21.999972277375925,46308044959
2025-01-07,22.714257168305984,22.714257054033585,22.7142572843591,46308044959
2025-01-08,23.428542168383146,23.42854204654797,23.428542295458094,46308044959
2025-01-09,24.14282716846032,24.142827039125887,24.142827305821942,46308044959
2025-01-10,24.85711216853749,24.857112025990077,24.857112313476478,46308044959
2025-01-11,25.57139716861466,25.57139701670947,25.571397321839296,46308044959
2025-01-12,26.285682168691828,26.28568200691598,26.285682334373718,46308044959
2025-01-13,26.999967168768997,26.99996699860007,26.99996734409318,46308044959
2024-12-24,2.2106782424648124,1.6393186061640292,2.7891106011712083,46310250952
2024-12-25,2.4867677651325204,1.9433583207054765,3.119931012950359,46310250952
2024-12-26,2.7628572878002275,2.177221629845967,3.360437126883003,46310250952
2024-12-27,3.0389468104679356,2.4316719787435295,3.5976523537238396,46310250952
2024-12-28,3.3150363331356436,2.7283350364534864,3.9115846115713353,46310250952
2024-12-29,3.5911258558033516,2.964258266267149,4.154775541497416,46310250952
2024-12-30,3.867215378471059,3.3141147664637076,4.493823431225932,46310250952
2024-12-31,4.143304901138767,3.539105547961115,4.711903795384002,46310250952
2025-01-01,4.419394423806477,3.850728825627854,4.979080742369426,46310250952
2025-01-02,4.695483946474184,4.111865984429874,5.309501575226036,46310250952
2025-01-03,4.971573469141891,4.353973915115027,5.549474324683672,46310250952
2025-01-04,5.247662991809598,4.653306077519435,5.8892774299054365,46310250952
2025-01-05,5.523752514477307,4.945080660928264,6.148288468946881,46310250952
2025-01-06,5.799842037145016,5.215191231017097,6.41582035334973,46310250952
2025-01-07,6.075931559812721,5.5145335632466495,6.727245353641958,46310250952
2025-01-08,6.35202108248043,5.774267732025187,6.923928825907581,46310250952
2025-01-09,6.628110605148139,6.0316407619969175,7.229058271849167,46310250952
2025-01-10,6.904200127815846,6.306591261573047,7.503327358791114,46310250952
2025-01-11,7.180289650483553,6.589788731058302,7.758858140372366,46310250952
2025-01-12,7.4563791731512605,6.906812008628284,8.001900880588245,46310250952
2025-01-13,7.7324686958189695,7.117640876430315,8.348759272567563,46310250952
2025-01-14,8.008558218486677,7.44617343661936,8.599909617676493,46310250952
2025-01-15,8.284647741154386,7.722735500591156,8.891773905104687,46310250952
2025-01-16,8.560737263822093,8.038611119553048,9.161018570402216,46310250952
2025-01-17,8.836826786489802,8.24659023098749,9.448783158209606,46310250952
2025-01-18,9.112916309157509,8.517179425761434,9.709553555670404,46310250952
2025-01-19,9.389005831825216,8.798350984793645,10.01947369408651,46310250952
2025-01-20,9.665095354492925,9.06352991222649,10.266032363306694,46310250952
2024-12-31,3.4704235670414283,2.6596049652626808,4.30039938320083,46310280482
2025-01-01,3.439880888497841,2.5704936674647536,4.276038228520038,46310280482
2025-01-02,3.4093382099542535,2.611045744476238,4.1586604617347165,46310280482
2025-01-03,3.378795531410666,2.4966106034581523,4.227696287274004,46310280482
2025-01-04,3.3482528528670787,2.5052024925263248,4.251599828703771,46310280482
2025-01-05,3.317710174323491,2.510029685207713,4.259109420815166,46310280482
2025-01-06,3.2871674957799035,2.4841448098341234,4.188457285195747,46310280482
2025-01-07,3.256624817236316,2.343371602480924,4.059675331901367,46310280482
2025-01-08,3.2260821386927288,2.3434840310746807,4.115880268855251,46310280482
2025-01-09,3.195539460149141,2.402152101658242,4.093763364826681,46310280482
2025-01-10,3.1649967816055535,2.4032064590002555,4.093137567395598,46310280482
2025-01-11,3.134454103061966,2.2142164852492425,3.949865648907983,46310280482
2025-01-12,3.1039114245183788,2.2765299220901243,3.9749896088826464,46310280482
2025-01-13,3.073368745974791,2.2034248990960315,3.9196549967524734,46310280482
2025-01-14,3.0428260674312035,2.168086983839735,3.8689178014801433,46310280482
2025-01-15,3.012283388887616,2.1713270427006006,3.8401023854514604,46310280482
2025-01-16,2.9817407103440283,2.0796362059647024,3.8126129184614594,46310280482
2025-01-17,2.951198031800441,1.9985237698200822,3.689868926170786,46310280482
2025-01-18,2.9206553532568535,2.089741586766144,3.737768604145747,46310280482
2025-01-19,2.890112674713266,2.0536613431672235,3.7536303751755655,46310280482
2025-01-20,2.8595699961696788,1.966556741516492,3.7570020920977143,46310280482
2025-01-21,2.829027317626091,2.016443941909911,3.729334348529808,46310280482
2025-01-22,2.7984846390825036,1.9282713556237154,3.688228751440525,46310280482
2025-01-23,2.7679419605389164,1.8625318520023024,3.5438168515288755,46310280482
2025-01-24,2.7373992819953283,1.8717293065093212,3.5620440966423477,46310280482
2025-01-25,2.706856603451741,1.8056475634840674,3.545540568220233,46310280482
2025-01-26,2.6763139249081536,1.8249479835875753,3.5258532905434796,46310280482
2025-01-27,2.645771246364566,1.8221984932186879,3.4901927114800175,46310280482
2024-12-24,7.141182638575681,5.709120792343054,8.63061777740142,46310291987
2024-12-25,7.282493971835659,5.760089047227984,8.844164235440793,46310291987
2024-12-26,7.423805305095636,5.961649166993153,9.07614281749348,46310291987
2024-12-27,7.565116638355613,6.048506767990649,9.171993588140888,46310291987
2024-12-28,7.706427971615591,6.159353364543536,9.329585146287902,46310291987
2024-12-29,7.847739304875568,6.242168668407285,9.350614454001837,46310291987
2024-12-30,7.989050638135545,6.426836718930166,9.534706198071824,46310291987
2024-12-31,8.130361971395523,6.586890941938669,9.627003254648129,46310291987
2025-01-01,8.2716733046555,6.772574493580803,9.8551902708895,46310291987
2025-01-02,8.412984637915478,6.7776819450272585,9.990424325692818,46310291987
2025-01-03,8.554295971175456,7.010720443467313,10.0994815676449,46310291987
2025-01-04,8.695607304435434,7.111415952664277,10.22387410282998,46310291987
2025-01-05,8.836918637695412,7.30476193991364,10.406482059128395,46310291987
2025-01-06,8.97822997095539,7.443665543308677,10.569026527771229,46310291987
2025-01-07,9.119541304215364,7.403742612093243,10.566117138685312,46310291987
2025-01-08,9.260852637475342,7.677541830738363,10.86340719909932,46310291987
2025-01-09,9.402163970735321,7.836814637725454,10.990365548819145,46310291987
2025-01-10,9.543475303995299,8.001518588223798,10.998358587640901,46310291987
2025-01-11,9.684786637255275,8.265196806115744,11.152217696290734,46310291987
2025-01-12,9.826097970515253,8.212459635872454,11.34713614167776,46310291987
2025-01-13,9.96740930377523,8.447580389605054,11.51752909211118,46310291987
2025-01-14,10.108720637035209,8.64161908968783,11.610612373239,46310291987
2025-01-15,10.250031970295186,8.69630220499809,11.763913117035282,46310291987
2025-01-16,10.39134330355516,8.85808609522042,12.014846832962565,46310291987
2025-01-17,10.532654636815142,8.977372567201966,12.083732655877133,46310291987
2025-01-18,10.67396597007512,9.118409722811029,12.241997069050262,46310291987
2025-01-19,10.815277303335094,9.33925144815411,12.38794788716425,46310291987
2025-01-20,10.956588636595074,9.520704431464818,12.54149999175162,46310291987
2025-02-11,4.472157862741054,3.1825366807677664,5.765903027169038,46310334441
2025-02-12,4.5806841485110645,3.3179808221846985,5.803557080942875,46310334441
2025-02-13,4.689210434281078,3.430879042304546,5.936815939606195,46310334441
2025-02-14,4.797736720051089,3.5709807848676176,6.0264953479822685,46310334441
2025-02-15,4.906263005821102,3.642242961117778,6.205629736741207,46310334441
2025-02-16,5.0147892915911125,3.837198397084036,6.306824514551581,46310334441
2025-02-17,5.123315577361126,3.9016961538415478,6.36727547161305,46310334441
2025-02-18,5.231841863131137,3.9830949493647076,6.379025648702492,46310334441
2025-02-19,5.34036814890115,4.091686413459282,6.595859898169885,46310334441
2025-02-20,5.4488944346711605,4.161557673699383,6.75184041941126,46310334441
2025-02-21,5.557420720441174,4.21712014237479,6.887023803806165,46310334441
2025-02-22,5.665947006211185,4.439206228602415,6.958260961142274,46310334441
2025-02-23,5.774473291981197,4.560412758188602,7.073367997680252,46310334441
2025-02-24,5.8829995777512085,4.598659112718143,7.215407618752221,46310334441
2025-02-25,5.99152586352122,4.6994434626866175,7.27389839807071,46310334441
2025-02-26,6.100052149291233,4.791889622364855,7.370824222519227,46310334441
2025-02-27,6.208578435061245,4.857781366148361,7.415487088524579,46310334441
2025-02-28,6.3171047208312565,5.014995332296925,7.483780381922914,46310334441
2025-03-01,6.425631006601268,5.165006871044519,7.662242718236509,46310334441
2025-03-02,6.534157292371281,5.323530394353129,7.830002342581761,46310334441
2025-03-03,6.642683578141293,5.277899049962927,7.910951827600206,46310334441
2025-03-04,6.7512098639113045,5.545625768756411,8.112499033457166,46310334441
2025-03-05,6.859736149681316,5.608059020687005,8.098655998316241,46310334441
2025-03-06,6.968262435451328,5.727855018408235,8.278549162208884,46310334441
2025-03-07,7.076788721221341,5.897028146964209,8.345693975409027,46310334441
2025-03-08,7.1853150069913525,5.954113023127058,8.487910422061757,46310334441
2025-03-09,7.293841292761364,5.953043306096822,8.639899724928481,46310334441
2025-03-10,7.402367578531376,6.1319581824791705,8.638550630918594,46310334441
2025-03-04,1.0196203986106376,-0.5947130662087569,2.770322117507569,4636511797
2025-03-05,1.1959823024630332,-0.518292740596073,2.8427649160976887,4636511797
2025-03-06,1.3723442063154323,-0.4382969733761323,3.0315661341694753,4636511797
2025-03-07,1.5487061101678279,-0.19767027026869521,3.23869432495984,4636511797
2025-03-08,1.7250680140202235,-0.12013621336660792,3.2902127689454006,4636511797
2025-03-09,1.901429917872619,0.22270875071473173,3.492608503240184,4636511797
2025-03-10,2.0777918217250164,0.3008546524847203,3.775422875588345,4636511797
2025-03-11,2.254153725577414,0.5399613049051903,3.9254825417701102,4636511797
2025-03-12,2.4305156294298094,0.7258614188142453,4.222807313504469,4636511797
2025-03-13,2.6068775332822085,0.8597872172672908,4.330947270609057,4636511797
2025-03-14,2.783239437134604,0.9914285949121294,4.545132945964635,4636511797
2025-03-15,2.9596013409869997,1.1260713298595288,4.727152249527627,4636511797
2025-03-16,3.1359632448393953,1.3940157092380776,4.910739626258293,4636511797
2025-03-17,3.3123251486917944,1.605841809551457,5.047487577155509,4636511797
2025-03-18,3.48868705254419,1.81690885039385,5.226140852113321,4636511797
2025-03-19,3.6650489563965856,1.9218643038981973,5.27339268989462,4636511797
2025-03-20,3.841410860248981,2.229325724931976,5.587568795238513,4636511797
2025-03-21,4.017772764101377,2.2951579479470063,5.782387729674942,4636511797
2025-03-22,4.194134667953776,2.362270241153728,5.972698641227226,4636511797
2025-03-23,4.3704965718061715,2.6278299037593578,6.103784549384538,4636511797
2025-03-24,4.546858475658567,2.8080453478921323,6.333782253005037,4636511797
2025-03-25,4.723220379510963,3.019270950310352,6.348585954928552,4636511797
2025-03-26,4.899582283363362,3.283744574549252,6.720919583814066,4636511797
2025-03-27,5.075944187215761,3.461682676079574,6.823734237853537,4636511797
2025-03-28,5.2523060910681565,3.483472502449097,7.031928373721056,4636511797
2025-03-29,5.428667994920552,3.75302793225651,7.070792618996375,4636511797
2025-03-30,5.605029898772948,3.8354495253551217,7.295981061650675,4636511797
2025-03-31,5.781391802625343,4.147955439687418,7.518375685482504,4636511797
2025-03-04,3.722807768805106,2.797658484109074,4.693037771041668,46365131910
2025-03-05,3.8665997687919766,2.9330030424092746,4.790084037523078,46365131910
2025-03-06,4.010391768778851,3.068962783277952,4.948907383900581,46365131910
2025-03-07,4.154183768765723,3.181948981922483,5.031952798387295,46365131910
2025-03-08,4.297975768752595,3.349097136040056,5.206539419777333,46365131910
2025-03-09,4.441767768739467,3.57193441841209,5.36025684337071,46365131910
2025-03-10,4.585559768726341,3.6902581016947047,5.513783233655627,46365131910
2025-03-11,4.729351768713213,3.8403818873874536,5.661989283491464,46365131910
2025-03-12,4.873143768700086,3.9537275876464455,5.76760563371748,46365131910
2025-03-13,5.016935768686958,4.127222690274593,5.954091655376181,46365131910
2025-03-14,5.160727768673832,4.230868202449292,6.084570572069886,46365131910
2025-03-15,5.304519768660704,4.306707296492062,6.1752357718936,46365131910
2025-03-16,5.448311768647576,4.521273548015667,6.380906334837978,46365131910
2025-03-17,5.592103768634448,4.633014888327013,6.5627514345939275,46365131910
2025-03-18,5.735895768621319,4.809294221300477,6.63603940984388,46365131910
2025-03-19,5.8796877686081945,4.9098005871106665,6.823481416245355,46365131910
2025-03-20,6.023479768595067,5.1047939582353825,6.962972710517199,46365131910
2025-03-21,6.167271768581937,5.256820255215005,7.1287935146649115,46365131910
2025-03-22,6.311063768568809,5.348893139425571,7.239582042331295,46365131910
2025-03-23,6.454855768555685,5.540989893699415,7.294888125122421,46365131910
2025-03-24,6.5986477685425555,5.720413930643955,7.471243091109549,46365131910
2025-03-25,6.742439768529428,5.782875198198672,7.718771965803157,46365131910
2025-03-26,6.8862317685163,6.029134966631303,7.754056872255158,46365131910
2025-03-27,7.030023768503172,6.0827568752716585,7.959559934484291,46365131910
2025-03-28,7.173815768490046,6.2934753309408284,8.04460478904753,46365131910
2025-03-29,7.317607768476918,6.387068530415854,8.265297179793125,46365131910
2025-03-30,7.4613997684637905,6.577308248648855,8.345287941930325,46365131910
2025-03-31,7.6051917684506645,6.652301925839227,8.460276973761186,46365131910
2025-02-25,1.0,0.999999998837877,1.0000000014104191,46381587960
2025-02-26,1.0,0.999999998706714,1.000000001244713,46381587960
2025-02-27,1.0,0.9999999987134797,1.0000000012166739,46381587960
2025-02-28,1.0,0.9999999987386831,1.0000000013235413,46381587960
2025-03-01,1.0,0.9999999987499186,1.0000000012213417,46381587960
2025-03-02,1.0,0.9999999987688734,1.0000000013393493,46381587960
2025-03-03,1.0,0.9999999988128415,1.0000000013141055,46381587960
2025-03-04,1.0,0.9999999986374767,1.000000001245696,46381587960
2025-03-05,1.0,0.9999999985926341,1.0000000013796055,46381587960
2025-03-06,1.0,0.9999999986213938,1.0000000012610881,46381587960
2025-03-07,1.0,0.9999999986023814,1.000000001280917,46381587960
2025-03-08,1.0,0.9999999986885955,1.0000000013727466,46381587960
2025-03-09,1.0,0.9999999985650132,1.0000000013563255,46381587960
2025-03-10,1.0,0.99999999860295,1.0000000013315857,46381587960
2025-03-11,1.0,0.9999999984654199,1.0000000013180432,46381587960
2025-03-12,1.0,0.9999999986893983,1.0000000014304447,46381587960
2025-03-13,1.0,0.999999998622038,1.0000000014628059,46381587960
2025-03-14,1.0,0.9999999986076913,1.0000000014983859,46381587960
2025-03-15,1.0,0.9999999986260902,1.0000000014857902,46381587960
2025-03-16,1.0,0.9999999985120747,1.0000000015148205,46381587960
2025-03-17,1.0,0.9999999986658178,1.0000000015235,46381587960
2025-03-18,1.0,0.9999999985416795,1.0000000013807413,46381587960
2025-03-19,1.0,0.9999999983738385,1.0000000015564028,46381587960
2025-03-20,1.0,0.9999999983524733,1.0000000015358212,46381587960
2025-03-21,1.0,0.9999999984208603,1.0000000016111532,46381587960
2025-03-22,1.0,0.9999999983949083,1.00000000155807,46381587960
2025-03-23,1.0,0.9999999982654806,1.000000001641847,46381587960
2025-03-24,1.0,0.9999999984635437,1.0000000015924853,46381587960
2025-02-11,1.53075944979735,0.17433891835948812,2.8629033736177143,44400044666
2025-02-12,1.5376061232807385,0.1537891352244933,3.0050293269941766,44400044666
2025-02-13,1.5444527967641268,-0.002360808436534521,2.942849362213535,44400044666
2025-02-14,1.5512994702475154,0.22693605711367665,2.9780633924360242,44400044666
2025-02-15,1.5581461437309039,0.168997542359813,2.978139257752896,44400044666
2025-02-16,1.5649928172142924,0.18637723228790615,2.975985032413083,44400044666
2025-02-17,1.5718394906976807,0.08453918639353489,2.998978732526364,44400044666
2025-02-18,1.5786861641810692,0.1197769276779592,2.9849756847979076,44400044666
2025-02-19,1.5855328376644577,0.3038145202514503,2.984906899776359,44400044666
2025-02-20,1.592379511147846,0.25023139046619236,2.9280142801136924,44400044666
2025-02-21,1.5992261846312343,0.16989214032140307,2.9682861079902,44400044666
2025-02-22,1.6060728581146229,0.215725049525754,3.0325418508092126,44400044666
2025-02-23,1.6129195315980116,0.35284940554791455,3.0232441655995195,44400044666
2025-02-24,1.6197662050813997,0.15906133212697787,3.00049497995174,44400044666
2025-02-25,1.6266128785647884,0.20294619130775612,2.9774743942055184,44400044666
2025-02-26,1.633459552048177,0.25308533520324583,2.984922543465987,44400044666
2025-02-27,1.6403062255315652,0.2530675676799938,3.0686626485995148,44400044666
2025-02-28,1.6471528990149535,0.3169044667863025,3.133824990372219,44400044666
2025-03-01,1.653999572498342,0.29227016183292276,2.9925540358794502,44400044666
2025-03-02,1.6608462459817306,0.2830987998492958,3.1101597192160853,44400044666
2025-03-03,1.6676929194651189,0.22410264106669428,2.9599944042464807,44400044666
2025-03-04,1.6745395929485076,0.25270274980708884,3.0749020437006127,44400044666
2025-03-05,1.6813862664318957,0.31390630626823507,3.061730045317809,44400044666
2025-03-06,1.6882329399152844,0.28837252284810005,3.0901277213747838,44400044666
2025-03-07,1.6950796133986727,0.2241334824341209,3.07758519029242,44400044666
2025-03-08,1.7019262868820613,0.232356492723283,3.0860277991491785,44400044666
2025-03-09,1.7087729603654498,0.3721817947546004,3.021544058340256,44400044666
2025-03-10,1.715619633848838,0.29752974825334594,3.142290007611305,44400044666
2025-02-11,6.685842542028148,4.955124766575675,8.512107186123721,44400044979
2025-02-12,7.211804991079582,5.479142435802837,9.064272132502621,44400044979
2025-02-13,7.737767440131009,5.850062863909001,9.550436266680837,44400044979
2025-02-14,8.263729889182443,6.398727405884047,10.078173554641754,44400044979
2025-02-15,8.78969233823387,6.927075441387318,10.600305602624704,44400044979
2025-02-16,9.315654787285304,7.396991528594474,11.19260038722854,44400044979
2025-02-17,9.841617236336731,7.965398510228899,11.70869881182163,44400044979
2025-02-18,10.367579685388165,8.540021257363508,12.050114094992832,44400044979
2025-02-19,10.893542134439592,9.116994050383143,12.79343295608035,44400044979
2025-02-20,11.419504583491019,9.774729302531329,13.28348461166715,44400044979
2025-02-21,11.945467032542453,10.239271666223106,13.857027777628337,44400044979
2025-02-22,12.47142948159388,10.725180262630992,14.440888583108423,44400044979
2025-02-23,12.997391930645314,11.196596954874883,14.761566249937385,44400044979
2025-02-24,13.523354379696741,11.596056650958193,15.461974167951341,44400044979
2025-02-25,14.049316828748175,12.273381406147497,15.976642236270104,44400044979
2025-02-26,14.575279277799602,12.731644735483242,16.297376221442278,44400044979
2025-02-27,15.101241726851043,13.145615812894393,17.02068944773544,44400044979
2025-02-28,15.627204175902463,13.75380112522241,17.549560872799916,44400044979
2025-03-01,16.153166624953904,14.264509449298188,18.01031345374814,44400044979
2025-03-02,16.679129074005324,14.790914410716605,18.42717773711424,44400044979
2025-03-03,17.20509152305675,15.313368362578318,18.935734045448864,44400044979
2025-03-04,17.731053972108192,15.888389091782852,19.529939563755022,44400044979
2025-03-05,18.257016421159612,16.28885292531363,20.030653833995995,44400044979
2025-03-06,18.782978870211053,16.75192271628847,20.650238606208937,44400044979
2025-03-07,19.308941319262473,17.55733860098268,21.18434744590123,44400044979
2025-03-08,19.834903768313907,17.973364395206424,21.666686139496278,44400044979
2025-03-09,20.36086621736534,18.514029593598778,22.151933282288798,44400044979
2025-03-10,20.886828666416775,19.013124827916013,22.68789879587175,44400044979
2025-02-25,8.288224134633811,8.288224133438256,8.288224135764455,44400045247
2025-02-26,8.576623847194181,8.576623845908395,8.576623848410119,44400045247
2025-02-27,8.865023559754558,8.865023558405852,8.865023561020354,44400045247
2025-02-28,9.153423272314935,9.153423270907231,9.153423273642263,44400045247
2025-03-01,9.441822984875305,9.441822983334909,9.441822986382213,44400045247
2025-03-02,9.730222697435682,9.730222695639622,9.730222699092119,44400045247
2025-03-03,10.018622409996055,10.018622407724157,10.018622411785287,44400045247
2025-03-04,10.307022122556429,10.306880661611373,10.30702212454221,44400045247
2025-03-05,10.595421835116802,10.594901039393186,10.595422639327895,44400045247
2025-03-06,10.883821547677172,10.883056349496698,10.884157360476742,44400045247
2025-03-07,11.172221260237553,11.170897604107013,11.172789183740242,44400045247
2025-03-08,11.460620972797926,11.458655996025087,11.461499059274743,44400045247
2025-03-09,11.749020685358296,11.746613463343044,11.750316777742544,44400045247
2025-03-10,12.037420397918677,12.034375583840028,12.039204254616084,44400045247
2025-03-11,12.325820110479047,12.322087119671425,12.328231508630966,44400045247
2025-03-12,12.614219823039416,12.609664848965773,12.61701554432927,44400045247
2025-03-13,12.902619535599786,12.897351093529362,12.906182333968927,44400045247
2025-03-14,13.191019248160167,13.185121065594355,13.195138877098607,44400045247
2025-03-15,13.479418960720547,13.472889652334791,13.484301568197024,44400045247
2025-03-16,13.767818673280917,13.76085539729979,13.773288987155667,44400045247
2025-03-17,14.056218385841287,14.048144117498074,14.062459440833857,44400045247
2025-03-18,14.344618098401664,14.335157839544044,14.351375983477377,44400045247
2025-03-19,14.633017810962038,14.622716587894516,14.640489843874843,44400045247
2025-03-20,14.921417523522408,14.910585269241269,14.92947908585986,44400045247
2025-03-21,15.209817236082788,15.198139216780879,15.218404227330105,44400045247
2025-03-22,15.498216948643158,15.485384663519927,15.507827802214905,44400045247
2025-03-23,15.786616661203535,15.773039905941925,15.796756776565287,44400045247
2025-03-24,16.075016373763898,16.060481235123017,16.085758132208998,44400045247
2025-01-14,1.0,0.9999999987052041,1.0000000013118204,44400045545
2025-01-15,1.0,0.9999999987125655,1.0000000012742296,44400045545
2025-01-16,1.0,0.9999999986767973,1.00000000122623,44400045545
2025-01-17,1.0,0.9999999988139386,1.000000001230038,44400045545
2025-01-18,1.0,0.9999999987996283,1.0000000012525987,44400045545
2025-01-19,1.0,0.9999999986620834,1.000000001315833,44400045545
2025-01-20,1.0,0.9999999987342475,1.0000000012445296,44400045545
2025-01-21,1.0,0.9999999986359522,1.0000000013991717,44400045545
2025-01-22,1.0,0.9999999986369085,1.0000000013630586,44400045545
2025-01-23,1.0,0.9999999986331645,1.0000000013385353,44400045545
2025-01-24,1.0,0.999999998588214,1.0000000013123045,44400045545
2025-01-25,1.0,0.9999999986172956,1.0000000012888122,44400045545
2025-01-26,1.0,0.9999999985626876,1.0000000013569335,44400045545
2025-01-27,1.0,0.9999999984707889,1.0000000013609878,44400045545
2025-01-28,1.0,0.999999998537742,1.0000000015126647,44400045545
2025-01-29,1.0,0.9999999985641629,1.000000001517703,44400045545
2025-01-30,1.0,0.9999999985119526,1.000000001555847,44400045545
2025-01-31,1.0,0.9999999984050257,1.0000000014955135,44400045545
2025-02-01,1.0,0.9999999983611633,1.000000001589533,44400045545
2025-02-02,1.0,0.9999999984117043,1.000000001580433,44400045545
2025-02-03,1.0,0.9999999983409066,1.0000000017106132,44400045545
2025-02-04,1.0,0.9999999981163114,1.0000000016434163,44400045545
2025-02-05,1.0,0.9999999982148686,1.0000000017874469,44400045545
2025-02-06,1.0,0.9999999981857433,1.0000000015899893,44400045545
2025-02-07,1.0,0.9999999980863777,1.0000000017313122,44400045545
2025-02-08,1.0,0.9999999981643788,1.0000000018218256,44400045545
2025-02-09,1.0,0.9999999978982106,1.0000000019427346,44400045545
2025-02-10,1.0,0.9999999977725765,1.0000000020365303,44400045545
2025-02-11,2.0,1.999999997137925,2.0000000023969293,46694935963
2025-02-12,2.0,1.9999999973638258,2.0000000027018943,46694935963
2025-02-13,2.0,1.9999999971900586,2.0000000028405474,46694935963
2025-02-14,2.0,1.999999996929805,2.000000002896957,46694935963
2025-02-15,2.0,1.9999999966561797,2.000000003458272,46694935963
2025-02-16,2.0,1.999999996613421,2.000000004036216,46694935963
2025-02-17,2.0,1.9999999959549135,2.000000004506762,46694935963
2025-02-18,2.0,1.9999999946182445,2.00000000529933,46694935963
2025-02-19,2.0,1.999999993432078,2.000000006067641,46694935963
2025-02-20,2.0,1.9999999916265796,2.0000000073462663,46694935963
2025-02-21,2.0,1.9999999904506276,2.000000008432644,46694935963
2025-02-22,2.0,1.999999988356222,2.000000010277168,46694935963
2025-02-23,2.0,1.999999986520567,2.000000012394922,46694935963
2025-02-24,2.0,1.9999999847686303,2.0000000134409377,46694935963
2025-02-25,2.0,1.9999999826224542,2.000000015448839,46694935963
2025-02-26,2.0,1.999999981184551,2.000000017068407,46694935963
2025-02-27,2.0,1.9999999790318688,2.0000000191179805,46694935963
2025-02-28,2.0,1.9999999769677885,2.0000000207544377,46694935963
2025-03-01,2.0,1.9999999748216988,2.0000000231388304,46694935963
2025-03-02,2.0,1.9999999722376982,2.0000000253263446,46694935963
2025-03-03,2.0,1.9999999702616311,2.0000000268965126,46694935963
2025-03-04,2.0,1.9999999666860087,2.000000029048145,46694935963
2025-03-05,2.0,1.9999999652575242,2.0000000324736056,46694935963
2025-03-06,2.0,1.9999999627236635,2.0000000339466766,46694935963
2025-03-07,2.0,1.9999999606219259,2.0000000362370063,46694935963
2025-03-08,2.0,1.9999999587493862,2.000000038892067,46694935963
2025-03-09,2.0,1.9999999553356493,2.000000039899518,46694935963
2025-03-10,2.0,1.9999999527996402,2.000000042150075,46694935963
2025-03-04,1.9191665110996246,1.4172440107689008,2.4357919158252783,44754799164
2025-03-05,1.8730512049864751,1.3437781807187972,2.413115703944895,44754799164
2025-03-06,1.8269358988733257,1.2869254798700032,2.3198691100742783,44754799164
2025-03-07,1.7808205927601746,1.2818876129802121,2.2487149588855067,44754799164
2025-03-08,1.7347052866470243,1.219157251417652,2.2753904926045205,44754799164
2025-03-09,1.688589980533874,1.1823864511798758,2.262400461620171,44754799164
2025-03-10,1.6424746744207246,1.1301614338048735,2.1489075160972333,44754799164
2025-03-11,1.5963593683075752,1.0683241668601873,2.1035258683514115,44754799164
2025-03-12,1.550244062194425,1.0319024846804643,2.0772452318683237,44754799164
2025-03-13,1.5041287560812746,1.0113865084588105,2.0034424089623304,44754799164
2025-03-14,1.4580134499681234,0.9319828826146316,1.9681397822845172,44754799164
2025-03-15,1.411898143854974,0.9045306033440376,1.9247660592045088,44754799164
2025-03-16,1.3657828377418246,0.8225300906407494,1.8910073461393462,44754799164
2025-03-17,1.3196675316286743,0.8038845375862992,1.8197997469905778,44754799164
2025-03-18,1.2735522255155258,0.7650595782330314,1.792919892506647,44754799164
2025-03-19,1.2274369194023764,0.7154786648974892,1.7314604159614382,44754799164
2025-03-20,1.1813216132892261,0.637484155141349,1.6903214124607395,44754799164
2025-03-21,1.135206307176075,0.6594394583245728,1.6552807552608677,44754799164
2025-03-22,1.0890910010629247,0.5631862172889752,1.609595548647295,44754799164
2025-03-23,1.0429756949497753,0.5597501404206326,1.528797017281165,44754799164
2025-03-24,0.9968603888366259,0.4764251049804389,1.5353432666230833,44754799164
2025-03-25,0.9507450827234756,0.42245864277561007,1.446053450068456,44754799164
2025-03-26,0.9046297766103253,0.39401834299421923,1.4253980012962448,44754799164
2025-03-27,0.8585144704971759,0.33373370414949244,1.368148543741703,44754799164
2025-03-28,0.8123991643840247,0.2661134118668364,1.3430062368266733,44754799164
2025-03-29,0.7662838582708753,0.24865280675685772,1.3011428034845633,44754799164
2025-03-30,0.720168552157725,0.20677504851377573,1.2175215533844665,44754799164
2025-03-31,0.6740532460445747,0.17299396034240494,1.2093866871036625,44754799164
2025-02-25,2.0446690682794935,1.7555997640324825,2.3100067930343724,44754802163
2025-02-26,2.0812511735482606,1.8092575269513351,2.346906618573203,44754802163
2025-02-27,2.1178332788170278,1.857387961238813,2.389930115005004,44754802163
2025-02-28,2.154415384085795,1.8863766760124614,2.4243470351320298,44754802163
2025-03-01,2.190997489354563,1.921593366749497,2.4413992289496247,44754802163
2025-03-02,2.22757959462333,1.9724060475629412,2.50199224822422,44754802163
2025-03-03,2.2641616998920973,1.976479568010244,2.5329294838684677,44754802163
2025-03-04,2.3007438051608644,2.0227870184208046,2.5907140153197528,44754802163
2025-03-05,2.3373259104296324,2.0736656600730456,2.6169882699018108,44754802163
2025-03-06,2.3739080156983996,2.1195607865367876,2.6319143468073753,44754802163
2025-03-07,2.4104901209671667,2.1467968274268863,2.6776574396941015,44754802163
2025-03-08,2.447072226235934,2.1782595174245216,2.711643632828644,44754802163
2025-03-09,2.483654331504702,2.2095964803271633,2.7510733572553026,44754802163
2025-03-10,2.520236436773469,2.2571942258429507,2.791856703245805,44754802163
2025-03-11,2.5568185420422362,2.286044841142565,2.837827359442407,44754802163
2025-03-12,2.5934006473110034,2.325954872310016,2.8706301239931307,44754802163
2025-03-13,2.6299827525797714,2.362087464211281,2.923694651382253,44754802163
2025-03-14,2.6665648578485395,2.3721167113180055,2.9337349154968435,44754802163
2025-03-15,2.7031469631173057,2.4291640061646005,2.983178740892096,44754802163
2025-03-16,2.7397290683860738,2.464360069668757,2.9920502252487897,44754802163
2025-03-17,2.776311173654841,2.5180583524851627,3.0346286123544446,44754802163
2025-03-18,2.812893278923609,2.5622106807672944,3.0942022446318944,44754802163
2025-03-19,2.8494753841923752,2.589374644732137,3.1084876779454564,44754802163
2025-03-20,2.8860574894611433,2.623744175182614,3.148859666723769,44754802163
2025-03-21,2.9226395947299104,2.6676358852894086,3.1873193110442632,44754802163
2025-03-22,2.9592216999986785,2.7009925823430767,3.2190097383486793,44754802163
2025-03-23,2.9958038052674447,2.7246786919510955,3.2475877493408802,44754802163
2025-03-24,3.0323859105362128,2.760299899526551,3.318758274536697,44754802163
2025-03-04,2.8428242656517053,1.642838448203312,4.017037854833868,44754809351
2025-03-05,2.8259328071074377,1.6161771640188956,4.0114706714994535,44754809351
2025-03-06,2.809041348563171,1.6140350554108824,4.055904345189439,44754809351
2025-03-07,2.7921498900189032,1.621889489931677,3.995426020218482,44754809351
2025-03-08,2.7752584314746356,1.6399992432048511,4.011397682048161,44754809351
2025-03-09,2.7583669729303684,1.5352916294558117,3.9357810982657657,44754809351
2025-03-10,2.741475514386101,1.465318788464287,3.965106104371539,44754809351
2025-03-11,2.7245840558418335,1.4476024947612185,3.964464295211443,44754809351
2025-03-12,2.707692597297566,1.4398538987587752,3.871445066756716,44754809351
2025-03-13,2.6908011387532986,1.4581023408496638,4.049455672983597,44754809351
2025-03-14,2.6739096802090314,1.4762393857642933,3.8902692313634346,44754809351
2025-03-15,2.6570182216647638,1.3903219619308267,3.9000012806552915,44754809351
2025-03-16,2.640126763120496,1.3767116249381885,3.8480329824897592,44754809351
2025-03-17,2.623235304576229,1.4209972210436521,3.905778555917288,44754809351
2025-03-18,2.6063438460319617,1.424015172669027,3.8382481789049274,44754809351
2025-03-19,2.589452387487694,1.3807742235806577,3.8491319247583666,44754809351
2025-03-20,2.572560928943427,1.415254376614055,3.8285757288669395,44754809351
2025-03-21,2.555669470399159,1.3255762636927375,3.7144264406090497,44754809351
2025-03-22,2.538778011854892,1.2703423267989062,3.760516212434023,44754809351
2025-03-23,2.5218865533106243,1.3157961898915553,3.7649080061776115,44754809351
2025-03-24,2.504995094766357,1.2064849583129107,3.7097246038081195,44754809351
2025-03-25,2.4881036362220894,1.3270352053380674,3.641279897526769,44754809351
2025-03-26,2.471212177677822,1.2793187115858542,3.5992144903266206,44754809351
2025-03-27,2.454320719133555,1.2848686714573991,3.6551205778645053,44754809351
2025-03-28,2.4374292605892873,1.1620501087635302,3.75637287778081,44754809351
2025-03-29,2.4205378020450197,1.291797588395705,3.5885636949485864,44754809351
2025-03-30,2.4036463435007525,1.1424856527940952,3.627030569454529,44754809351
2025-03-31,2.3867548849564852,1.1310152334055366,3.6225101342666335,44754809351
2025-03-04,3.231073399996066,1.598825436472238,4.775140065822223,44754812989
2025-03-05,3.2015329999975792,1.5800673172168975,4.798063885804049,44754812989
2025-03-06,3.171992599999091,1.631049268574825,4.921599889820652,44754812989
2025-03-07,3.1424522000006028,1.533620297995658,4.714076461651036,44754812989
2025-03-08,3.112911800002116,1.4424918106174267,4.623938163112813,44754812989
2025-03-09,3.0833714000036276,1.5085426766485093,4.662258036728422,44754812989
2025-03-10,3.0538310000051396,1.4256883869396808,4.6722586151641785,44754812989
2025-03-11,3.024290600006651,1.4236779637840153,4.639648111695211,44754812989
2025-03-12,2.9947502000081645,1.4149572803547468,4.599240364882564,44754812989
2025-03-13,2.9652098000096765,1.4052896571715026,4.623036282800242,44754812989
2025-03-14,2.935669400011188,1.384794220339575,4.553788159903703,44754812989
2025-03-15,2.9061290000127014,1.3507482880518273,4.4644382977510935,44754812989
2025-03-16,2.8765886000142133,1.1442577535482135,4.610887939892395,44754812989
2025-03-17,2.847048200015725,1.3364937117083433,4.54924488294731,44754812989
2025-03-18,2.817507800017238,1.0841253274475315,4.481597059015254,44754812989
2025-03-19,2.78796740001875,1.1857002206551348,4.342755385690537,44754812989
2025-03-20,2.7584270000202618,1.2094074062804663,4.401097952422655,44754812989
2025-03-21,2.728886600021775,1.0132275151799128,4.377344577249977,44754812989
2025-03-22,2.699346200023287,1.1058217115621163,4.291631430212587,44754812989
2025-03-23,2.6698058000247986,1.0187408414386163,4.35011176953867,44754812989
2025-03-24,2.6402654000263106,1.0891934537169263,4.319398467563917,44754812989
2025-03-25,2.610725000027824,0.8892357824266843,4.179735280745029,44754812989
2025-03-26,2.5811846000293355,0.9296278451365213,4.172304535686447,44754812989
2025-03-27,2.5516442000308475,0.8268755228205639,4.147855010139634,44754812989
2025-03-28,2.522103800032361,0.9035875778406612,4.085601197336312,44754812989
2025-03-29,2.4925634000338723,0.7933685497384759,3.9930891355388747,44754812989
2025-03-30,2.4630230000353843,0.7503738392120036,3.964328877425982,44754812989
2025-03-31,2.4334826000368976,0.919296004680539,4.059065954480019,44754812989
2025-03-04,2.5739142004419513,1.2970402246398773,3.9492702360903085,4475481627
2025-03-05,2.6339853044378874,1.3239831484739968,3.9356969026454798,4475481627
2025-03-06,2.6940564084338234,1.4175591892948145,4.040932434367533,4475481627
2025-03-07,2.7541275124297613,1.5066019987549566,4.073185208407104,4475481627
2025-03-08,2.8141986164256974,1.5159540595412253,4.073597002844469,4475481627
2025-03-09,2.8742697204216316,1.5585409121233882,4.188160783112468,4475481627
2025-03-10,2.9343408244175695,1.5638816279483996,4.161661829367342,4475481627
2025-03-11,2.9944119284135073,1.6201622801312894,4.302540258087455,4475481627
2025-03-12,3.0544830324094434,1.7404964606717568,4.3378558501924696,4475481627
2025-03-13,3.1145541364053777,1.7410631077323524,4.402650523991926,4475481627
2025-03-14,3.1746252404013156,1.8246902019373121,4.565320946862062,4475481627
2025-03-15,3.2346963443972534,1.9631719990779346,4.572458192105336,4475481627
2025-03-16,3.2947674483931877,1.924340674867492,4.585717625207346,4475481627
2025-03-17,3.3548385523891238,2.0737685339396084,4.64180232320492,4475481627
2025-03-18,3.4149096563850616,2.075458652330826,4.743596683231811,4475481627
2025-03-19,3.4749807603809977,2.031089710376632,4.8105393767041855,4475481627
2025-03-20,3.5350518643769355,2.1938530200536697,4.894262132417204,4475481627
2025-03-21,3.595122968372868,2.1678997034084433,5.042518956269828,4475481627
2025-03-22,3.655194072368806,2.2011127200840375,5.011171509838873,4475481627
2025-03-23,3.7152651763647437,2.383113058119597,5.0398520997022205,4475481627
2025-03-24,3.77533628036068,2.4341888018679643,5.096566115670298,4475481627
2025-03-25,3.835407384356616,2.582638154624394,5.0624006232593795,4475481627
2025-03-26,3.895478488352552,2.4288703691019102,5.195251128036865,4475481627
2025-03-27,3.95554959234849,2.534601407269292,5.241280883018677,4475481627
2025-03-28,4.015620696344428,2.709047069757564,5.327663815609566,4475481627
2025-03-29,4.075691800340362,2.6659968170048125,5.494362012988781,4475481627
2025-03-30,4.1357629043363,2.8255640403325724,5.563746246867515,4475481627
2025-03-31,4.195834008332234,2.8265545760807336,5.466912802454512,4475481627
2024-12-03,0.8314887420377117,0.8314887413696438,0.8314887427354877,44754818694
2024-12-04,0.823829123118395,0.823829122444888,0.8238291237731694,44754818694
2024-12-05,0.8161695041990784,0.816169503481211,0.8161695048629368,44754818694
2024-12-06,0.8085098852797616,0.8085098845486429,0.8085098859767985,44754818694
2024-12-07,0.8008502663604451,0.800850265603635,0.8008502670817055,44754818694
2024-12-08,0.7931906474411283,0.793190646711827,0.7931906481398614,44754818694
2024-12-09,0.7855310285218118,0.7855310277173491,0.7855310292824038,44754818694
2024-12-10,0.777871409602495,0.7778714087716369,0.7778714103269876,44754818694
2024-12-11,0.7702117906831785,0.7702117898623644,0.7702117914084299,44754818694
2024-12-12,0.7625521717638617,0.7625521709317022,0.7625521725996409,44754818694
2024-12-13,0.7548925528445452,0.7548925519237267,0.754892553666511,44754818694
2024-12-14,0.7472329339252284,0.7472329330063637,0.7472329347728704,44754818694
2024-12-15,0.7395733150059118,0.7395733139736487,0.7395733158784954,44754818694
2024-12-16,0.7319136960865951,0.7319136951423785,0.7319136970420425,44754818694
2024-12-17,0.7242540771672783,0.7242540761253388,0.7242540781640617,44754818694
2024-12-18,0.7165944582479618,0.7165944571602404,0.716594459298747,44754818694
2024-12-19,0.7089348393286452,0.7089348382661343,0.7089348403799219,44754818694
2024-12-20,0.7012752204093283,0.7012752193002685,0.7012752215346175,44754818694
2024-12-21,0.6936156014900117,0.6936156002640957,0.6936156027448623,44754818694
2024-12-22,0.6859559825706951,0.6859559811962002,0.6859559840271717,44754818694
2024-12-23,0.6782963636513784,0.6782963620982948,0.6782963655145271,44754818694
2024-12-24,0.6706367447320617,0.6706367427521426,0.6706367468372663,44754818694
2024-12-25,0.662977125812745,0.6629771233820027,0.6629771284965954,44754818694
2024-12-26,0.6553175068934284,0.6553175039940191,0.655317509817955,44754818694
2024-12-27,0.6476578879741117,0.6476578845863258,0.6476578910607756,44754818694
2024-12-28,0.6399982690547951,0.6399982655106031,0.6399982725123433,44754818694
2024-12-29,0.6323386501354784,0.6323386461055893,0.6323386539732545,44754818694
2024-12-30,0.6246790312161619,0.6246790268065053,0.6246790352162988,44754818694
2025-02-25,1.0,0.9999999987507446,1.0000000013505534,4475482043
2025-02-26,1.0,0.9999999987406996,1.0000000013123749,4475482043
2025-02-27,1.0,0.9999999987382794,1.000000001201904,4475482043
2025-02-28,1.0,0.9999999987655327,1.0000000014049975,4475482043
2025-03-01,1.0,0.9999999986824438,1.0000000013014025,4475482043
2025-03-02,1.0,0.9999999986575407,1.0000000013114547,4475482043
2025-03-03,1.0,0.9999999987558739,1.0000000013931658,4475482043
2025-03-04,1.0,0.9999999986509653,1.0000000013183643,4475482043
2025-03-05,1.0,0.9999999987211432,1.000000001358164,4475482043
2025-03-06,1.0,0.9999999986246573,1.0000000014988766,4475482043
2025-03-07,1.0,0.9999999986447208,1.000000001358252,4475482043
2025-03-08,1.0,0.9999999985637849,1.0000000014382433,4475482043
2025-03-09,1.0,0.9999999986600601,1.0000000014547274,4475482043
2025-03-10,1.0,0.9999999984688445,1.0000000014604975,4475482043
2025-03-11,1.0,0.9999999985234354,1.0000000014152417,4475482043
2025-03-12,1.0,0.9999999984766182,1.000000001463209,4475482043
2025-03-13,1.0,0.9999999984198537,1.0000000016696726,4475482043
2025-03-14,1.0,0.9999999985470754,1.0000000015436066,4475482043
2025-03-15,1.0,0.9999999983826808,1.0000000016797772,4475482043
2025-03-16,1.0,0.9999999984083447,1.0000000016999697,4475482043
2025-03-17,1.0,0.9999999984258093,1.0000000016598134,4475482043
2025-03-18,1.0,0.9999999982193647,1.0000000016551092,4475482043
2025-03-19,1.0,0.999999998273901,1.00000000158748,4475482043
2025-03-20,1.0,0.999999998161798,1.0000000018908661,4475482043
2025-03-21,1.0,0.9999999981534182,1.000000001733153,4475482043
2025-03-22,1.0,0.999999998099814,1.0000000020187183,4475482043
2025-03-23,1.0,0.9999999981120444,1.000000001898081,4475482043
2025-03-24,1.0,0.9999999979538141,1.0000000020367994,4475482043
2024-12-31,7.982648171876175,6.943318201776012,9.035491905037485,44860382637
2025-01-01,8.091566029001177,7.052082860214338,9.166794438549568,44860382637
2025-01-02,8.200483886126175,7.148785387553179,9.208225030540321,44860382637
2025-01-03,8.309401743251176,7.307935135137363,9.406513110920676,44860382637
2025-01-04,8.418319600376174,7.340182193713829,9.483382234917498,44860382637
2025-01-05,8.527237457501174,7.433777365963137,9.560044179981498,44860382637
2025-01-06,8.636155314626173,7.594971955796845,9.661432898087972,44860382637
2025-01-07,8.745073171751173,7.725290412171976,9.736076072936086,44860382637
2025-01-08,8.853991028876173,7.84054200228082,9.910467544565442,44860382637
2025-01-09,8.962908886001173,7.918146741181932,9.991514860560208,44860382637
2025-01-10,9.071826743126172,8.063081038898957,10.147634371828248,44860382637
2025-01-11,9.180744600251172,8.066286433019219,10.201218442273353,44860382637
2025-01-12,9.28966245737617,8.214287062557103,10.368200448444549,44860382637
2025-01-13,9.39858031450117,8.345750371197912,10.457311595936854,44860382637
2025-01-14,9.50749817162617,8.511104042734798,10.507837427818014,44860382637
2025-01-15,9.616416028751171,8.50226500255131,10.62978983349647,44860382637
2025-01-16,9.725333885876172,8.644884426074647,10.7044033307595,44860382637
2025-01-17,9.83425174300117,8.898191037868278,10.879403018076621,44860382637
2025-01-18,9.94316960012617,8.842435135909321,10.981762885762455,44860382637
2025-01-19,10.052087457251169,9.046467091007901,11.100830893763536,44860382637
2025-01-20,10.161005314376169,9.119113819876885,11.221244317260531,44860382637
2025-01-21,10.269923171501167,9.215145595005598,11.313474283876962,44860382637
2025-01-22,10.37884102862617,9.3246656728018,11.389359747019178,44860382637
2025-01-23,10.48775888575117,9.43521076199654,11.44020038238586,44860382637
2025-01-24,10.596676742876168,9.609059397778593,11.671016329337473,44860382637
2025-01-25,10.705594600001165,9.63218070406029,11.756909560484532,44860382637
2025-01-26,10.814512457126167,9.687997811915203,11.767840034102726,44860382637
2025-01-27,10.923430314251167,9.815324462495564,11.902077290522064,44860382637
2025-02-04,1.0,0.9999999987443384,1.0000000012137926,4486038328
2025-02-05,1.0,0.9999999986474659,1.0000000013342523,4486038328
2025-02-06,1.0,0.9999999986641865,1.0000000014372943,4486038328
2025-02-07,1.0,0.9999999986396345,1.0000000013547385,4486038328
2025-02-08,1.0,0.9999999986004864,1.0000000015068518,4486038328
2025-02-09,1.0,0.9999999985179476,1.0000000014681383,4486038328
2025-02-10,1.0,0.9999999984732765,1.0000000017041484,4486038328
2025-02-11,1.0,0.9999999983163502,1.0000000018105664,4486038328
2025-02-12,1.0,0.9999999981927157,1.0000000017978807,4486038328
2025-02-13,1.0,0.9999999981303125,1.000000001953514,4486038328
2025-02-14,1.0,0.9999999979534434,1.0000000020660824,4486038328
2025-02-15,1.0,0.9999999978214494,1.000000002104759,4486038328
2025-02-16,1.0,0.9999999976375666,1.0000000027148994,4486038328
2025-02-17,1.0,0.9999999973138464,1.000000002757577,4486038328
2025-02-18,1.0,0.9999999968277026,1.0000000030182759,4486038328
2025-02-19,1.0,0.9999999963744706,1.0000000037848158,4486038328
2025-02-20,1.0,0.999999996080412,1.0000000043181816,4486038328
2025-02-21,1.0,0.9999999952222411,1.0000000047366777,4486038328
2025-02-22,1.0,0.9999999948957884,1.0000000053219433,4486038328
2025-02-23,1.0,0.9999999943644511,1.0000000063209435,4486038328
2025-02-24,1.0,0.9999999934218665,1.0000000066877983,4486038328
2025-02-25,1.0,0.9999999927655535,1.0000000071057005,4486038328
2025-02-26,1.0,0.9999999927529508,1.0000000078649847,4486038328
2025-02-27,1.0,0.9999999917301374,1.0000000083862268,4486038328
2025-02-28,1.0,0.9999999912633641,1.0000000087738865,4486038328
2025-03-01,1.0,0.9999999905167116,1.0000000097868134,4486038328
2025-03-02,1.0,0.9999999899900931,1.0000000104482323,4486038328
2025-03-03,1.0,0.999999988906973,1.0000000108210862,4486038328
2025-02-18,7.856836928064212,7.856836922474154,7.85683693445359,44860384494
2025-02-19,8.713978104563495,8.713978098084182,8.713978110640523,44860384494
2025-02-20,9.57111928106275,9.571119274826227,9.571119286990957,44860384494
2025-02-21,10.428260457562033,10.42826045114198,10.428260463557594,44860384494
2025-02-22,11.285401634061316,11.285401627599729,11.28540164055702,44860384494
2025-02-23,12.142542810560599,12.142542804518104,12.142542816614899,44860384494
2025-02-24,12.999683987059882,12.999683980628827,12.999683993710471,44860384494
2025-02-25,13.856825163559137,13.856825156958404,13.856825169512568,44860384494
2025-02-26,14.713966340058391,14.71396633365727,14.713966346353143,44860384494
2025-02-27,15.571107516557674,15.571107510486618,15.571107523066258,44860384494
2025-02-28,16.428248693056958,16.428248686215902,16.42824869961251,44860384494
2025-03-01,17.28538986955627,17.28538986295786,17.285389875718757,44860384494
2025-03-02,18.142531046055524,18.142531039897708,18.14253105237403,44860384494
2025-03-03,18.999672222554807,18.99967221572264,18.999672229637074,44860384494
2025-03-04,19.85681339905406,19.856813392919708,19.856813405802196,44860384494
2025-03-05,20.713954575553316,20.713954569505315,20.713954582538918,44860384494
2025-03-06,21.571095752052628,21.571095745010854,21.571095759221606,44860384494
2025-03-07,22.428236928551883,22.42823692221231,22.428236934831308,44860384494
2025-03-08,23.285378105051166,23.28537809819169,23.28537811199141,44860384494
2025-03-09,24.14251928155045,24.14251927473739,24.14251928858747,44860384494
2025-03-10,24.999660458049703,24.999660451561727,24.999660464354513,44860384494
2025-03-11,25.856801634549015,25.85680162757723,25.85680164155717,44860384494
2025-03-12,26.71394281104827,26.713942803483274,26.713942818238635,44860384494
2025-03-13,27.571083987547524,27.571083980255096,27.571083994684667,44860384494
2025-03-14,28.428225164046808,28.428225156820506,28.42822517110751,44860384494
2025-03-15,29.285366340546062,29.28536633287172,29.28536634764454,44860384494
2025-03-16,30.142507517045374,30.14250750950503,30.142507524819674,44860384494
2025-03-17,30.999648693544657,30.999648686619942,30.99964870108476,44860384494
2024-12-31,2.8490225981926955,2.849022598165126,2.849022598218419,44860384733
2025-01-01,2.955150312664823,2.955150311862809,2.955150313075927,44860384733
2025-01-02,3.06127802713695,3.061278024606096,3.061278028803489,44860384733
2025-01-03,3.1674057416090777,3.1674057366359034,3.167405745212591,44860384733
2025-01-04,3.2735334560812053,3.273533448336359,3.273533462468862,44860384733
2025-01-05,3.379661170553333,3.3796611598608655,3.3796611797890987,44860384733
2025-01-06,3.4857888850254604,3.4857888703307145,3.4857888976609184,44860384733
2025-01-07,3.5919165994975875,3.591916580972217,3.5919166151184228,44860384733
2025-01-08,3.698044313969715,3.6980442915043725,3.6980443329312935,44860384733
2025-01-09,3.804172028441842,3.8041720012320646,3.8041720516564346,44860384733
2025-01-10,3.91029974291397,3.9102997109348268,3.9102997705442863,44860384733
2025-01-11,4.016427457386097,4.016427418420108,4.016427490726187,44860384733
2025-01-12,4.122555171858225,4.122555126716174,4.122555210362236,44860384733
2025-01-13,4.228682886330352,4.22868283621354,4.228682929218803,44860384733
2025-01-14,4.334810600802479,4.33481054535957,4.334810648310529,44860384733
2025-01-15,4.440938315274607,4.4409382543097005,4.440938366922555,44860384733
2025-01-16,4.547066029746734,4.547065961875177,4.547066088096787,44860384733
2025-01-17,4.6531937442188624,4.653193670034713,4.653193810484136,44860384733
2025-01-18,4.759321458690989,4.759321376786458,4.759321531302045,44860384733
2025-01-19,4.865449173163117,4.865449085777953,4.865449252155918,44860384733
2025-01-20,4.971576887635244,4.9715767935090565,4.9715769726021835,44860384733
2025-01-21,5.077704602107372,5.077704500399768,5.077704693826811,44860384733
2025-01-22,5.183832316579499,5.183832209152658,5.1838324173276895,44860384733
2025-01-23,5.289960031051627,5.289959916719989,5.289960140570472,44860384733
2025-01-24,5.3960877455237535,5.396087624216267,5.396087862333761,44860384733
2025-01-25,5.502215459995882,5.502215331209488,5.502215586526904,44860384733
2025-01-26,5.608343174468009,5.6083430381420705,5.608343310116582,44860384733
2025-01-27,5.714470888940136,5.714470744897668,5.714471034025123,44860384733
2025-02-18,1.0,0.99999999867036,1.0000000012642112,44860385094
2025-02-19,1.0,0.9999999986826466,1.0000000012600914,44860385094
2025-02-20,1.0,0.9999999985256018,1.000000001405424,44860385094
2025-02-21,1.0,0.9999999984568991,1.0000000015375832,44860385094
2025-02-22,1.0,0.9999999984871432,1.0000000017667166,44860385094
2025-02-23,1.0,0.9999999982554126,1.0000000020891129,44860385094
2025-02-24,1.0,0.9999999980777063,1.0000000023136475,44860385094
2025-02-25,1.0,0.9999999976224005,1.0000000026575304,44860385094
2025-02-26,1.0,0.9999999971651666,1.0000000040467945,44860385094
2025-02-27,1.0,0.9999999966036872,1.0000000046313107,44860385094
2025-02-28,1.0,0.999999995768974,1.000000005641154,44860385094
2025-03-01,1.0,0.9999999950732522,1.0000000066173982,44860385094
2025-03-02,1.0,0.9999999943122221,1.0000000077994244,44860385094
2025-03-03,1.0,0.9999999934012972,1.0000000087344185,44860385094
2025-03-04,1.0,0.9999999924877333,1.0000000101183284,44860385094
2025-03-05,1.0,0.9999999915126838,1.0000000112771474,44860385094
2025-03-06,1.0,0.9999999903739483,1.0000000123566664,44860385094
2025-03-07,1.0,0.9999999891346106,1.00000001342696,44860385094
2025-03-08,1.0,0.9999999879173419,1.0000000145768515,44860385094
2025-03-09,1.0,0.9999999876082976,1.0000000159850466,44860385094
2025-03-10,1.0,0.9999999871229427,1.0000000164522167,44860385094
2025-03-11,1.0,0.999999986035489,1.0000000171542964,44860385094
2025-03-12,1.0,0.999999984702011,1.000000018878879,44860385094
2025-03-13,1.0,0.9999999842181374,1.0000000212316713,44860385094
2025-03-14,1.0,0.9999999823898008,1.000000022179405,44860385094
2025-03-15,1.0,0.9999999808897916,1.0000000232817308,44860385094
2025-03-16,1.0,0.999999979812493,1.0000000247918666,44860385094
2025-03-17,1.0,0.9999999788866256,1.0000000260693143,44860385094
2025-03-04,0.4800095065282888,-0.5362262704484162,1.4540625914141907,7405700714
2025-03-05,0.4785151304233712,-0.564382403960795,1.373073448298352,7405700714
2025-03-06,0.47702075431845337,-0.5180940130237377,1.5030281274146562,7405700714
2025-03-07,0.47552637821353577,-0.489492642365152,1.5483020376479673,7405700714
2025-03-08,0.47403200210861807,-0.5208041690821055,1.3972934363359848,7405700714
2025-03-09,0.47253762600370053,-0.4807641540397079,1.433627323680341,7405700714
2025-03-10,0.47104324989878266,-0.4754770461363976,1.5032731472191891,7405700714
2025-03-11,0.4695488737938651,-0.5892799285338767,1.4869907286845867,7405700714
2025-03-12,0.46805449768894736,-0.5088043884972274,1.4381538704449008,7405700714
2025-03-13,0.4665601215840298,-0.5609972570192455,1.4241756161230892,7405700714
2025-03-14,0.46506574547911195,-0.47208556250953415,1.472198191750941,7405700714
2025-03-15,0.4635713693741944,-0.4979296068940789,1.4781402019687204,7405700714
2025-03-16,0.4620769932692767,-0.48786407227131334,1.5009428318750315,7405700714
2025-03-17,0.4605826171643591,-0.5230379021778758,1.378787425361814,7405700714
2025-03-18,0.4590882410594413,-0.5275260466215632,1.4438849630673156,7405700714
2025-03-19,0.4575938649545237,-0.5469403633564338,1.3833438648541223,7405700714
2025-03-20,0.45609948884960605,-0.48347713702016737,1.436640007086614,7405700714
2025-03-21,0.45460511274468846,-0.5763334764393839,1.3636588064671178,7405700714
2025-03-22,0.45311073663977064,-0.5577130150762494,1.4164574233879885,7405700714
2025-03-23,0.45161636053485305,-0.4731641910155615,1.4530752933497002,7405700714
2025-03-24,0.45012198442993534,-0.5151455333324244,1.4390382470803469,7405700714
2025-03-25,0.4486276083250178,-0.5778372782474663,1.4650640688149517,7405700714
2025-03-26,0.44713323222010004,-0.503943907807798,1.4569634457353589,7405700714
2025-03-27,0.4456388561151825,-0.583329069103366,1.4380753803167519,7405700714
2025-03-28,0.44414448001026463,-0.5391247382275682,1.333006816705489,7405700714
2025-03-29,0.4426501039053471,-0.5379255735223923,1.458332476532281,7405700714
2025-03-30,0.44115572780042944,-0.5150878955176946,1.4191884426540846,7405700714
2025-03-31,0.43966135169551157,-0.4858775342311041,1.3835813293398171,7405700714
2025-02-18,3.7817642707449663,3.4578367689995315,4.136246004600904,44942965112
2025-02-19,3.7535581870969197,3.4578656998247728,4.072900180383229,44942965112
2025-02-20,3.7253521034488726,3.384747697925594,4.072812940173515,44942965112
2025-02-21,3.697146019800825,3.3780780106950576,4.020048257416975,44942965112
2025-02-22,3.668939936152778,3.3260676771883606,3.9831251992823264,44942965112
2025-02-23,3.640733852504731,3.3213944895628846,3.976356212607839,44942965112
2025-02-24,3.612527768856684,3.290464914384886,3.922411137015503,44942965112
2025-02-25,3.584321685208637,3.2520331986770046,3.8996561217012267,44942965112
2025-02-26,3.55611560156059,3.224572493521636,3.8744429618165324,44942965112
2025-02-27,3.5279095179125433,3.221560249498718,3.887592967122938,44942965112
2025-02-28,3.499703434264496,3.16539753704622,3.8115931687675904,44942965112
2025-03-01,3.4714973506164486,3.1493798020336494,3.7741784204606734,44942965112
2025-03-02,3.4432912669684015,3.118588109377901,3.7926382299392443,44942965112
2025-03-03,3.4150851833203544,3.0748938798713827,3.736643599003093,44942965112
2025-03-04,3.3868790996723077,3.0757878708609807,3.7181565166688975,44942965112
2025-03-05,3.3586730160242606,3.0514036733668934,3.698533246968739,44942965112
2025-03-06,3.3304669323762135,2.9795669371641877,3.6434053217541225,44942965112
2025-03-07,3.302260848728167,2.9734107364899964,3.60438805708582,44942965112
2025-03-08,3.274054765080119,2.936940313466916,3.583433490639109,44942965112
2025-03-09,3.245848681432072,2.917589886278873,3.5679938233399673,44942965112
2025-03-10,3.217642597784025,2.8752494225463905,3.566770364060909,44942965112
2025-03-11,3.1894365141359784,2.865763169480839,3.497301892287324,44942965112
2025-03-12,3.161230430487931,2.831825816697709,3.504303212534601,44942965112
2025-03-13,3.133024346839884,2.811889865504562,3.4886190920655773,44942965112
2025-03-14,3.1048182631918375,2.767061157600641,3.40572479430097,44942965112
2025-03-15,3.07661217954379,2.7631667024584923,3.403201148338038,44942965112
2025-03-16,3.0484060958957424,2.726950078467371,3.382276682622478,44942965112
2025-03-17,3.0202000122476957,2.687722652959684,3.343361327595713,44942965112
2025-03-04,64.37840322777691,63.30597895772293,65.44867825066898,15766844963
2025-03-05,70.76506841930569,69.63556146933368,71.8570631182693,15766844963
2025-03-06,77.64861090890889,76.54985385469703,78.77696071452543,15766844963
2025-03-07,84.9466516922129,83.79992637135321,86.14874912092488,15766844963
2025-03-08,92.55833157053158,91.45169280367135,93.75267405381098,15766844963
2025-03-09,100.36557039840768,99.30569860489894,101.52583910682277,15766844963
2025-03-10,108.23486426424563,107.06043377499074,109.37105696442983,15766844963
2025-03-11,116.01959763889681,114.99352495479198,117.13536676949981,15766844963
2025-03-12,123.56283223520232,122.43899796201688,124.64931863930285,15766844963
2025-03-13,130.70051956719144,129.5870032535038,131.7761014685004,15766844963
2025-03-14,137.26507041175134,136.18724648027907,138.30399256659294,15766844963
2025-03-15,143.08920197964082,141.9015902601885,144.16525874549177,15766844963
2025-03-16,148.00997298766367,146.9133803521939,149.1181277452524,15766844963
2025-03-17,151.87290833939826,150.8568115535135,152.96561287847692,15766844963
2025-03-18,154.53610906574673,153.35410269912475,155.62165559483205,15766844963
2025-03-19,155.8742397909755,154.7888116826554,157.0127426615777,15766844963
2025-03-20,155.7822854388955,154.63291888356807,156.83530038795277,15766844963
2025-03-21,154.17897127517017,153.07938568682488,155.26345700859227,15766844963
2025-03-22,151.00974570675308,149.77929954167163,152.08607530381573,15766844963
2025-03-23,146.2492334621304,145.16759915128395,147.32302013226723,15766844963
2025-03-24,139.90307770537996,138.9009689122026,140.98281475816762,15766844963
2025-03-25,132.0091030658052,130.86875232952454,133.09748193543254,15766844963
2025-03-26,122.6377471891401,121.53225424802345,123.80326247423241,15766844963
2025-03-27,111.89172586549388,110.78357467302591,113.05883513327473,15766844963
2025-03-28,99.90491563581226,98.73650817890598,100.95261626817432,15766844963
2025-03-29,86.840457544663,85.71632564627009,87.97836737269637,15766844963
2025-03-30,72.88810588038626,71.70529476913602,74.05891608189579,15766844963
2025-03-31,58.26086579355571,57.12898888949477,59.328736576605664,15766844963
2025-01-14,2.2010666809636312,1.5996457501389392,2.7841069205877442,45132580164
2025-01-15,2.39872572894102,1.7678458558672532,2.942632652801129,45132580164
2025-01-16,2.596384776918409,1.9990319963928695,3.2137473750685097,45132580164
2025-01-17,2.7940438248958017,2.203662302842837,3.41488781034024,45132580164
2025-01-18,2.9917028728731943,2.386693518182178,3.5557034488450183,45132580164
2025-01-19,3.1893619208505832,2.5878312313924603,3.850378011740297,45132580164
2025-01-20,3.387020968827972,2.767080251933414,3.954338109255243,45132580164
2025-01-21,3.584680016805361,2.9619398979554736,4.191070368387699,45132580164
2025-01-22,3.78233906478275,3.1546636805422716,4.429924111912304,45132580164
2025-01-23,3.9799981127601427,3.3876030814292486,4.543569641395028,45132580164
2025-01-24,4.177657160737532,3.61006101112821,4.745641889980596,45132580164
2025-01-25,4.375316208714921,3.778768545346784,4.9222224511718276,45132580164
2025-01-26,4.57297525669231,3.9724372144752547,5.174386928417631,45132580164
2025-01-27,4.770634304669699,4.136067729858181,5.409696849357762,45132580164
2025-01-28,4.968293352647088,4.346554071653454,5.5680856449430705,45132580164
2025-01-29,5.165952400624477,4.545747141900119,5.763874575472042,45132580164
2025-01-30,5.363611448601873,4.724649574047007,5.956772230735835,45132580164
2025-01-31,5.561270496579262,4.92049808046953,6.119692082754565,45132580164
2025-02-01,5.758929544556651,5.137479892096062,6.413405647377078,45132580164
2025-02-02,5.95658859253404,5.354579603124722,6.552806132768617,45132580164
2025-02-03,6.154247640511429,5.558369764530311,6.772159410744452,45132580164
2025-02-04,6.351906688488818,5.741270741121836,6.956073250089223,45132580164
2025-02-05,6.54956573646621,5.96022020413108,7.115616464554166,45132580164
2025-02-06,6.747224784443599,6.125325675912461,7.3774209594448985,45132580164
2025-02-07,6.944883832420988,6.31421675393066,7.466799292158377,45132580164
2025-02-08,7.142542880398377,6.545938316008884,7.677635349417143,45132580164
2025-02-09,7.34020192837577,6.740563364270618,7.966392900202393,45132580164
2025-02-10,7.5378609763531585,6.9053233143772665,8.101033853864994,45132580164
2025-02-25,1.936474222804124,0.18638700380609236,3.5694920973109383,45132656942
2025-02-26,1.8864969295776683,0.24364248062450397,3.5742605819766258,45132656942
2025-02-27,1.8365196363512153,0.1155622470033466,3.442019653039603,45132656942
2025-02-28,1.7865423431247596,0.11284280092286605,3.4794290085391304,45132656942
2025-03-01,1.7365650498983038,0.06909671058969753,3.4323239947273714,45132656942
2025-03-02,1.686587756671849,0.07737286426962307,3.409120224436649,45132656942
2025-03-03,1.636610463445395,-0.05741684674285714,3.2674716892892866,45132656942
2025-03-04,1.5866331702189393,-0.1258765054454751,3.237417566111471,45132656942
2025-03-05,1.5366558769924836,-0.16479297872084492,3.155986578137061,45132656942
2025-03-06,1.4866785837660288,-0.14997064349605319,3.1336068664126793,45132656942
2025-03-07,1.4367012905395748,-0.19261821972503926,3.189408549938844,45132656942
2025-03-08,1.3867239973131191,-0.2108761141156798,3.1291606354252206,45132656942
2025-03-09,1.3367467040866634,-0.5258059086627845,3.0774347770126593,45132656942
2025-03-10,1.2867694108602095,-0.4831664608517915,3.0209682350117486,45132656942
2025-03-11,1.2367921176337537,-0.4714395143895374,2.924823147890718,45132656942
2025-03-12,1.186814824407298,-0.4976097770090418,2.9635779007949647,45132656942
2025-03-13,1.1368375311808423,-0.5550262004099049,2.7612261511002463,45132656942
2025-03-14,1.0868602379543892,-0.5770999071267134,2.705951319103554,45132656942
2025-03-15,1.0368829447279335,-0.6205613580937386,2.755416767146739,45132656942
2025-03-16,0.9869056515014778,-0.6733417275983407,2.7297235224796768,45132656942
2025-03-17,0.9369283582750247,-0.6509347747915347,2.606682230177043,45132656942
2025-03-18,0.886951065048569,-0.8429206663935185,2.57680697428007,45132656942
2025-03-19,0.8369737718221133,-0.8321371460252661,2.4243657594593624,45132656942
2025-03-20,0.7869964785956576,-0.9358734140854684,2.4434903806650166,45132656942
2025-03-21,0.7370191853692045,-1.0016147933960753,2.4057769662053015,45132656942
2025-03-22,0.6870418921427488,-0.9055393539150636,2.3024841811156684,45132656942
2025-03-23,0.637064598916294,-1.1123169953566043,2.2712020108978344,45132656942
2025-03-24,0.5870873056898382,-1.1597882253204421,2.2637520139191563,45132656942
2025-01-07,-2.7075462510676385,-6.265198622495307,1.0624515460624344,9629394497
2025-01-08,-2.50872345951026,-5.919493959169244,0.8632830082988003,9629394497
2025-01-09,-2.3356313246910423,-5.848204935749263,1.2986180799254188,9629394497
2025-01-10,-2.190514346821912,-5.981867303226727,1.3254699285962424,9629394497
2025-01-11,-2.074335862821263,-5.345061476951864,1.5596851057366115,9629394497
2025-01-12,-1.9867793565987153,-5.691775995692961,1.4834358106786543,9629394497
2025-01-13,-1.926290802060307,-5.664517700165056,1.6348836278976053,9629394497
2025-01-14,-1.8901602564612539,-5.5487830322024125,1.5699784295181447,9629394497
2025-01-15,-1.8746397858926747,-5.530572512693526,1.9353124153643906,9629394497
2025-01-16,-1.875093760610893,-5.599808039785688,1.7361783221528115,9629394497
2025-01-17,-1.886176634897339,-5.631913965517335,1.482207736762958,9629394497
2025-01-18,-1.9020325494883759,-5.400515139859135,1.8953069046936293,9629394497
2025-01-19,-1.9165104859762776,-5.482856805206453,1.5598414723210725,9629394497
2025-01-20,-1.9233882784655076,-5.531728783067867,1.551060671987561,9629394497
2025-01-21,-1.9165985592768138,-5.533349050786444,1.6521243493149516,9629394497
2025-01-22,-1.8904496886985314,-5.415018683610803,1.698270953714445,9629394497
2025-01-23,-1.8398348932764819,-5.621637378475715,1.6671130036755581,9629394497
2025-01-24,-1.760423207564708,-5.404021990250289,1.6645499815613618,9629394497
2025-01-25,-1.6488263691690719,-5.262620004472143,2.019589990321811,9629394497
2025-01-26,-1.5027365400055697,-5.020882321692954,1.7244286393501596,9629394497
2025-01-27,-1.3210305967173603,-4.809036241845767,2.451574414319907,9629394497
2025-01-28,-1.1038377249896616,-4.644048331177037,2.1214849276984697,9629394497
2025-01-29,-0.8525681373312661,-4.397387919688979,2.6797755142382784,9629394497
2025-01-30,-0.5699018805799376,-4.049760826403262,3.1832279804033705,9629394497
2025-01-31,-0.2597378750332169,-3.7280201097791275,3.3949639646300276,9629394497
2025-02-01,0.07289550202223616,-3.3049567425088764,3.5650500397246225,9629394497
2025-02-02,0.4219658429331119,-3.1460674972277274,3.9852068183747003,9629394497
2025-02-03,0.7805946387836364,-2.8829296269968947,4.229021165292966,9629394497
2025-02-25,-51.67288166312368,-52.330994199709025,-50.94386629132727,4723833696
2025-02-26,-61.18580106836474,-61.86968814639979,-60.479872490347226,4723833696
2025-02-27,-72.37592939081156,-73.0068140098001,-71.70046723033236,4723833696
2025-02-28,-85.20057372089028,-85.87258394134199,-84.49314828321812,4723833696
2025-03-01,-99.56716647909033,-100.21433748399754,-98.83640210757697,4723833696
2025-03-02,-115.3310440703348,-116.00061835299101,-114.66808684921092,4723833696
2025-03-03,-132.29444563281015,-132.98970937178802,-131.60793779464885,4723833696
2025-03-04,-150.2068344468255,-150.8906985452175,-149.50038189592888,4723833696
2025-03-05,-168.76661435680217,-169.46126902958966,-168.05803616396864,4723833696
2025-03-06,-187.62428007028703,-188.3133593869792,-186.9217305592085,4723833696
2025-03-07,-206.38700423020495,-207.0987281629488,-205.67140420779094,4723833696
2025-03-08,-224.6246265929685,-225.33564530445105,-223.9737130136982,4723833696
2025-03-09,-241.8769724429506,-242.53462041797374,-241.24751184363234,4723833696
2025-03-10,-257.66238954611816,-258.3561678309004,-257.0148368572663,4723833696
2025-03-11,-271.4873565030541,-272.1589782265331,-270.8201140176449,4723833696
2025-03-12,-282.85698133678795,-283.5494569202689,-282.20555641175906,4723833696
2025-03-13,-291.2861785157812,-291.9850185918931,-290.5818629853149,4723833696
2025-03-14,-296.3112862913971,-296.99374995210553,-295.6767392189281,4723833696
2025-03-15,-297.5018650498831,-298.2530950644505,-296.7532549814271,4723833696
2025-03-16,-294.47240205781196,-295.165344169612,-293.7891253177936,4723833696
2025-03-17,-286.89363909580095,-287.5660417116455,-286.2432653474354,4723833696
2025-03-18,-274.5032374509516,-275.2107388355661,-273.86149310152985,4723833696
2025-03-19,-257.1154998318882,-257.81247902896956,-256.3958071272775,4723833696
2025-03-20,-234.6298810484829,-235.35791396349,-233.9063640963554,4723833696
2025-03-21,-207.03803865628325,-207.70594297609549,-206.2973554453391,4723833696
2025-03-22,-174.42920089574534,-175.0925446168354,-173.75660086393304,4723833696
2025-03-23,-136.99366167905953,-137.66482758386775,-136.30700347726824,4723833696
2025-03-24,-95.02425043456003,-95.73249029775137,-94.3759006971563,4723833696
2025-02-25,-2.745696939172223,-2.745696939349604,-2.745696939003415,4723910471
2025-02-26,-7.251395552097495,-7.2513955522902505,-7.2513955519355004,4723910471
2025-02-27,-12.400746296105053,-12.400746296281529,-12.400746295925979,4723910471
2025-02-28,-18.060108208041907,-18.060108208216732,-18.060108207863674,4723910471
2025-03-01,-24.082324765461518,-24.082324765628858,-24.08232476528587,4723910471
2025-03-02,-30.310862857640526,-30.31086285782882,-30.310862857460513,4723910471
2025-03-03,-36.58423068091254,-36.58423068109065,-36.58423068073373,4723910471
2025-03-04,-42.74055254114411,-42.74055254133611,-42.74055254094629,4723910471
2025-03-05,-48.622173636231985,-48.622173636421515,-48.6221736360428,4723910471
2025-03-06,-54.08016648644135,-54.080166486636614,-54.080166486245425,4723910471
2025-03-07,-58.97861282786272,-58.97861282805687,-58.978612827668165,4723910471
2025-03-08,-63.19854043661649,-63.19854043682682,-63.1985404364,4723910471
2025-03-09,-66.64140336362581,-66.64140336384511,-66.64140336340826,4723910471
2025-03-10,-69.23200618944108,-69.23200618967199,-69.2320061892277,4723910471
2025-03-11,-70.92078783221498,-70.92078783244732,-70.92078783199435,4723910471
2025-03-12,-71.68539775136915,-71.6853977516087,-71.68539775113173,4723910471
2025-03-13,-71.53151661606049,-71.5315166162743,-71.53151661582666,4723910471
2025-03-14,-70.49289412335413,-70.49289412360315,-70.4928941231171,4723910471
2025-03-15,-68.63059809191768,-68.63059809216081,-68.6305980916777,4723910471
2025-03-16,-66.03149063479157,-66.03149063503733,-66.03149063453569,4723910471
2025-03-17,-62.805968531935676,-62.80596853219993,-62.80596853165705,4723910471
2025-03-18,-59.08502529432717,-59.085025294596136,-59.085025294059804,4723910471
2025-03-19,-55.01671127321243,-55.01671127349849,-55.016711272950225,4723910471
2025-03-20,-50.762085000944545,-50.76208500125375,-50.76208500064476,4723910471
2025-03-21,-46.4907632877882,-46.4907632881388,-46.49076328747735,4723910471
2025-03-22,-42.37618904539735,-42.37618948518001,-42.3761890450852,4723910471
2025-03-23,-38.59074404366054,-38.590754890723666,-38.590744043230764,4723910471
2025-03-24,-35.30083860327818,-35.300853891871725,-35.30083791332237,4723910471
2025-02-11,450.9522659237991,450.53832411335316,451.34066826542795,4723938440
2025-02-12,446.48568865830697,446.0896698349539,446.891756571041,4723938440
2025-02-13,443.7659041303968,443.37782552205107,444.14356903780475,4723938440
2025-02-14,443.2582725140877,442.846803553167,443.6694681297691,4723938440
2025-02-15,445.30747437475287,444.9239180075591,445.707708981555,4723938440
2025-02-16,450.126614930855,449.7175703817563,450.51164318184203,4723938440
2025-02-17,457.79039018053055,457.4310928417046,458.1914298152227,4723938440
2025-02-18,468.2325044918078,467.80014826816625,468.67447310019753,4723938440
2025-02-19,481.24740916244593,480.86399477714764,481.64971235967465,4723938440
2025-02-20,496.49630951271917,496.0795397861226,496.91353334713017,4723938440
2025-02-21,513.5172676850156,513.1140385005999,513.8997644846544,4723938440
2025-02-22,531.7391128122326,531.3345690543579,532.1869589065412,4723938440
2025-02-23,550.4987628002267,550.0892879398084,550.8993220272743,4723938440
2025-02-24,569.0614656160619,568.647718883886,569.4549367241463,4723938440
2025-02-25,586.6433853549692,586.2295586508366,587.019779713748,4723938440
2025-02-26,602.4358917489575,602.015324905703,602.8250578813684,4723938440
2025-02-27,615.6308630224061,615.2322760869678,616.0359608961638,4723938440
2025-02-28,625.4462824247574,625.0095044372647,625.8229864683617,4723938440
2025-03-01,631.1513991888083,630.7435447658787,631.5109645491381,4723938440
2025-03-02,632.0907353105707,631.6778597025109,632.4648473870609,4723938440
2025-03-03,627.7062501292121,627.2787411931174,628.0711756793867,4723938440
2025-03-04,617.5570243219684,617.1336572989235,617.9674009258747,4723938440
2025-03-05,601.3358922375158,600.9300829488143,601.744009538904,4723938440
2025-03-06,578.8825345946107,578.4828248698805,579.2809428617543,4723938440
2025-03-07,550.1926401588089,549.8325270448976,550.6302829587918,4723938440
2025-03-08,515.4228524009598,514.9954408594363,515.831153146197,4723938440
2025-03-09,474.8913323694268,474.503945671419,475.29487277371436,4723938440
2025-03-10,429.07388888263324,428.65774965192674,429.52890361701316,4723938440
2025-02-25,-0.3117086704703098,-0.31170867066768276,-0.3117086702770106,4724133655
2025-02-26,-2.588584597465651,-2.5885845976699815,-2.5885845972463417,4724133655
2025-02-27,-4.789991165701856,-4.789991165910427,-4.789991165498045,4724133655
2025-02-28,-6.878548669554586,-6.878548669775099,-6.878548669330397,4724133655
2025-03-01,-8.820986386360396,-8.820986386569224,-8.820986386116521,4724133655
2025-03-02,-10.588869885343136,-10.58886988556199,-10.588869885090745,4724133655
2025-03-03,-12.159154119069562,-12.159154119294419,-12.159154118800844,4724133655
2025-03-04,-13.514545461631837,-13.51454546187045,-13.514545461383047,4724133655
2025-03-05,-14.643661852827396,-14.64366185305053,-14.643661852560665,4724133655
2025-03-06,-15.54098658748504,-15.54098658772792,-15.540986587202546,4724133655
2025-03-07,-16.206617868574185,-16.206617868813794,-16.20661786829692,4724133655
2025-03-08,-16.64582282506758,-16.64582282533958,-16.645822824759072,4724133655
2025-03-09,-16.868411084514978,-16.868411084778845,-16.868411084192374,4724133655
2025-03-10,-16.887948992446358,-16.887948992717266,-16.887948992114605,4724133655
2025-03-11,-16.72084099880307,-16.720840999082917,-16.720840998427,4724133655
2025-03-12,-16.385309419080418,-16.385309419386008,-16.385309418769232,4724133655
2025-03-13,-15.900307569599857,-15.900307569886325,-15.90030756923663,4724133655
2025-03-14,-15.284404049064353,-15.284404049384948,-15.284404048614837,4724133655
2025-03-15,-14.554677591497072,-14.554677591831068,-14.554677591102289,4724133655
2025-03-16,-13.7256623822676,-13.725662382642453,-13.725626041607446,4724133655
2025-03-17,-12.808382974306731,-12.808382974717086,-12.808336298549749,4724133655
2025-03-18,-11.809515969663991,-11.809515970092063,-11.80941743959248,4724133655
2025-03-19,-10.730712473011693,-10.730719284787028,-10.730594457547586,4724133655
2025-03-20,-9.56811105773603,-9.568140719454998,-9.56796442906339,4724133655
2025-03-21,-8.312065708235224,-8.31210510782128,-8.311872075184512,4724133655
2025-03-22,-6.947107055913708,-6.947176318913355,-6.946894510933992,4724133655
2025-03-23,-5.452148368747245,-5.452229082337398,-5.451908438934476,4724133655
2025-03-24,-3.8009403746562818,-3.801035552944236,-3.800652505789022,4724133655
2025-02-25,1.0321286706060366,1.032128670604714,1.0321286706074233,45290923710
2025-02-26,1.0642619229869892,1.0642619229856098,1.0642619229883863,45290923710
2025-02-27,1.0963951753679417,1.096395175366567,1.0963951753692567,45290923710
2025-02-28,1.1285284277488943,1.1285284277474734,1.1285284277503667,45290923710
2025-03-01,1.1606616801298464,1.160661680128374,1.160661680131333,45290923710
2025-03-02,1.192794932510799,1.1927949325091345,1.1927949325123288,45290923710
2025-03-03,1.224928184891751,1.224928184889978,1.2249281848931541,45290923710
2025-03-04,1.257061437272704,1.2570614372711153,1.2570614372742777,45290923710
2025-03-05,1.2891946896536561,1.2891946896519646,1.2891946896551383,45290923710
2025-03-06,1.3213279420346082,1.321327942032963,1.3213279420362527,45290923710
2025-03-07,1.3534611944155608,1.3534611944136794,1.3534611944173949,45290923710
2025-03-08,1.385594446796513,1.3855944467946548,1.3855944467984302,45290923710
2025-03-09,1.4177276991774654,1.4177276991755587,1.4177276991794057,45290923710
2025-03-10,1.449860951558418,1.4498609515563483,1.4498609515604204,45290923710
2025-03-11,1.4819942039393705,1.4819942039371683,1.4819942039414684,45290923710
2025-03-12,1.5141274563203226,1.5141274563179852,1.5141274563225913,45290923710
2025-03-13,1.5462607087012747,1.5462607086983178,1.5462607087039395,45290923710
2025-03-14,1.5783939610822273,1.5783939608890005,1.5783939610848072,45290923710
2025-03-15,1.6105272134631803,1.6105272131128723,1.6105272135042474,45290923710
2025-03-16,1.6426604658441324,1.6426604653459282,1.6426604659379167,45290923710
2025-03-17,1.6747937182250845,1.6747937174322147,1.6747937185120176,45290923710
2025-03-18,1.706926970606037,1.706926969485412,1.7069269710448718,45290923710
2025-03-19,1.7390602229869891,1.739060221696139,1.7390602236293784,45290923710
2025-03-20,1.7711934753679421,1.7711934738059,1.7711934762799462,45290923710
2025-03-21,1.8033267277488942,1.803326725808554,1.8033267289342052,45290923710
2025-03-22,1.8354599801298463,1.835459977963281,1.8354599814150143,45290923710
2025-03-23,1.8675932325107993,1.8675932295622628,1.8675932342158446,45290923710
2025-03-24,1.8997264848917514,1.8997264816312862,1.8997264867587005,45290923710
2025-02-25,2.4812636012516585,2.481263601211774,2.4812636012944784,598294111
2025-02-26,4.475624905945452,4.4756249058992,4.475624905989553,598294111
2025-02-27,7.005583546518359,7.005583546473177,7.005583546563139,598294111
2025-02-28,10.078851697691855,10.078851697648949,10.078851697737448,598294111
2025-03-01,13.68694798198785,13.686947981940639,13.68694798203407,598294111
2025-03-02,17.804127889995627,17.80412788994999,17.804127890044818,598294111
2025-03-03,22.38673632942174,22.38673632937087,22.386736329475845,598294111
2025-03-04,27.37302217309711,27.373022173043445,27.37302217315083,598294111
2025-03-05,32.6834434501005,32.6834434500434,32.68344345016357,598294111
2025-03-06,38.22147939306885,38.221479393005275,38.221479393134935,598294111
2025-03-07,43.874952230532266,43.874952230469745,43.87495223061401,598294111
2025-03-08,49.517847740271094,49.51784417274783,49.51807991936795,598294111
2025-03-09,55.012609528111355,55.0121513162325,55.013225397744996,598294111
2025-03-10,60.21286815100941,60.21196847183468,60.213846541012195,598294111
2025-03-11,64.96655295055298,64.96463982491872,64.96787021712724,598294111
2025-03-12,69.11932218540072,69.11648170976945,69.12158492065056,598294111
2025-03-13,72.51823611359882,72.51473591924682,72.52157514564847,598294111
2025-03-14,75.01558841228837,75.01144615937208,75.01987682527002,598294111
2025-03-15,76.47280403274378,76.46814227161478,76.47774620058972,598294111
2025-03-16,76.76430652318867,76.75897721581063,76.76983271083989,598294111
2025-03-17,75.78125520749877,75.77516064888636,75.78775429350227,598294111
2025-03-18,73.43505251713334,73.42824021774278,73.44297901856194,598294111
2025-03-19,69.66052430896643,69.65314703027562,69.66957811041563,598294111
2025-03-20,64.41868115634823,64.41011265659056,64.42935495899212,598294111
2025-03-21,57.69897630800386,57.69005371323552,57.71090671043987,598294111
2025-03-22,49.52098612237425,49.51078525300026,49.533751668225534,598294111
2025-03-23,39.93545109643237,39.92418833266937,39.94927709747361,598294111
2025-03-24,29.02462984331061,29.01214877591163,29.039510684670013,598294111
2025-02-04,-315.79291753525047,-315.7929175364459,-315.7929175340554,5982960035
2025-02-05,-334.82686604912413,-334.82686605040186,-334.82686604774506,5982960035
2025-02-06,-354.54020253516796,-354.5402025364705,-354.5402025338479,5982960035
2025-02-07,-374.44130731518817,-374.4413073166003,-374.441307313892,5982960035
2025-02-08,-393.97837912076267,-393.97837912221144,-393.9783791193154,5982960035
2025-02-09,-412.55040193604475,-412.55040193755616,-412.5504019344377,5982960035
2025-02-10,-429.5202083351377,-429.52020833675874,-429.5202083336488,5982960035
2025-02-11,-444.229392498977,-444.22939250050257,-444.229392497363,5982960035
2025-02-12,-456.01476491457134,-456.01476491641165,-456.01476491279254,5982960035
2025-02-13,-464.2259856102031,-464.2259856121673,-464.22598560847496,5982960035
2025-02-14,-468.24396534642165,-468.24396534858977,-468.24396534445896,5982960035
2025-02-15,-467.49958597897484,-467.4995859810446,-467.4995859767592,5982960035
2025-02-16,-461.4922635599269,-461.4922635623104,-461.4922635568006,5982960035
2025-02-17,-449.80786169271465,-449.8082898048378,-449.80666558028884,5982960035
2025-02-18,-432.1354590050562,-432.13752964735954,-432.13213997750415,5982960035
2025-02-19,-408.282483815516,-408.2872947880338,-408.27784462924853,5982960035
2025-02-20,-378.1877512764986,-378.19473667658525,-378.18073100488425,5982960035
2025-02-21,-341.9319733070514,-341.94340701678385,-341.9210296703644,5982960035
2025-02-22,-299.7453589076621,-299.76083235156744,-299.7310141233898,5982960035
2025-02-23,-252.01198113439003,-252.031203836093,-251.99379688796893,5982960035
2025-02-24,-199.27065586619824,-199.29572393903118,-199.2475996897399,5982960035
2025-02-25,-142.21215508165162,-142.24178470174556,-142.18373013688134,5982960035
2025-02-26,-81.67266186083015,-81.70584356165497,-81.64123719413331,5982960035
2025-02-27,-18.623463831975478,-18.659784431168916,-18.587688525264426,5982960035
2025-02-28,45.843025923511995,45.80423166875348,45.88680394159464,5982960035
2025-03-01,110.53073861223945,110.4884720674632,110.57983130007047,5982960035
2025-03-02,174.16063714046064,174.10990506430252,174.21514973651614,5982960035
2025-03-03,235.39426124333397,235.33844527767147,235.45368648903545,5982960035
2024-12-10,1.0,0.9999999987831151,1.0000000012835393,5996490387
2024-12-11,1.0,0.9999999987519267,1.00000000132016,5996490387
2024-12-12,1.0,0.9999999987636045,1.0000000013031305,5996490387
2024-12-13,1.0,0.9999999986432049,1.0000000013475092,5996490387
2024-12-14,1.0,0.9999999987908657,1.0000000013344794,5996490387
2024-12-15,1.0,0.9999999987220138,1.0000000012544015,5996490387
2024-12-16,1.0,0.9999999987195296,1.0000000013980046,5996490387
2024-12-17,1.0,0.9999999986805588,1.0000000013670285,5996490387
2024-12-18,1.0,0.9999999987319119,1.0000000012273962,5996490387
2024-12-19,1.0,0.9999999986451799,1.0000000012214472,5996490387
2024-12-20,1.0,0.9999999986690131,1.000000001312078,5996490387
2024-12-21,1.0,0.9999999986843987,1.0000000012482968,5996490387
2024-12-22,1.0,0.999999998725455,1.000000001214959,5996490387
2024-12-23,1.0,0.999999998652367,1.0000000012282821,5996490387
2024-12-24,1.0,0.9999999987381022,1.0000000012927164,5996490387
2024-12-25,1.0,0.9999999987932778,1.0000000012922543,5996490387
2024-12-26,1.0,0.9999999987801946,1.0000000013403152,5996490387
2024-12-27,1.0,0.9999999986664779,1.0000000012304087,5996490387
2024-12-28,1.0,0.9999999987903246,1.0000000013156871,5996490387
2024-12-29,1.0,0.9999999986749045,1.0000000012137287,5996490387
2024-12-30,1.0,0.9999999987242008,1.0000000012478498,5996490387
2024-12-31,1.0,0.9999999987277215,1.0000000012367087,5996490387
2025-01-01,1.0,0.9999999987934447,1.0000000013148702,5996490387
2025-01-02,1.0,0.9999999987249485,1.0000000012097308,5996490387
2025-01-03,1.0,0.9999999988396785,1.0000000012351846,5996490387
2025-01-04,1.0,0.9999999986597304,1.0000000013195374,5996490387
2025-01-05,1.0,0.9999999986550836,1.0000000013149932,5996490387
2025-01-06,1.0,0.9999999987557163,1.000000001201649,5996490387
2024-11-12,1.9991185307633308,1.9991185307400599,1.9991185307856172,5996537271
2024-11-13,1.9982355587763019,1.9982355587535159,1.9982355587988683,5996537271
2024-11-14,1.997352586789273,1.997352586764702,1.9973525868139201,5996537271
2024-11-15,1.996469614802244,1.9964696147779337,1.996469614824544,5996537271
2024-11-16,1.9955866428152151,1.9955866427932718,1.995586642838388,5996537271
2024-11-17,1.9947036708281862,1.994703670804455,1.9947036708524915,5996537271
2024-11-18,1.993820698841157,1.9938206988168894,1.9938206988646274,5996537271
2024-11-19,1.9929377268541282,1.9929377268312556,1.9929377268793795,5996537271
2024-11-20,1.9920547548670993,1.992054754843994,1.9920547548891563,5996537271
2024-11-21,1.9911717828800701,1.9911717828561313,1.9911717829038322,5996537271
2024-11-22,1.9902888108930412,1.990288810869441,1.9902888109182812,5996537271
2024-11-23,1.9894058389060123,1.9894058388818459,1.9894058389322304,5996537271
2024-11-24,1.9885228669189834,1.9885228668967927,1.9885228669437287,5996537271
2024-11-25,1.9876398949319545,1.9876398949069947,1.9876398949577931,5996537271
2024-11-26,1.9867569229449256,1.9867569229215547,1.9867569229685285,5996537271
2024-11-27,1.9858739509578966,1.9858739509347112,1.9858739509826937,5996537271
2024-11-28,1.9849909789708677,1.984990978943704,1.9849909789964206,5996537271
2024-11-29,1.9841080069838386,1.9841080069580637,1.984108007007385,5996537271
2024-11-30,1.9832250349968097,1.9832250349717409,1.9832250350204466,5996537271
2024-12-01,1.9823420630097808,1.9823420629858322,1.9823420630355457,5996537271
2024-12-02,1.9814590910227516,1.9814590909978815,1.981459091048095,5996537271
2024-12-03,1.9805761190357227,1.9805761190115916,1.9805761190625353,5996537271
2024-12-04,1.9796931470486938,1.9796931470231172,1.9796931470721537,5996537271
2024-12-05,1.978810175061665,1.9788101750357212,1.978810175088123,5996537271
2024-12-06,1.9779272030746358,1.9779272030492638,1.977927203100288,5996537271
2024-12-07,1.9770442310876069,1.9770442310625904,1.977044231112791,5996537271
2024-12-08,1.976161259100578,1.9761612590768276,1.9761612591252669,5996537271
2024-12-09,1.9752782871135488,1.975278287089252,1.9752782871372976,5996537271
2025-02-11,-9.312919513422859,-11.083117222690275,-7.439069569688376,599653937
2025-02-12,-9.605771351033766,-11.535945570558452,-7.783543875004496,599653937
2025-02-13,-9.793807788822924,-11.522106003617896,-7.970579923443798,599653937
2025-02-14,-9.807654437019572,-11.56078284474663,-7.957294047833399,599653937
2025-02-15,-9.57214263878776,-11.4474417633363,-7.700204284433425,599653937
2025-02-16,-9.007993803526706,-10.822417789538449,-7.262335266408117,599653937
2025-02-17,-8.033758989911085,-9.725165257920303,-6.188098814007044,599653937
2025-02-18,-6.567974691377676,-8.406369837982412,-4.7577292740119335,599653937
2025-02-19,-4.5314878763492334,-6.37195127520976,-2.8284457866911956,599653937
2025-02-20,-1.8498964228921206,-3.5708857109574255,-0.02558708193925064,599653937
2025-02-21,1.5439546154728907,-0.25625503611539957,3.3470540115774083,599653937
2025-02-22,5.70748477752265,3.8209058064709875,7.395601553483383,599653937
2025-02-23,10.685964597336703,8.908651102690646,12.62041745806337,599653937
2025-02-24,16.510244298636625,14.596731022763828,18.28346820407836,599653937
2025-02-25,23.194691725754836,21.423928767360945,25.006631686496103,599653937
2025-02-26,30.735403951184793,28.958422561895148,32.61147602274963,599653937
2025-02-27,39.108752710730094,37.34175223298226,41.02284991479733,599653937
2025-02-28,48.27031781104595,46.43055519758572,50.09999128413802,599653937
2025-03-01,58.15425503677632,56.29079474991124,60.05913661057485,599653937
2025-03-02,68.67313601421812,66.89691171511178,70.60298064423552,599653937
2025-03-03,79.71828716069498,77.9181991464497,81.57625533949047,599653937
2025-03-04,91.16064349839824,89.2921110980647,92.98113357974619,599653937
2025-03-05,102.852121004915,100.97723799075682,104.65292370694155,599653937
2025-03-06,114.62749860262596,112.7608222426064,116.38526112539961,599653937
2025-03-07,126.30678816351798,124.45079454787407,128.24769717409959,599653937
2025-03-08,137.69805834667133,136.03658498707185,139.65109959398578,599653937
2025-03-09,148.60066601226353,146.82337958081686,150.39545105216018,599653937
2025-03-10,158.80883768784312,156.95787539572177,160.56265537420828,599653937
2025-02-25,2.386012508866795,2.3860125088444133,2.386012508889523,5996540711
2025-02-26,4.298110632435339,4.298110632412541,4.298110632458402,5996540711
2025-02-27,6.779792138856447,6.779792138832966,6.779792138879626,5996540711
2025-02-28,9.863002527750366,9.863002527724708,9.863002527774281,5996540711
2025-03-01,13.566254061011682,13.566254060988761,13.566254061034941,5996540711
2025-03-02,17.892917864839575,17.89291786481469,17.8929178648641,5996540711
2025-03-03,22.8298338998629,22.829833899838203,22.82983389988956,5996540711
2025-03-04,28.346295669688654,28.346295669662947,28.34629566971548,5996540711
2025-03-05,34.39345834625181,34.39345834622734,34.393458346282266,5996540711
2025-03-06,40.90420911192825,40.90420911190175,40.904209111958075,5996540711
2025-03-07,47.793527182724496,47.793527182696984,47.79352718275697,5996540711
2025-03-08,54.95934846201166,54.95934846198575,54.95934846204473,5996540711
2025-03-09,62.28393639866378,62.28393639863495,62.28393639870055,5996540711
2025-03-10,69.63574673812289,69.63574673809411,69.6357467381556,5996540711
2025-03-11,76.87175983320483,76.87175983317292,76.87175983324914,5996540711
2025-03-12,83.84024040994703,83.84024040991359,83.84024263829737,5996540711
2025-03-13,90.38387155519598,90.38387155516025,90.38452555490365,5996540711
2025-03-14,96.34319758385385,96.34319758381432,96.34404892571156,5996540711
2025-03-15,101.56029971969772,101.56029971965667,101.5616963274164,5996540711
2025-03-16,105.88261951573017,105.88257645575305,105.88447693843875,5996540711
2025-03-17,109.16683794127901,109.16668631239051,109.16894578336813,5996540711
2025-03-18,111.28271331498856,111.28227725062987,111.28508241223433,5996540711
2025-03-19,112.11677895744414,112.11588396499408,112.12017398240425,5996540711
2025-03-20,111.57580169491419,111.57464432969684,111.5806066138435,5996540711
2025-03-21,109.58990522784381,109.58831993602155,109.59545067129392,5996540711
2025-03-22,106.115267869616,106.11272020357814,106.12155117517173,5996540711
2025-03-23,101.1363121814837,101.1331859068379,101.14328775521629,5996540711
2025-03-24,94.66731442295934,94.66372511098412,94.67515932265917,5996540711
2025-02-11,3.447324431293895,-1.8792662545382635,8.643604534344009,5996552646
2025-02-12,3.44753102961052,-1.9886440409258157,8.658989066519682,5996552646
2025-02-13,3.4477376279271446,-1.6836016924674397,8.966372700426872,5996552646
2025-02-14,3.4479442262437696,-1.8994075973506848,8.892460006775693,5996552646
2025-02-15,3.4481508245603947,-1.8829250983387331,8.840671678757797,5996552646
2025-02-16,3.4483574228770197,-2.1540997711264924,8.432048545929836,5996552646
2025-02-17,3.4485640211936452,-1.859310022983411,9.089291943454365,5996552646
2025-02-18,3.44877061951027,-1.3691426464534973,9.009683728964323,5996552646
2025-02-19,3.448977217826895,-1.9445180699911726,8.817786988405885,5996552646
2025-02-20,3.44918381614352,-1.9099668349238297,8.543089645066539,5996552646
2025-02-21,3.449390414460145,-1.6943551474170508,8.778745356252537,5996552646
2025-02-22,3.44959701277677,-1.9426789665214224,8.992107494316492,5996552646
2025-02-23,3.4498036110933947,-1.8539871646782415,8.779394088380428,5996552646
2025-02-24,3.45001020941002,-1.8505321295950166,8.856238727796587,5996552646
2025-02-25,3.450216807726645,-1.9379076588094555,8.703877167736126,5996552646
2025-02-26,3.4504234060432695,-2.304871583019928,8.741323814859445,5996552646
2025-02-27,3.4506300043598954,-1.9960417903294214,8.796250888170137,5996552646
2025-02-28,3.45083660267652,-1.82303820999774,8.803473565494443,5996552646
2025-03-01,3.451043200993145,-2.17118383872236,8.89668876145809,5996552646
2025-03-02,3.45124979930977,-1.6768030342610702,8.508106279301428,5996552646
2025-03-03,3.451456397626395,-2.003642844878913,8.598711031817334,5996552646
2025-03-04,3.45166299594302,-2.247949167415821,8.690840415370406,5996552646
2025-03-05,3.451869594259645,-1.9313033309000882,9.21676789756833,5996552646
2025-03-06,3.45207619257627,-1.776606201366218,8.509911165550703,5996552646
2025-03-07,3.452282790892895,-1.8636172170325507,8.56423516384512,5996552646
2025-03-08,3.45248938920952,-1.619931269849804,8.621381172865133,5996552646
2025-03-09,3.452695987526145,-1.5313247805353127,8.649904951329535,5996552646
2025-03-10,3.45290258584277,-2.214123535711462,8.87515217864545,5996552646
2024-12-31,1.0,0.9999999987519178,1.0000000012431236,5996815882
2025-01-01,1.0,0.9999999987252334,1.0000000012902652,5996815882
2025-01-02,1.0,0.999999998727581,1.000000001144504,5996815882
2025-01-03,1.0,0.999999998763669,1.000000001350405,5996815882
2025-01-04,1.0,0.9999999986590691,1.0000000012448433,5996815882
2025-01-05,1.0,0.999999998777456,1.00000000126633,5996815882
2025-01-06,1.0,0.9999999987131984,1.0000000012390569,5996815882
2025-01-07,1.0,0.9999999987666386,1.000000001319152,5996815882
2025-01-08,1.0,0.9999999986947369,1.0000000012542525,5996815882
2025-01-09,1.0,0.999999998695959,1.0000000013308867,5996815882
2025-01-10,1.0,0.9999999987192888,1.00000000136544,5996815882
2025-01-11,1.0,0.9999999987533217,1.000000001274625,5996815882
2025-01-12,1.0,0.9999999986875752,1.0000000012872061,5996815882
2025-01-13,1.0,0.9999999987999456,1.0000000012465862,5996815882
2025-01-14,1.0,0.9999999986484944,1.0000000012038033,5996815882
2025-01-15,1.0,0.9999999987478204,1.000000001354466,5996815882
2025-01-16,1.0,0.999999998738201,1.0000000012167536,5996815882
2025-01-17,1.0,0.9999999986477369,1.000000001270857,5996815882
2025-01-18,1.0,0.999999998788631,1.0000000013391277,5996815882
2025-01-19,1.0,0.999999998703961,1.000000001281965,5996815882
2025-01-20,1.0,0.9999999987009979,1.0000000013641206,5996815882
2025-01-21,1.0,0.9999999986787264,1.0000000012601051,5996815882
2025-01-22,1.0,0.9999999987453283,1.0000000012820878,5996815882
2025-01-23,1.0,0.9999999987022641,1.0000000012637222,5996815882
2025-01-24,1.0,0.9999999986415427,1.0000000012682715,5996815882
2025-01-25,1.0,0.9999999987542247,1.000000001322203,5996815882
2025-01-26,1.0,0.999999998675791,1.0000000012742418,5996815882
2025-01-27,1.0,0.9999999987219726,1.0000000013244932,5996815882
2025-02-18,1.003287985191275,1.0032879848945855,1.0032879855074217,5996820047
2025-02-19,1.0066065566006572,1.0066065562822881,1.0066065569155933,5996820047
2025-02-20,1.0099251280100394,1.009925127681331,1.0099251283164454,5996820047
2025-02-21,1.013243699419422,1.0132436991097866,1.0132436997324208,5996820047
2025-02-22,1.0165622708288047,1.0165622705389394,1.0165622711400457,5996820047
2025-02-23,1.0198808422381869,1.0198808419276226,1.0198808425472108,5996820047
2025-02-24,1.023199413647569,1.0231994133266282,1.0231994139492435,5996820047
2025-02-25,1.0265179850569512,1.0265179847288515,1.026517985380184,5996820047
2025-02-26,1.0298365564663339,1.02983655616458,1.0298365567651893,5996820047
2025-02-27,1.0331551278757156,1.0331551275558009,1.0331551281936602,5996820047
2025-02-28,1.0364736992850982,1.0364736989744352,1.0364736995811186,5996820047
2025-03-01,1.0397922706944809,1.0397922703718627,1.0397922710314844,5996820047
2025-03-02,1.043110842103863,1.04311084176979,1.04311084244249,5996820047
2025-03-03,1.0464294135132453,1.0464294131887124,1.0464294138589876,5996820047
2025-03-04,1.0497479849226274,1.0497479845875062,1.0497479852374854,5996820047
2025-03-05,1.0530665563320096,1.0530665560125003,1.0530665566689872,5996820047
2025-03-06,1.0563851277413927,1.0563851274219098,1.0563851280882686,5996820047
2025-03-07,1.059703699150774,1.0597036988382984,1.0597036994784474,5996820047
2025-03-08,1.063022270560157,1.0630222702315273,1.0630222708739847,5996820047
2025-03-09,1.0663408419695393,1.0663408416343045,1.0663408423099827,5996820047
2025-03-10,1.0696594133789215,1.0696594130449952,1.0696594136932096,5996820047
2025-03-11,1.0729779847883036,1.0729779844097527,1.0729779850826786,5996820047
2025-03-12,1.0762965561976858,1.0762965558654707,1.0762965565568539,5996820047
2025-03-13,1.079615127607068,1.0796151272646093,1.0796151279438448,5996820047
2025-03-14,1.082933699016451,1.0829336986677034,1.0829336993476446,5996820047
2025-03-15,1.0862522704258333,1.08625227007999,1.0862522707560465,5996820047
2025-03-16,1.0895708418352155,1.0895708414796337,1.0895708421831707,5996820047
2025-03-17,1.0928894132445977,1.0928894128717181,1.092889413557376,5996820047
2025-01-21,6.865275987946174,6.865275984996324,6.865275991216806,5996937634
2025-01-22,11.754774537002616,11.754774533723706,11.754774540164231,5996937634
2025-01-23,15.543020603956304,15.543020600844693,15.543020607227238,5996937634
2025-01-24,18.128162928037174,18.128162924713674,18.128162931315952,5996937634
2025-01-25,19.43430157046679,19.434301567345976,19.434301573602532,5996937634
2025-01-26,19.413276197378924,19.4132761941415,19.413276200639125,5996937634
2025-01-27,18.045814083588223,18.04581408024815,18.04581408668821,5996937634
2025-01-28,15.342011226209726,15.342011223018226,15.342011229215222,5996937634
2025-01-29,11.341136513382995,11.341136510252046,11.341136516655215,5996937634
2025-01-30,6.110765636846655,6.11076563346575,6.110765640388046,5996937634
2025-01-31,-0.25473206820773187,-0.2547320713623721,-0.2547320648112198,5996937634
2025-02-01,-7.636314857203262,-7.6363148603127735,-7.636314854000672,5996937634
2025-02-02,-15.89294415638502,-15.892944159707659,-15.892944153012884,5996937634
2025-02-03,-24.864747494870763,-24.86474749790099,-24.864747491593523,5996937634
2025-02-04,-34.37659032775078,-34.376590330781674,-34.37659032431882,5996937634
2025-02-05,-44.24196890351478,-44.241968906633545,-44.24196890039057,5996937634
2025-02-06,-54.26712925591245,-54.267129258816894,-54.26712925249567,5996937634
2025-02-07,-64.25531279906636,-64.25531280195014,-64.25531279555669,5996937634
2025-02-08,-74.01102697399553,-74.01102697737349,-74.01102697091808,5996937634
2025-02-09,-83.3442399615557,-83.34423996494658,-83.3442399581668,5996937634
2025-02-10,-92.07440159653899,-92.07440159989794,-92.0744015932069,5996937634
2025-02-11,-100.03419818255593,-100.0341981856767,-100.03419817933491,5996937634
2025-02-12,-107.07295674117279,-107.07295674435773,-107.07295673808132,5996937634
2025-02-13,-113.05962409706082,-113.0596241002373,-113.05962409364432,5996937634
2025-02-14,-117.88525782384343,-117.88525782719104,-117.88525782033389,5996937634
2025-02-15,-121.46497911657971,-121.46497911962943,-121.4649791134216,5996937634
2025-02-16,-123.73935176236252,-123.73935176564599,-123.73935175904839,5996937634
2025-02-17,-124.6751661576995,-124.67516616074862,-124.67516615414326,5996937634
2025-01-28,1.0,0.9999999986562165,1.0000000013014487,5996941129
2025-01-29,1.0,0.9999999987051346,1.0000000012406152,5996941129
2025-01-30,1.0,0.9999999986905741,1.0000000013050019,5996941129
2025-01-31,1.0,0.9999999986454868,1.0000000012678192,5996941129
2025-02-01,1.0,0.9999999987926297,1.0000000013636647,5996941129
2025-02-02,1.0,0.9999999986814591,1.000000001283917,5996941129
2025-02-03,1.0,0.9999999987348726,1.0000000012912753,5996941129
2025-02-04,1.0,0.9999999987495416,1.0000000013088808,5996941129
2025-02-05,1.0,0.999999998633992,1.000000001311762,5996941129
2025-02-06,1.0,0.999999998632189,1.00000000127918,5996941129
2025-02-07,1.0,0.9999999986985807,1.0000000012201709,5996941129
2025-02-08,1.0,0.9999999986827133,1.000000001279919,5996941129
2025-02-09,1.0,0.9999999987454459,1.0000000012446926,5996941129
2025-02-10,1.0,0.9999999987135563,1.0000000013332988,5996941129
2025-02-11,1.0,0.9999999987639256,1.0000000013943953,5996941129
2025-02-12,1.0,0.9999999987388167,1.0000000012304235,5996941129
2025-02-13,1.0,0.9999999987492714,1.0000000012641541,5996941129
2025-02-14,1.0,0.9999999986854372,1.0000000013515933,5996941129
2025-02-15,1.0,0.9999999986599335,1.0000000013801962,5996941129
2025-02-16,1.0,0.9999999986742628,1.0000000012909542,5996941129
2025-02-17,1.0,0.9999999986745989,1.000000001328079,5996941129
2025-02-18,1.0,0.999999998677814,1.0000000013721797,5996941129
2025-02-19,1.0,0.9999999987043265,1.000000001285624,5996941129
2025-02-20,1.0,0.9999999987156575,1.0000000011875299,5996941129
2025-02-21,1.0,0.9999999986402115,1.000000001180392,5996941129
2025-02-22,1.0,0.999999998787265,1.0000000013599177,5996941129
2025-02-23,1.0,0.9999999985730249,1.0000000012129748,5996941129
2025-02-24,1.0,0.9999999987651614,1.0000000013192312,5996941129
2025-02-25,22.326823355083484,20.022027187290625,24.713733999489637,599703217
2025-02-26,24.276576112404868,21.991277606099768,26.71023419221275,599703217
2025-02-27,26.78135467121291,24.334975809662392,29.207592897801888,599703217
2025-02-28,29.85491247121706,27.304484479327627,32.22774993366389,599703217
2025-03-01,33.49756979611345,31.033544933564436,35.85548882131133,599703217
2025-03-02,37.69542683940696,35.41996774756432,40.18627712585262,599703217
2025-03-03,42.419928812826406,39.98187599441757,44.92083370441687,599703217
2025-03-04,47.62780910741402,45.2963319271716,50.24452437703321,599703217
2025-03-05,53.26142672499232,50.94311066830283,55.73367379487069,599703217
2025-03-06,59.24950365785774,56.70782152093952,61.56890575032666,599703217
2025-03-07,65.50825689031856,63.295698775766965,67.89096789409231,599703217
2025-03-08,71.9429085296197,69.64613938051362,74.32645556353408,599703217
2025-03-09,78.44954655998046,75.84041153643581,80.75248477009836,599703217
2025-03-10,84.91729816931864,82.54078024951389,87.2053749357384,599703217
2025-03-11,91.23076783158143,88.77791059914593,93.63783370912816,599703217
2025-03-12,97.27268363491771,94.77394130469862,99.51026604898539,599703217
2025-03-13,102.92668799524624,100.44292218249868,105.43103677780176,599703217
2025-03-14,108.08020312413129,105.53524481058263,110.4356620621673,599703217
2025-03-15,112.62729762590176,110.21081943129285,115.24697647567851,599703217
2025-03-16,116.47147853364538,114.11759902802453,118.85184636447906,599703217
2025-03-17,119.5283330557639,117.12613885662203,121.93496839531655,599703217
2025-03-18,121.72794633853334,119.41141364218156,124.10847017251012,599703217
2025-03-19,123.017025645138,120.56361991145754,125.45536752919428,599703217
2025-03-20,123.36066743389941,120.96585379893992,125.74061862020868,599703217
2025-03-21,122.74371176381206,120.5271895852177,125.00384095872388,599703217
2025-03-22,121.17163808059892,118.86112626399158,123.39731174984189,599703217
2025-03-23,118.6709675108421,116.45525105261702,121.13889714635484,599703217
2025-03-24,115.28914903872884,112.96594314321287,117.84059808810697,599703217
2025-02-04,0.9724987149521905,0.6321446763473205,1.291056821745577,20377431146
2025-02-05,0.9723442097989122,0.6384967701235195,1.3174080399456425,20377431146
2025-02-06,0.9721897046456337,0.6340382326539755,1.2895214404226298,20377431146
2025-02-07,0.9720351994923554,0.6179741541483554,1.3020269737374155,20377431146
2025-02-08,0.9718806943390771,0.6230176516415685,1.3191872716567108,20377431146
2025-02-09,0.9717261891857986,0.6340102018490628,1.3201394441657135,20377431146
2025-02-10,0.9715716840325203,0.6391119699830334,1.3375858827348714,20377431146
2025-02-11,0.9714171788792417,0.6146236848574617,1.303817279132606,20377431146
2025-02-12,0.9712626737259634,0.6422025860419096,1.323119826339418,20377431146
2025-02-13,0.9711081685726851,0.6264581500013164,1.3167321245547252,20377431146
2025-02-14,0.9709536634194066,0.611055999983484,1.3031146661728548,20377431146
2025-02-15,0.9707991582661283,0.6432137405386621,1.293625414824605,20377431146
2025-02-16,0.9706446531128498,0.6426617295606672,1.324586923158821,20377431146
2025-02-17,0.9704901479595714,0.6416651783250088,1.3121967466558433,20377431146
2025-02-18,0.9703356428062931,0.6192314393428625,1.3075044665381834,20377431146
2025-02-19,0.9701811376530146,0.6269377505754543,1.2958972815000949,20377431146
2025-02-20,0.9700266324997363,0.6382088266900953,1.2923416466596287,20377431146
2025-02-21,0.9698721273464578,0.6370560452825322,1.2973607775736524,20377431146
2025-02-22,0.9697176221931795,0.6230167900950326,1.313022806521472,20377431146
2025-02-23,0.9695631170399012,0.62682544471828,1.291611764211853,20377431146
2025-02-24,0.9694086118866226,0.6459739113740344,1.3067543369632915,20377431146
2025-02-25,0.9692541067333443,0.6394690863941298,1.3369522810514984,20377431146
2025-02-26,0.9690996015800658,0.6468621133202949,1.3150226162655445,20377431146
2025-02-27,0.9689450964267875,0.6032215019357937,1.3247873348451689,20377431146
2025-02-28,0.968790591273509,0.6435146853260072,1.3105114320884839,20377431146
2025-03-01,0.9686360861202307,0.6369390557202252,1.3209842406450834,20377431146
2025-03-02,0.9684815809669524,0.5999570108918687,1.2981958458416598,20377431146
2025-03-03,0.9683270758136738,0.6350186076068526,1.2968393795234303,20377431146
2025-02-04,2.120641245501801,1.6814205587933748,2.5859498634293434,24738070995
2025-02-05,2.1261919801899873,1.6629533288682155,2.559205283895812,24738070995
2025-02-06,2.1317427148781736,1.6966324294054864,2.598299368071768,24738070995
2025-02-07,2.13729344956636,1.6905890042358531,2.584827928110538,24738070995
2025-02-08,2.142844184254545,1.7061705766707773,2.5925624496578896,24738070995
2025-02-09,2.1483949189427314,1.7110330339386712,2.6003334776368807,24738070995
2025-02-10,2.1539456536309176,1.7305762798825313,2.61126117505848,24738070995
2025-02-11,2.159496388319104,1.728561099898086,2.607039617943812,24738070995
2025-02-12,2.16504712300729,1.7262367098719182,2.6086886536744482,24738070995
2025-02-13,2.1705978576954763,1.7378790827822426,2.613690332073458,24738070995
2025-02-14,2.1761485923836625,1.7465252286052861,2.6371439964751175,24738070995
2025-02-15,2.1816993270718488,1.728783349618823,2.648989875276104,24738070995
2025-02-16,2.187250061760035,1.7143509051661792,2.6660707036561373,24738070995
2025-02-17,2.1928007964482203,1.7609373821801557,2.6443224248354236,24738070995
2025-02-18,2.1983515311364066,1.7598622426525992,2.651480432763001,24738070995
2025-02-19,2.203902265824593,1.7629035655898455,2.667010074266741,24738070995
2025-02-20,2.209453000512779,1.767589440877731,2.626702923974983,24738070995
2025-02-21,2.2150037352009653,1.7505861451856242,2.6567226792416507,24738070995
2025-02-22,2.2205544698891515,1.782863587462537,2.6761007806805477,24738070995
2025-02-23,2.2261052045773377,1.7831155556589526,2.654360929347668,24738070995
2025-02-24,2.231655939265524,1.7983479637654405,2.690520536569927,24738070995
2025-02-25,2.23720667395371,1.7946783086266653,2.681356456154809,24738070995
2025-02-26,2.2427574086418955,1.7673039047866925,2.6577998048129285,24738070995
2025-02-27,2.2483081433300818,1.8025260509042624,2.733878139084109,24738070995
2025-02-28,2.253858878018268,1.8134102908839582,2.720742113311644,24738070995
2025-03-01,2.2594096127064542,1.8028785720908131,2.702294006041481,24738070995
2025-03-02,2.2649603473946405,1.8012079248486568,2.765594223469529,24738070995
2025-03-03,2.2705110820828267,1.8196261337326785,2.7058004256268475,24738070995
2025-02-04,3.4473761455253555,2.6720636625990677,4.209215466126001,24738579136
2025-02-05,3.4516054984652955,2.6798355423224587,4.288047000728585,24738579136
2025-02-06,3.4558348514052355,2.6377436440542135,4.303830912758641,24738579136
2025-02-07,3.4600642043451755,2.649469576935492,4.234690661171482,24738579136
2025-02-08,3.4642935572851163,2.6967621433092313,4.274920200345159,24738579136
2025-02-09,3.4685229102250563,2.6553516617134116,4.273979970407543,24738579136
2025-02-10,3.4727522631649963,2.6591638072346298,4.2998225402199415,24738579136
2025-02-11,3.4769816161049363,2.694773033372112,4.247555652893657,24738579136
2025-02-12,3.4812109690448763,2.7149260629328205,4.3072784240655855,24738579136
2025-02-13,3.4854403219848162,2.7266238803241083,4.3046575701612335,24738579136
2025-02-14,3.489669674924756,2.6944193877890337,4.242438451703125,24738579136
2025-02-15,3.493899027864696,2.7063182260450587,4.305990371167266,24738579136
2025-02-16,3.498128380804636,2.773815166499071,4.322836166024162,24738579136
2025-02-17,3.502357733744576,2.660849801309558,4.3163666920189465,24738579136
2025-02-18,3.506587086684517,2.7285143216244587,4.343244802133785,24738579136
2025-02-19,3.510816439624457,2.7180862093157803,4.274174465177231,24738579136
2025-02-20,3.515045792564397,2.676291449409643,4.269523947503423,24738579136
2025-02-21,3.519275145504337,2.69176282532383,4.307116761550345,24738579136
2025-02-22,3.523504498444277,2.7214330253447088,4.300966164496875,24738579136
2025-02-23,3.527733851384217,2.754828794255849,4.320852581582137,24738579136
2025-02-24,3.531963204324157,2.698476339098124,4.348290314806431,24738579136
2025-02-25,3.536192557264097,2.808455685538421,4.352910472373217,24738579136
2025-02-26,3.540421910204037,2.7670843674739696,4.325569546926995,24738579136
2025-02-27,3.544651263143977,2.7715355120679925,4.321581898347958,24738579136
2025-02-28,3.548880616083917,2.7662527624188615,4.332932692416435,24738579136
2025-03-01,3.553109969023857,2.7566177659394078,4.3548132414708105,24738579136
2025-03-02,3.5573393219637968,2.7937129845088524,4.379054813410004,24738579136
2025-03-03,3.5615686749037367,2.759923666361301,4.345364445982542,24738579136
2025-02-18,3.4186902694765964,2.0959290635761967,4.695808128111405,33571814593
2025-02-19,3.4213088118524437,2.112877857758769,4.837703257550622,33571814593
2025-02-20,3.423927354228292,2.142306540585139,4.610547261658864,33571814593
2025-02-21,3.42654589660414,2.113271435154793,4.646356367175903,33571814593
2025-02-22,3.429164438979988,2.1071290370661306,4.73485832185537,33571814593
2025-02-23,3.431782981355836,2.1324141219027473,4.726907803918608,33571814593
2025-02-24,3.434401523731684,2.18926208639619,4.666032379999808,33571814593
2025-02-25,3.4370200661075323,2.091147644253366,4.730905607738703,33571814593
2025-02-26,3.4396386084833797,2.205063555699894,4.790630861619769,33571814593
2025-02-27,3.442257150859228,2.166729752203486,4.782395688051675,33571814593
2025-02-28,3.4448756932350757,2.188784033166807,4.673845260195962,33571814593
2025-03-01,3.447494235610924,2.206986548638873,4.7555805145293695,33571814593
2025-03-02,3.4501127779867717,2.2628714640807095,4.783504212096651,33571814593
2025-03-03,3.4527313203626195,2.123354256693751,4.749334004201627,33571814593
2025-03-04,3.4553498627384673,2.256954520454688,4.757115319484067,33571814593
2025-03-05,3.4579684051143156,2.2063066412823904,4.71532204370919,33571814593
2025-03-06,3.460586947490164,2.117562204134277,4.7767161734177055,33571814593
2025-03-07,3.463205489866011,2.1490847407183127,4.739449886264008,33571814593
2025-03-08,3.4658240322418594,2.2829657006864643,4.81336536550293,33571814593
2025-03-09,3.4684425746177077,2.1964723428387627,4.769298488692139,33571814593
2025-03-10,3.4710611169935555,2.2267086557645124,4.749756623798771,33571814593
2025-03-11,3.4736796593694033,2.2136066275711035,4.752085784670922,33571814593
2025-03-12,3.476298201745251,2.2804638977109457,4.841731797377491,33571814593
2025-03-13,3.4789167441210993,2.1593975346650076,4.7626265696724115,33571814593
2025-03-14,3.481535286496947,2.2713518846287557,4.717597347526899,33571814593
2025-03-15,3.4841538288727953,2.1529903424481174,4.815672092029402,33571814593
2025-03-16,3.4867723712486427,2.0975010202692648,4.8490004411206735,33571814593
2025-03-17,3.4893909136244914,2.2164335984605787,4.896675677429483,33571814593
2023-09-26,1.0,0.9999999985565404,1.0000000013711852,33750536246
2023-09-27,1.0,0.9999999984947783,1.0000000013771306,33750536246
2023-09-28,1.0,0.9999999982943161,1.0000000018723516,33750536246
2023-09-29,1.0,0.9999999977130927,1.000000002551697,33750536246
2023-09-30,1.0,0.9999999970303917,1.0000000034762988,33750536246
2023-10-01,1.0,0.9999999955437655,1.000000005356424,33750536246
2023-10-02,1.0,0.9999999937763702,1.0000000074062623,33750536246
2023-10-03,1.0,0.9999999924345345,1.00000000957991,33750536246
2023-10-04,1.0,0.9999999902758184,1.0000000118400212,33750536246
2023-10-05,1.0,0.9999999885187619,1.0000000142598304,33750536246
2023-10-06,1.0,0.9999999865048185,1.0000000174911015,33750536246
2023-10-07,1.0,0.9999999842643046,1.000000018871418,33750536246
2023-10-08,1.0,0.9999999826248543,1.0000000225837666,33750536246
2023-10-09,1.0,0.9999999797192366,1.0000000246309015,33750536246
2023-10-10,1.0,0.9999999767973599,1.0000000275234384,33750536246
2023-10-11,1.0,0.99999997267688,1.0000000298939222,33750536246
2023-10-12,1.0,0.9999999703641028,1.0000000332257082,33750536246
2023-10-13,1.0,0.9999999662642985,1.000000036992203,33750536246
2023-10-14,1.0,0.999999962500631,1.0000000386496029,33750536246
2023-10-15,1.0,0.9999999594552115,1.000000042105701,33750536246
2023-10-16,1.0,0.999999954459772,1.000000046190577,33750536246
2023-10-17,1.0,0.9999999505696702,1.0000000500520143,33750536246
2023-10-18,1.0,0.9999999470214429,1.0000000541543117,33750536246
2023-10-19,1.0,0.9999999429762149,1.000000056488631,33750536246
2023-10-20,1.0,0.9999999390896456,1.000000059695543,33750536246
2023-10-21,1.0,0.9999999339641831,1.00000006376513,33750536246
2023-10-22,1.0,0.9999999305356663,1.0000000671813865,33750536246
2023-10-23,1.0,0.9999999257775368,1.00000007090474,33750536246
2024-09-10,-9.973146158284333,-10.351702165882983,-9.58947660060846,33750613973
2024-09-11,-10.004322396386112,-10.356181788152767,-9.61501421774603,33750613973
2024-09-12,-10.03549863448789,-10.398745403138593,-9.671549508312651,33750613973
2024-09-13,-10.066674872589665,-10.463934553469985,-9.663542957911575,33750613973
2024-09-14,-10.097851110691444,-10.44469592928041,-9.728351540911717,33750613973
2024-09-15,-10.129027348793219,-10.502929112558956,-9.722369069825003,33750613973
2024-09-16,-10.160203586894998,-10.536061392567037,-9.769925480328611,33750613973
2024-09-17,-10.191379824996773,-10.589360462694652,-9.827529705687745,33750613973
2024-09-18,-10.222556063098551,-10.58369436990596,-9.823961065453716,33750613973
2024-09-19,-10.25373230120033,-10.625096186882523,-9.8751832341821,33750613973
2024-09-20,-10.284908539302105,-10.646914881076752,-9.927423775599404,33750613973
2024-09-21,-10.316084777403884,-10.701940553113731,-9.956770248213825,33750613973
2024-09-22,-10.347261015505659,-10.730948480730166,-9.99036801017251,33750613973
2024-09-23,-10.37843725360744,-10.76551257240715,-10.004414679506047,33750613973
2024-09-24,-10.409613491709216,-10.78966867763498,-10.048530214187071,33750613973
2024-09-25,-10.440789729810994,-10.822485255829726,-10.052424859423876,33750613973
2024-09-26,-10.471965967912773,-10.837296082201032,-10.070545253720283,33750613973
2024-09-27,-10.503142206014548,-10.870035345379401,-10.13739070163254,33750613973
2024-09-28,-10.534318444116327,-10.885227409365447,-10.148908804308338,33750613973
2024-09-29,-10.565494682218102,-10.93371191041146,-10.174206432891104,33750613973
2024-09-30,-10.59667092031988,-11.001103015901473,-10.219775549646135,33750613973
2024-10-01,-10.627847158421659,-11.001600150182314,-10.264090574847897,33750613973
2024-10-02,-10.659023396523434,-11.056684371410588,-10.266846844013248,33750613973
2024-10-03,-10.690199634625213,-11.06364989649038,-10.30880171379231,33750613973
2024-10-04,-10.721375872726988,-11.077816361654483,-10.365544920568864,33750613973
2024-10-05,-10.752552110828766,-11.138975737630721,-10.37706818108983,33750613973
2024-10-06,-10.783728348930545,-11.143488095477652,-10.383993829014035,33750613973
2024-10-07,-10.81490458703232,-11.183289053030837,-10.43307547463117,33750613973
2025-03-04,27.79664049435537,9.462169138723784,48.0119841346352,34126797120
2025-03-05,28.650271893778417,10.278441726027685,46.13602428041956,34126797120
2025-03-06,29.41792209114938,10.84066426200696,47.72237967314131,34126797120
2025-03-07,30.081318041397395,10.323627759890869,48.546600015453116,34126797120
2025-03-08,30.625036930007848,11.945894464577307,48.94170703429302,34126797120
2025-03-09,31.036887897562725,11.341624257052004,49.99073850127439,34126797120
2025-03-10,31.308195042624856,11.61423411649695,50.945569831163866,34126797120
2025-03-11,31.43397443513037,12.84731622782988,50.46965637833615,34126797120
2025-03-12,31.41300109200052,13.158768002260992,50.12971246061303,34126797120
2025-03-13,31.247765182998585,13.391827811503985,50.19854002834957,34126797120
2025-03-14,30.944320048302632,11.77712971288317,50.318726234758685,34126797120
2025-03-15,30.512027820124302,12.834122724418313,50.16387506485314,34126797120
2025-03-16,29.963211453803584,13.11267153617079,47.793759669703135,34126797120
2025-03-17,29.312724699503466,10.746851375349996,47.31285728266032,34126797120
2025-03-18,28.57745390432907,11.388621908209673,47.330635241807926,34126797120
2025-03-19,27.775767457506042,8.716344507805466,45.58414622096117,34126797120
2025-03-20,26.92693012327914,8.145583156593222,44.911059986886364,34126797120
2025-03-21,26.050500407488943,7.574766280831173,43.58954196440948,34126797120
2025-03-22,25.16572945037533,7.862348039324604,44.35325575953721,34126797120
2025-03-23,24.290979723254388,5.597552783623276,42.62225622161917,34126797120
2025-03-24,23.44318104014389,4.399631674994162,41.74763286073917,34126797120
2025-03-25,22.637340104010818,4.455480726165427,41.55326956917846,34126797120
2025-03-26,21.88611803295596,2.578599167965779,40.83044639085362,34126797120
2025-03-27,21.1994881112852,2.250968326693719,39.15225925065399,34126797120
2025-03-28,20.584483453145737,2.593098304171764,38.83053523695023,34126797120
2025-03-29,20.045041431691168,2.5847055664654084,38.10215305827039,34126797120
2025-03-30,19.581948702375502,0.7970709512092382,38.16793707197077,34126797120
2025-03-31,19.192887527837037,0.09722859955596394,37.27106406959895,34126797120
2025-03-04,32.20230361153015,18.900486995321696,46.808155159764986,34126805261
2025-03-05,32.3688589370615,17.973370022145584,46.16547014152662,34126805261
2025-03-06,32.52386858371585,19.169988737311506,47.242399690004866,34126805261
2025-03-07,32.66582129598667,17.238449009965684,46.799387732494644,34126805261
2025-03-08,32.793700328284295,18.451091999476905,46.74612709072809,34126805261
2025-03-09,32.90693874972092,19.036587169682857,46.807871892987116,34126805261
2025-03-10,33.005353543331246,18.390130376492042,47.884444462467336,34126805261
2025-03-11,33.089062152427104,18.547497728872955,47.07801897160983,34126805261
2025-03-12,33.15838578832707,18.67337568297879,47.119252850125605,34126805261
2025-03-13,33.21374430739785,18.49200045038557,47.98865411279323,34126805261
2025-03-14,33.25554777393567,17.555416001869897,47.84810396855937,34126805261
2025-03-15,33.28408993905369,19.54714904385835,47.40829457667659,34126805261
2025-03-16,33.299448781023656,18.79131240859416,46.9568492415538,34126805261
2025-03-17,33.30139897281554,18.613986810154202,48.43510822613094,34126805261
2025-03-18,33.28934067797747,19.444276116346497,47.17410457279368,34126805261
2025-03-19,33.26224844321887,19.288349276775683,48.1853014643803,34126805261
2025-03-20,33.218643177135974,20.039051029706577,47.88053772839787,34126805261
2025-03-21,33.15658930707146,19.714275298784386,47.588312366655515,34126805261
2025-03-22,33.0737182214538,19.188069701889784,47.46277940060464,34126805261
2025-03-23,32.96727806783285,17.28990565994487,46.873354645092014,34126805261
2025-03-24,32.83420892373579,18.32633583572385,47.06949009575578,34126805261
2025-03-25,32.67124132564468,18.13711534053,47.95840326148967,34126805261
2025-03-26,32.475015167693584,17.1750114969861,46.39681566500827,34126805261
2025-03-27,32.24221510098678,17.594507511008405,46.87602355588937,34126805261
2025-03-28,31.96971780901394,16.396721947502282,47.07853441966596,34126805261
2025-03-29,31.6547459323785,16.7714550787321,46.49648819480449,34126805261
2025-03-30,31.29502299017375,16.18924711164566,45.97071139728525,34126805261
2025-03-31,30.888923413357656,15.939854107582102,45.84012578319972,34126805261
2024-06-04,3.789540247629068,2.2995706820524635,5.459762958119228,25671218131
2024-06-05,3.793674436874996,2.2907140663326984,5.382804399502664,25671218131
2024-06-06,3.797808626120923,2.214780467448276,5.434173366526592,25671218131
2024-06-07,3.80194281536685,2.1733149529624702,5.393423826572525,25671218131
2024-06-08,3.806077004612778,2.0867407553468924,5.2817060409166965,25671218131
2024-06-09,3.810211193858705,2.205172184363725,5.449013801053229,25671218131
2024-06-10,3.814345383104632,2.3038750858950445,5.3879564061055545,25671218131
2024-06-11,3.81847957235056,2.2665570372768857,5.484003758772565,25671218131
2024-06-12,3.822613761596486,2.3134371303432304,5.3727517818737045,25671218131
2024-06-13,3.826747950842414,2.2142572792343795,5.348569039540678,25671218131
2024-06-14,3.830882140088341,2.220294973711905,5.466229003066217,25671218131
2024-06-15,3.835016329334268,2.3976480287328634,5.356020617088154,25671218131
2024-06-16,3.8391505185801957,2.3415714985292273,5.427924756444372,25671218131
2024-06-17,3.8432847078261227,2.27202579464284,5.357132074643738,25671218131
2024-06-18,3.8474188970720498,2.2353884022953228,5.44946425885446,25671218131
2024-06-19,3.8515530863179777,2.2480080863824887,5.428284192168832,25671218131
2024-06-20,3.855687275563904,2.3167469963314202,5.285680441697447,25671218131
2024-06-21,3.8598214648098317,2.3096955203913883,5.51693338925234,25671218131
2024-06-22,3.8639556540557587,2.198235613365347,5.477417018061671,25671218131
2024-06-23,3.8680898433016857,2.1785284940731726,5.510731098632715,25671218131
2024-06-24,3.8722240325476127,2.4271850061236218,5.389148985050518,25671218131
2024-06-25,3.8763582217935406,2.3401218570587603,5.404346276724232,25671218131
2024-06-26,3.8804924110394676,2.3087122375315188,5.368714735280414,25671218131
2024-06-27,3.8846266002853946,2.2718684846413804,5.452894287228131,25671218131
2024-06-28,3.8887607895313216,2.289657604587212,5.524007247677368,25671218131
2024-06-29,3.8928949787772487,2.2704642648438695,5.419860471064961,25671218131
2024-06-30,3.8970291680231766,2.3548066365244424,5.510871524244434,25671218131
2024-07-01,3.901163357269104,2.482826838001231,5.588205568630927,25671218131
2025-03-04,24.08825853482052,23.105271489788393,24.992500744800658,25671218642
2025-03-05,27.544747100352875,26.596051389430396,28.467097451571615,25671218642
2025-03-06,31.3758557938163,30.47441430448282,32.28029430841803,25671218642
2025-03-07,35.55372660073409,34.64689952890823,36.47144171582841,25671218642
2025-03-08,40.039921050274394,39.12629098991091,41.07237938100326,25671218642
2025-03-09,44.785492185408614,43.85753472378609,45.71118058581341,25671218642
2025-03-10,49.73132661299395,48.789380893580415,50.67442504364135,25671218642
2025-03-11,54.80876377021484,53.87259600011868,55.76608917121366,25671218642
2025-03-12,59.94049242848553,58.97763749700068,60.9115086507896,25671218642
2025-03-13,65.04171701173594,64.14777499949236,66.01782260302812,25671218642
2025-03-14,70.021578727046,69.07594736838395,71.01414768772214,25671218642
2025-03-15,74.78480899994715,73.7974542320677,75.70805036290086,25671218642
2025-03-16,79.2335854863716,78.2864944412867,80.16360431654107,25671218642
2025-03-17,83.26955420996775,82.32098145299415,84.19305094151348,25671218642
2025-03-18,86.7959753508801,85.79194814792058,87.75969774529368,25671218642
2025-03-19,89.71994508462267,88.76543372471261,90.6030684328323,25671218642
2025-03-20,91.95464180896944,91.07531695294264,92.8598070245974,25671218642
2025-03-21,93.421542253253,92.47891434072835,94.38778995600407,25671218642
2025-03-22,94.05255145854271,93.11683482803916,94.94144830097089,25671218642
2025-03-23,93.79199053661614,92.80649263753168,94.75636013659741,25671218642
2025-03-24,92.59838751072094,91.646820796563,93.50851109004536,25671218642
2025-03-25,90.44601942342643,89.46779503190325,91.42122317246718,25671218642
2025-03-26,87.32615823867347,86.36766581892259,88.18230654431322,25671218642
2025-03-27,83.24797879528361,82.31130358477972,84.21407486098636,25671218642
2025-03-28,78.23909407963178,77.29161326138832,79.09760727401651,25671218642
2025-03-29,72.34569122775194,71.33763516249003,73.29493123771633,25671218642
2025-03-30,65.63225075903712,64.67990448226303,66.55476971541783,25671218642
2025-03-31,58.180841373484405,57.31117703892496,59.086572902163674,25671218642
2024-10-22,1.0,0.9999999986461107,1.0000000013611563,40000050358
2024-10-23,1.0,0.9999999987465488,1.000000001231657,40000050358
2024-10-24,1.0,0.9999999986584833,1.0000000012303958,40000050358
2024-10-25,1.0,0.9999999987242837,1.000000001331819,40000050358
2024-10-26,1.0,0.9999999987812578,1.0000000012828525,40000050358
2024-10-27,1.0,0.9999999987880386,1.0000000013809964,40000050358
2024-10-28,1.0,0.9999999987335522,1.000000001201984,40000050358
2024-10-29,1.0,0.9999999986994674,1.0000000014215609,40000050358
2024-10-30,1.0,0.9999999986826376,1.0000000012953743,40000050358
2024-10-31,1.0,0.9999999986666047,1.0000000012937929,40000050358
2024-11-01,1.0,0.9999999987679774,1.0000000013341903,40000050358
2024-11-02,1.0,0.9999999987331979,1.0000000012539596,40000050358
2024-11-03,1.0,0.9999999986364534,1.0000000012005001,40000050358
2024-11-04,1.0,0.999999998781673,1.0000000012115946,40000050358
2024-11-05,1.0,0.9999999987087698,1.0000000012531058,40000050358
2024-11-06,1.0,0.999999998748334,1.000000001225066,40000050358
2024-11-07,1.0,0.9999999987927747,1.0000000013011239,40000050358
2024-11-08,1.0,0.9999999987103544,1.0000000013002617,40000050358
2024-11-09,1.0,0.9999999986516831,1.00000000135273,40000050358
2024-11-10,1.0,0.9999999987168013,1.0000000012647108,40000050358
2024-11-11,1.0,0.9999999986270119,1.0000000013317971,40000050358
2024-11-12,1.0,0.9999999987617553,1.0000000014003558,40000050358
2024-11-13,1.0,0.9999999986412551,1.0000000013579322,40000050358
2024-11-14,1.0,0.9999999986434664,1.0000000014027797,40000050358
2024-11-15,1.0,0.9999999987117576,1.0000000014036179,40000050358
2024-11-16,1.0,0.9999999986616732,1.000000001363587,40000050358
2024-11-17,1.0,0.9999999986793565,1.0000000013508656,40000050358
2024-11-18,1.0,0.9999999987035567,1.0000000014022916,40000050358
2024-12-31,7.585582207787934,7.024025581166875,8.14097947513563,40154920524
2025-01-01,7.6245401443000835,7.016188126313796,8.154287763315454,40154920524
2025-01-02,7.663498080812233,7.032434086176799,8.245268042281095,40154920524
2025-01-03,7.702456017324383,7.158015274592319,8.281280627290403,40154920524
2025-01-04,7.741413953836532,7.205571836761063,8.289235717341704,40154920524
2025-01-05,7.780371890348682,7.220014632264385,8.309476683597824,40154920524
2025-01-06,7.819329826860829,7.2354912488698355,8.367818606462512,40154920524
2025-01-07,7.858287763372982,7.286208030341993,8.430319135197383,40154920524
2025-01-08,7.89724569988513,7.340298325627344,8.451618902794868,40154920524
2025-01-09,7.93620363639728,7.383205065171892,8.505914608953367,40154920524
2025-01-10,7.975161572909429,7.432301294256093,8.529710144539303,40154920524
2025-01-11,8.01411950942158,7.42118222448665,8.598888533040236,40154920524
2025-01-12,8.053077445933727,7.500404638986096,8.597066926339727,40154920524
2025-01-13,8.092035382445879,7.563786311588143,8.63571957018141,40154920524
2025-01-14,8.130993318958026,7.580392819005597,8.675026593369026,40154920524
2025-01-15,8.169951255470178,7.590423342288482,8.698908894628218,40154920524
2025-01-16,8.208909191982325,7.689837169806998,8.783483240965168,40154920524
2025-01-17,8.247867128494477,7.7343545027557905,8.857648531420214,40154920524
2025-01-18,8.286825065006624,7.733817161035012,8.848417083175677,40154920524
2025-01-19,8.325783001518776,7.78405719177813,8.878907366587056,40154920524
2025-01-20,8.364740938030923,7.799185666987956,8.923067082477527,40154920524
2025-01-21,8.403698874543071,7.84249613647124,8.994715492898571,40154920524
2025-01-22,8.442656811055222,7.901083553087317,9.013257185454378,40154920524
2025-01-23,8.481614747567374,7.9400681365832595,9.033530938249529,40154920524
2025-01-24,8.520572684079522,7.967712599910839,9.046499055306668,40154920524
2025-01-25,8.559530620591671,7.989114696422758,9.135526364560683,40154920524
2025-01-26,8.59848855710382,8.022256456813793,9.168377002176415,40154920524
2025-01-27,8.63744649361597,8.101835494730066,9.218361957655588,40154920524
2024-09-03,-6.69474375115316,-7.505875775047273,-5.961810872433882,40154921194
2024-09-04,-6.7418914567823744,-7.481697950504198,-5.941737529491036,40154921194
2024-09-05,-6.789039162411587,-7.550068238202955,-6.0529284987982654,40154921194
2024-09-06,-6.836186868040803,-7.6361888517393215,-6.035464842675581,40154921194
2024-09-07,-6.883334573670018,-7.6523043881155415,-6.103829826132219,40154921194
2024-09-08,-6.93048227929923,-7.716501650720873,-6.140178230735018,40154921194
2024-09-09,-6.977629984928445,-7.70184192380803,-6.204628910516882,40154921194
2024-09-10,-7.0247776905576576,-7.7919883888195764,-6.232822127708948,40154921194
2024-09-11,-7.071925396186872,-7.820224033592429,-6.3266686589023795,40154921194
2024-09-12,-7.119073101816086,-7.8956796802474365,-6.371139124002935,40154921194
2024-09-13,-7.166220807445301,-7.9453875770561355,-6.381847738653362,40154921194
2024-09-14,-7.2133685130745135,-7.938169408262383,-6.436152515404092,40154921194
2024-09-15,-7.260516218703728,-8.005349923847696,-6.419097665248264,40154921194
2024-09-16,-7.307663924332941,-8.039293546307452,-6.59853071688623,40154921194
2024-09-17,-7.354811629962155,-8.096863807195275,-6.6255926077483105,40154921194
2024-09-18,-7.401959335591371,-8.197855417622105,-6.657214746738819,40154921194
2024-09-19,-7.449107041220584,-8.215239693503458,-6.726338186891331,40154921194
2024-09-20,-7.496254746849798,-8.232118934012455,-6.73308448379823,40154921194
2024-09-21,-7.543402452479011,-8.273506717322435,-6.803700680293059,40154921194
2024-09-22,-7.5905501581082255,-8.352592470823963,-6.920094812378345,40154921194
2024-09-23,-7.637697863737438,-8.377022005312428,-6.892039529845957,40154921194
2024-09-24,-7.684845569366654,-8.447108004907632,-6.938619654907231,40154921194
2024-09-25,-7.731993274995867,-8.491928016367039,-7.039845428076002,40154921194
2024-09-26,-7.7791409806250815,-8.5990048948133,-7.030539830464959,40154921194
2024-09-27,-7.826288686254294,-8.613001207067247,-7.110632512621119,40154921194
2024-09-28,-7.873436391883509,-8.708917466572776,-7.112805146822711,40154921194
2024-09-29,-7.920584097512721,-8.674466479426975,-7.140246908939329,40154921194
2024-09-30,-7.967731803141936,-8.789116369978116,-7.194458243394739,40154921194
2025-03-04,-1.7298623844520145,-3.6542136953780795,0.32460184183046853,35418350431
2025-03-05,-1.608975501514459,-3.750786004216089,0.35336570762992836,35418350431
2025-03-06,-1.493789775161241,-3.524134972507971,0.5014496449837685,35418350431
2025-03-07,-1.3875391400396588,-3.4794369323182432,0.4791719457533352,35418350431
2025-03-08,-1.2933592358893575,-3.328994431130558,0.7385984677038361,35418350431
2025-03-09,-1.2141923944191215,-3.147296021842783,0.7714900531691418,35418350431
2025-03-10,-1.1526966226114717,-3.2010164337244653,0.8161235366094977,35418350431
2025-03-11,-1.111161319796477,-3.1475652524937927,0.971416402992091,35418350431
2025-03-12,-1.091432289451706,-3.1800472962538997,0.8591663025315411,35418350431
2025-03-13,-1.0948483546389158,-3.375834475638589,0.8378259974753813,35418350431
2025-03-14,-1.1221915653146028,-3.0865418510669196,0.7464856764489309,35418350431
2025-03-15,-1.1736526055142962,-3.128621775305774,0.7876710588545658,35418350431
2025-03-16,-1.248812579397996,-3.2669139119873156,0.7162925352535776,35418350431
2025-03-17,-1.3466418896114463,-3.3482223896442713,0.6461890399002187,35418350431
2025-03-18,-1.465516432684365,-3.4316298091021165,0.6349684362428133,35418350431
2025-03-19,-1.6032508382544828,-3.6205185281401477,0.31144534062653145,35418350431
2025-03-20,-1.7571479861716668,-3.835213942165249,0.1672514057882024,35418350431
2025-03-21,-1.9240635621249975,-3.9118443566199477,0.08269038969807499,35418350431
2025-03-22,-2.1004839721185,-4.060609026791546,-0.22059919960093713,35418350431
2025-03-23,-2.28261554162907,-4.289322911995209,-0.19953846540229034,35418350431
2025-03-24,-2.4664825881263086,-4.419285355458471,-0.523977054594598,35418350431
2025-03-25,-2.648031685650147,-4.6340792262287955,-0.5852591897454871,35418350431
2025-03-26,-2.8232392453466923,-4.861459759050813,-0.785581949862482,35418350431
2025-03-27,-2.9882194220441,-4.979058730687605,-0.7503121216384857,35418350431
2025-03-28,-3.139329327619914,-5.062300150142611,-1.2057778341965792,35418350431
2025-03-29,-3.2732685882210006,-5.1799982957757065,-1.3453241002235237,35418350431
2025-03-30,-3.387170422982376,-5.400605442964415,-1.112562293016382,35418350431
2025-03-31,-3.4786816429943657,-5.542178718931032,-1.4245143689672861,35418350431
2025-03-04,5.574076794074285,4.1591682469342475,7.197949433463736,35760802213
2025-03-05,5.574002625635359,3.955870106330952,7.222155278014435,35760802213
2025-03-06,5.573928457196432,3.9949976589710614,7.223772543771695,35760802213
2025-03-07,5.573854288757506,4.016991754152306,7.039349054839034,35760802213
2025-03-08,5.57378012031858,3.876126569438633,7.084926293592334,35760802213
2025-03-09,5.573705951879654,4.105847645985916,7.076637218936963,35760802213
2025-03-10,5.573631783440728,4.084718429036059,7.125064029094278,35760802213
2025-03-11,5.573557615001802,3.909115968867428,7.150776014161156,35760802213
2025-03-12,5.573483446562875,3.840000196956597,7.223831035931328,35760802213
2025-03-13,5.573409278123949,3.971586916747702,7.117764614533603,35760802213
2025-03-14,5.573335109685022,4.078238032315281,7.187213991683411,35760802213
2025-03-15,5.5732609412460965,3.860139920955845,7.157642986443971,35760802213
2025-03-16,5.57318677280717,3.9899585593424507,7.182340242573193,35760802213
2025-03-17,5.573112604368244,4.042780709862502,7.231827312351387,35760802213
2025-03-18,5.573038435929318,3.977482184530166,7.208243104573133,35760802213
2025-03-19,5.572964267490391,4.004057163531485,7.160379456460548,35760802213
2025-03-20,5.572890099051465,3.8919572177051664,7.108697826338272,35760802213
2025-03-21,5.572815930612538,3.9217854542904926,7.086406215167503,35760802213
2025-03-22,5.572741762173612,4.048914686351362,7.10295741652639,35760802213
2025-03-23,5.572667593734686,3.995572267326708,7.19982777339799,35760802213
2025-03-24,5.57259342529576,3.8761512346746314,7.110665017752174,35760802213
2025-03-25,5.572519256856834,4.010086037047901,7.161993932456306,35760802213
2025-03-26,5.572445088417908,4.070686666024835,7.1793526907594805,35760802213
2025-03-27,5.572370919978981,4.056577039902892,7.073950269370838,35760802213
2025-03-28,5.572296751540055,3.890567643681031,7.083226522719244,35760802213
2025-03-29,5.572222583101128,4.026112606958491,7.1645331428494465,35760802213
2025-03-30,5.572148414662203,4.027106255402789,7.147118353170488,35760802213
2025-03-31,5.572074246223276,3.885863733162175,7.106261850622938,35760802213
2025-02-25,3.703437964010566,0.5582134986112174,6.6302926686915775,35760805589
2025-02-26,3.7089205584157345,0.44526281853347655,6.734236738646908,35760805589
2025-02-27,3.714403152820904,0.6195667762823611,6.751577072810387,35760805589
2025-02-28,3.7198857472260713,0.5679521080982839,6.747941631994063,35760805589
2025-03-01,3.7253683416312406,0.7277555888954775,6.9098405860833605,35760805589
2025-03-02,3.730850936036409,0.5756445690232483,6.817205515925895,35760805589
2025-03-03,3.7363335304415775,0.7672346948258778,6.830908146072241,35760805589
2025-03-04,3.7418161248467467,0.7645794013402972,6.824295657915859,35760805589
2025-03-05,3.747298719251915,0.44451821182161005,6.698357027561946,35760805589
2025-03-06,3.7527813136570836,0.7257171742769014,6.870351257726796,35760805589
2025-03-07,3.758263908062252,0.563023530148522,6.95847291560002,35760805589
2025-03-08,3.7637465024674204,0.6711955288209351,6.956821856497963,35760805589
2025-03-09,3.7692290968725897,0.6582526503301062,6.9140647659390435,35760805589
2025-03-10,3.774711691277758,0.801399547222597,6.809307159597546,35760805589
2025-03-11,3.7801942856829265,0.7878230368089048,6.70680551288984,35760805589
2025-03-12,3.785676880088095,0.8286407565030937,6.740667540983446,35760805589
2025-03-13,3.7911594744932633,0.7112234378238073,6.685750792193178,35760805589
2025-03-14,3.7966420688984317,0.8081592135574998,6.766530401160153,35760805589
2025-03-15,3.802124663303601,0.8358987220803776,7.022098588691429,35760805589
2025-03-16,3.8076072577087694,0.876989379528778,6.981395741579365,35760805589
2025-03-17,3.8130898521139387,0.8642909996468773,6.906204935165468,35760805589
2025-03-18,3.818572446519107,0.49220534961095697,7.0064591222152695,35760805589
2025-03-19,3.8240550409242755,0.6017484974157173,6.957724656436483,35760805589
2025-03-20,3.829537635329444,0.8670810594346806,7.079605717574992,35760805589
2025-03-21,3.8350202297346123,0.6960422503903394,6.805387080704476,35760805589
2025-03-22,3.8405028241397807,0.7241635127206103,6.935174758434737,35760805589
2025-03-23,3.84598541854495,0.5963502746136686,7.0425649924225375,35760805589
2025-03-24,3.8514680129501184,0.537585228993085,6.894516639391726,35760805589
2025-02-25,8.792876026250982,5.740837604331849,11.756699742732224,35760808536
2025-02-26,8.811491363326333,5.8367979168717214,11.68136187004771,35760808536
2025-02-27,8.830106700401686,5.673656928364445,11.87973081708949,35760808536
2025-02-28,8.848722037477037,5.85330667804543,11.84241064512422,35760808536
2025-03-01,8.86733737455239,6.013110928276493,11.751502682809512,35760808536
2025-03-02,8.885952711627743,5.955617607657474,11.827942804331338,35760808536
2025-03-03,8.904568048703096,5.864406590001792,11.739538627938678,35760808536
2025-03-04,8.923183385778445,5.8088131575434225,11.649016064084048,35760808536
2025-03-05,8.9417987228538,5.885493943238431,11.905277775058877,35760808536
2025-03-06,8.960414059929155,6.074903859084236,11.864826642808191,35760808536
2025-03-07,8.979029397004505,6.044953419798056,12.046244667763608,35760808536
2025-03-08,8.99764473407986,6.049328089685614,11.838420930092651,35760808536
2025-03-09,9.016260071155209,5.988061728314332,11.948354881359014,35760808536
2025-03-10,9.034875408230564,6.148634027159947,12.120908947998327,35760808536
2025-03-11,9.053490745305915,6.445982584131591,12.307121846889057,35760808536
2025-03-12,9.072106082381268,6.186491988281466,11.989858610766818,35760808536
2025-03-13,9.090721419456619,5.895315950039135,11.695560150102999,35760808536
2025-03-14,9.109336756531972,6.245667346860408,11.922339590399728,35760808536
2025-03-15,9.127952093607327,6.162063505067678,12.13960244822489,35760808536
2025-03-16,9.146567430682678,6.053636527511143,12.230663586889236,35760808536
2025-03-17,9.165182767758031,6.330707563728722,12.281680548902484,35760808536
2025-03-18,9.183798104833382,6.288263834405823,12.22766962013192,35760808536
2025-03-19,9.202413441908735,6.147331800665035,12.035570519830395,35760808536
2025-03-20,9.221028778984088,6.285941513578932,12.424266842944263,35760808536
2025-03-21,9.239644116059441,6.459099866652227,12.208670531982282,35760808536
2025-03-22,9.258259453134793,6.2071331152760845,12.045714026090657,35760808536
2025-03-23,9.276874790210146,6.28068767351498,12.26822013455001,35760808536
2025-03-24,9.295490127285499,6.410044751591871,12.139592362816886,35760808536
2025-03-04,56.69132824481241,56.411004445940094,56.94984093858856,35760809177
2025-03-05,66.87399267078557,66.62072206667058,67.15481140452579,35760809177
2025-03-06,82.01280377054428,81.75217410433396,82.29398659945772,35760809177
2025-03-07,102.5237177730342,102.25243588849484,102.80062531348466,35760809177
2025-03-08,128.7159993437117,128.46079852089557,128.97000163460444,35760809177
2025-03-09,160.77969565111934,160.49523923628382,161.02642321153564,35760809177
2025-03-10,198.7755588584581,198.50045333855675,199.05078323991694,35760809177
2025-03-11,242.6277151115562,242.3457602725466,242.91181507552554,35760809177
2025-03-12,292.119316754951,291.86981815837424,292.39225793520717,35760809177
2025-03-13,346.8913464704031,346.6178420259223,347.18164518808015,35760809177
2025-03-14,406.44466893981917,406.1643774750279,406.7147563720765,35760809177
2025-03-15,470.14534925489284,469.86538836626727,470.40565687017283,35760809177
2025-03-16,537.2331795119212,536.9564730806961,537.4891193942426,35760809177
2025-03-17,606.8332777619693,606.5514556293549,607.1279288458653,35760809177
2025-03-18,677.9705486611525,677.7168785668962,678.2552231024215,35760809177
2025-03-19,749.5867246631537,749.3141264566623,749.869670416032,35760809177
2025-03-20,820.5596422092834,820.2992887061177,820.8326731829723,35760809177
2025-03-21,889.7243507131682,889.4255114117992,889.9898274836302,35760809177
2025-03-22,955.895604690883,955.6178809669351,956.1494574010255,35760809177
2025-03-23,1017.8912523629834,1017.6177747579881,1018.1806473479668,35760809177
2025-03-24,1074.5560084278193,1074.285786435521,1074.8283805725894,35760809177
2025-03-25,1124.7850851658482,1124.52202746913,1125.0694236242648,35760809177
2025-03-26,1167.547154972289,1167.266908849325,1167.808392700713,35760809177
2025-03-27,1201.906128907452,1201.6160256707972,1202.1803114710315,35760809177
2025-03-28,1227.0412596504166,1226.7906111318737,1227.3122788931423,35760809177
2025-03-29,1242.265112814811,1242.018950422346,1242.5386064979,35760809177
2025-03-30,1247.0389970770132,1246.7773737098469,1247.3187494726353,35760809177
2025-03-31,1240.9854998655278,1240.7183919105678,1241.2602540757346,35760809177
2024-11-12,1.9983852389044556,1.9983852389035066,1.9983852389054737,3576081009
2024-11-13,1.9999603738250906,1.9999603738241387,1.9999603738261527,3576081009
2024-11-14,2.0015355087457256,2.001535508744835,2.0015355087466604,3576081009
2024-11-15,2.0031106436663606,2.0031106436653796,2.003110643667392,3576081009
2024-11-16,2.0046857785869956,2.004685778585974,2.004685778588006,3576081009
2024-11-17,2.00626091350763,2.0062609135066323,2.0062609135086285,3576081009
2024-11-18,2.0078360484282656,2.0078360484272695,2.007836048429304,3576081009
2024-11-19,2.0094111833489,2.009411183347845,2.009411183349954,3576081009
2024-11-20,2.010986318269535,2.0109863182685315,2.010986318270517,3576081009
2024-11-21,2.01256145319017,2.012561453189227,2.0125614531912026,3576081009
2024-11-22,2.0141365881108046,2.0141365881098814,2.014136588111906,3576081009
2024-11-23,2.01571172303144,2.0157117230304733,2.015711723032477,3576081009
2024-11-24,2.0172868579520746,2.0172868579511123,2.0172868579531236,3576081009
2024-11-25,2.0188619928727096,2.0188619928716993,2.0188619928736644,3576081009
2024-11-26,2.0204371277933446,2.0204371277923383,2.0204371277943474,3576081009
2024-11-27,2.0220122627139796,2.022012262712952,2.0220122627150467,3576081009
2024-11-28,2.0235873976346146,2.023587397633602,2.023587397635574,3576081009
2024-11-29,2.025162532555249,2.025162532554226,2.0251625325563447,3576081009
2024-11-30,2.0267376674758846,2.0267376674748134,2.026737667476958,3576081009
2024-12-01,2.028312802396519,2.0283128023954893,2.028312802397529,3576081009
2024-12-02,2.0298879373171546,2.029887937316148,2.0298879373182728,3576081009
2024-12-03,2.031463072237789,2.031463072236799,2.0314630722388567,3576081009
2024-12-04,2.033038207158424,2.0330382071573427,2.033038207159441,3576081009
2024-12-05,2.034613342079059,2.034613342078093,2.0346133420801475,3576081009
2024-12-06,2.0361884769996936,2.0361884769985883,2.0361884770008074,3576081009
2024-12-07,2.0377636119203295,2.03776361191941,2.037763611921423,3576081009
2024-12-08,2.039338746840964,2.0393387468399387,2.0393387468420623,3576081009
2024-12-09,2.0409138817615986,2.040913881760525,2.0409138817626946,3576081009
2025-01-14,1.0252015887742392,1.0252015887692947,1.0252015887788173,35760810972
2025-01-15,1.0503857790942375,1.0503857790893822,1.0503857790992,35760810972
2025-01-16,1.0755699694142353,1.0755699694091403,1.0755699694192244,35760810972
2025-01-17,1.100754159734234,1.1007541597295074,1.1007541597390955,35760810972
2025-01-18,1.125938350054232,1.1259383500489442,1.1259383500592643,35760810972
2025-01-19,1.1511225403742298,1.151122540369016,1.1511225403792342,35760810972
2025-01-20,1.176306730694228,1.1763067306889134,1.1763067306996133,35760810972
2025-01-21,1.201490921014226,1.2014909210084204,1.201490921019267,35760810972
2025-01-22,1.2266751113342238,1.2266751113287926,1.2266751113394765,35760810972
2025-01-23,1.2518593016542225,1.2518593016484234,1.2518593016598376,35760810972
2025-01-24,1.2770434919742204,1.277043491967967,1.2770434919796816,35760810972
2025-01-25,1.3022276822942187,1.3022276822875236,1.302227682299372,35760810972
2025-01-26,1.3274118726142166,1.3274118726074218,1.3274118726199593,35760810972
2025-01-27,1.3525960629342144,1.3525960629267402,1.352596062940216,35760810972
2025-01-28,1.3777802532542127,1.3777802532469696,1.3777802532598904,35760810972
2025-01-29,1.4029644435742106,1.4029644435664232,1.4029644435810593,35760810972
2025-01-30,1.4281486338942093,1.4281486338856062,1.428148633900428,35760810972
2025-01-31,1.4533328242142072,1.4533328242039403,1.4533328242208465,35760810972
2025-02-01,1.478517014534205,1.4785170145206687,1.4785170145409006,35760810972
2025-02-02,1.5037012048542033,1.5037012048087937,1.503701204861503,35760810972
2025-02-03,1.5288853951742012,1.5288853951101755,1.5288853951811958,35760810972
2025-02-04,1.554069585494199,1.554069585345613,1.5540695855026445,35760810972
2025-02-05,1.5792537758141978,1.579253775431217,1.5792537758235707,35760810972
2025-02-06,1.6044379661341956,1.6044379656349381,1.604437966143424,35760810972
2025-02-07,1.629622156454194,1.6296221557673607,1.6296221564641655,35760810972
2025-02-08,1.6548063467741922,1.6548063458959503,1.654806346804608,35760810972
2025-02-09,1.6799905370941906,1.6799905361006542,1.6799905372909139,35760810972
2025-02-10,1.7051747274141884,1.7051747262894914,1.7051747276715281,35760810972
2025-03-04,2.199058508158871,-0.03683852355871244,4.4652936509194285,3577564803
2025-03-05,2.3416629187507514,-0.06698756116965725,4.732256117970231,3577564803
2025-03-06,2.48634272399439,-0.048091420725795093,4.8201579888248025,3577564803
2025-03-07,2.631099918211015,0.20876353808935727,4.9209387238195825,3577564803
2025-03-08,2.773995825927726,0.5049687879915356,5.034143073550674,3577564803
2025-03-09,2.9132143109509783,0.543625772752802,5.289497663374122,3577564803
2025-03-10,3.0471198285948997,0.5865408986480131,5.4611685921773,3577564803
2025-03-11,3.174308182318252,0.9529236549327262,5.619878924690205,3577564803
2025-03-12,3.293648116603494,1.0346890325366067,5.42052342270299,3577564803
2025-03-13,3.4043122145245417,1.094269305570184,5.790075664751992,3577564803
2025-03-14,3.5057959596662505,0.9024313501861081,5.924249084453263,3577564803
2025-03-15,3.5979242541301835,1.2809140859344512,6.038757019056364,3577564803
2025-03-16,3.680845142538775,1.1768482070372854,5.9443795299497815,3577564803
2025-03-17,3.755010960326926,1.4551640309038525,6.085054780814353,3577564803
2025-03-18,3.821147587087686,1.5274679264966857,6.227663689194011,3577564803
2025-03-19,3.8802129263559118,1.677080610032703,6.281249926445894,3577564803
2025-03-20,3.9333461366053535,1.6176261295747145,6.191554435847512,3577564803
2025-03-21,3.9818094904375174,1.6231980531789083,6.244866586728025,3577564803
2025-03-22,4.026925027404305,1.7401996485038127,6.506169586856954,3577564803
2025-03-23,4.070008380449362,1.7096871848633268,6.367762300049949,3577564803
2025-03-24,4.112302288541466,1.6753474559519557,6.505331558366888,3577564803
2025-03-25,4.154912353589742,1.7271954518417232,6.440892955527862,3577564803
2025-03-26,4.198747555808008,2.055802202459978,6.580084566858356,3577564803
2025-03-27,4.244467909011057,1.8789244204475104,6.591705018639132,3577564803
2025-03-28,4.2924414194405935,1.9973286681774023,6.574435863593149,3577564803
2025-03-29,4.342712215141593,2.149491151535187,6.687435475509353,3577564803
2025-03-30,4.394981346825295,1.9611122862837183,6.75728319468348,3577564803
2025-03-31,4.448601336935755,2.086026541824601,6.830863873494085,3577564803
2025-01-28,1.0,0.9999999986998953,1.0000000013770607,43464179063
2025-01-29,1.0,0.9999999987500205,1.0000000011892685,43464179063
2025-01-30,1.0,0.9999999988034651,1.0000000012911663,43464179063
2025-01-31,1.0,0.9999999987007449,1.0000000012462995,43464179063
2025-02-01,1.0,0.999999998613055,1.0000000012299954,43464179063
2025-02-02,1.0,0.999999998661637,1.0000000012760144,43464179063
2025-02-03,1.0,0.9999999986049624,1.00000000139591,43464179063
2025-02-04,1.0,0.9999999986274455,1.000000001333109,43464179063
2025-02-05,1.0,0.9999999985249017,1.0000000013495567,43464179063
2025-02-06,1.0,0.9999999985527152,1.0000000014668982,43464179063
2025-02-07,1.0,0.9999999987228595,1.0000000014848915,43464179063
2025-02-08,1.0,0.9999999986244696,1.0000000015470205,43464179063
2025-02-09,1.0,0.9999999983783849,1.0000000015051793,43464179063
2025-02-10,1.0,0.9999999983598576,1.0000000016374582,43464179063
2025-02-11,1.0,0.9999999983524253,1.0000000017488295,43464179063
2025-02-12,1.0,0.9999999981628961,1.0000000018763946,43464179063
2025-02-13,1.0,0.9999999981355974,1.0000000017517958,43464179063
2025-02-14,1.0,0.9999999979342331,1.0000000018476989,43464179063
2025-02-15,1.0,0.9999999979532808,1.0000000020746076,43464179063
2025-02-16,1.0,0.9999999976659321,1.000000002155807,43464179063
2025-02-17,1.0,0.99999999771199,1.0000000022237325,43464179063
2025-02-18,1.0,0.9999999976431663,1.0000000024615312,43464179063
2025-02-19,1.0,0.9999999973759615,1.0000000025446094,43464179063
2025-02-20,1.0,0.9999999974426935,1.0000000026482923,43464179063
2025-02-21,1.0,0.9999999971513877,1.0000000028964446,43464179063
2025-02-22,1.0,0.9999999969556783,1.0000000028273124,43464179063
2025-02-23,1.0,0.9999999964644002,1.0000000035027767,43464179063
2025-02-24,1.0,0.9999999963137679,1.0000000035691292,43464179063
2025-02-11,0.7164351481683671,-2.277835098054709,3.9199118886294873,41273567751
2025-02-12,0.7108772801940075,-2.282169607998997,3.761533706090169,41273567751
2025-02-13,0.7053194122196484,-2.237911584534693,3.650707069316681,41273567751
2025-02-14,0.6997615442452894,-2.2066467135655015,3.749686418668817,41273567751
2025-02-15,0.6942036762709307,-2.4203184036587198,3.6480301470898655,41273567751
2025-02-16,0.6886458082965712,-2.2194266218760914,3.6709909146349475,41273567751
2025-02-17,0.6830879403222121,-2.3271095006144336,3.577960947252516,41273567751
2025-02-18,0.6775300723478535,-2.2441360622248827,3.4741152947533087,41273567751
2025-02-19,0.6719722043734939,-2.155980555322975,3.724970598110537,41273567751
2025-02-20,0.6664143363991348,-2.4779795930614177,3.743573702741568,41273567751
2025-02-21,0.6608564684247762,-2.3631556515739947,3.498788806524832,41273567751
2025-02-22,0.6552986004504171,-2.2603391044020773,3.5690828455676153,41273567751
2025-02-23,0.6497407324760576,-2.410048284748092,3.845148859408326,41273567751
2025-02-24,0.6441828645016989,-2.250327737842082,3.699959061213428,41273567751
2025-02-25,0.6386249965273398,-2.3743873359797787,3.7239572190920978,41273567751
2025-02-26,0.6330671285529803,-2.3908002257183827,3.708342940993322,41273567751
2025-02-27,0.6275092605786212,-2.2038775931644428,3.597817644722077,41273567751
2025-02-28,0.6219513926042621,-2.3360850398004924,3.5761259042735465,41273567751
2025-03-01,0.616393524629903,-2.2155283251740165,3.7398798398579767,41273567751
2025-03-02,0.610835656655544,-2.2550037990764307,3.7373512847156163,41273567751
2025-03-03,0.6052777886811849,-2.276293878194342,3.6239908750719216,41273567751
2025-03-04,0.5997199207068258,-2.439739278682192,3.51787717336965,41273567751
2025-03-05,0.5941620527324663,-2.451245024738315,3.358191401821453,41273567751
2025-03-06,0.5886041847581076,-2.479353574668555,3.5506760895753424,41273567751
2025-03-07,0.5830463167837485,-2.062347361533583,3.697362917696177,41273567751
2025-03-08,0.5774884488093899,-2.1874194136820235,3.4227399154410914,41273567751
2025-03-09,0.5719305808350303,-2.49278984988686,3.492482464507492,41273567751
2025-03-10,0.5663727128606717,-2.4657787548692456,3.5842768497108684,41273567751
2025-02-25,2.4244599033329446,1.2358357292469404,3.5709759337090663,41273568614
2025-02-26,2.4252930236321553,1.273222587394424,3.5707296087665803,41273568614
2025-02-27,2.426126143931366,1.2430642950505744,3.560643100684962,41273568614
2025-02-28,2.4269592642305766,1.2804730662465889,3.5899229501831553,41273568614
2025-03-01,2.4277923845297877,1.1614220436204328,3.621478258332511,41273568614
2025-03-02,2.4286255048289984,1.2728348895090833,3.525485046887883,41273568614
2025-03-03,2.429458625128209,1.2714449845650373,3.5939756117288058,41273568614
2025-03-04,2.4302917454274198,1.1647468323658763,3.5715502366543315,41273568614
2025-03-05,2.431124865726631,1.2812419832338429,3.6452523328061734,41273568614
2025-03-06,2.4319579860258416,1.3124920122745773,3.6238122302812363,41273568614
2025-03-07,2.4327911063250522,1.2519622064155678,3.6155959086978755,41273568614
2025-03-08,2.433624226624263,1.2059494780381042,3.6684454896102,41273568614
2025-03-09,2.4344573469234736,1.2497828195972411,3.683805310024378,41273568614
2025-03-10,2.4352904672226847,1.28670160900321,3.5611808518701027,41273568614
2025-03-11,2.4361235875218954,1.2075393073719587,3.5952878364632865,41273568614
2025-03-12,2.436956707821106,1.2575086451079918,3.6157813505937857,41273568614
2025-03-13,2.4377898281203167,1.192583740502466,3.5744037104814756,41273568614
2025-03-14,2.438622948419528,1.2385164990104836,3.5867902878231117,41273568614
2025-03-15,2.4394560687187385,1.2737907458445468,3.6443763334043453,41273568614
2025-03-16,2.4402891890179492,1.2752300373834704,3.597718621509151,41273568614
2025-03-17,2.44112230931716,1.2968923437365172,3.5632967729846836,41273568614
2025-03-18,2.4419554296163706,1.2670883736838539,3.664433117441386,41273568614
2025-03-19,2.4427885499155817,1.2981505534193236,3.674170039086217,41273568614
2025-03-20,2.4436216702147924,1.345862530624116,3.573970823588877,41273568614
2025-03-21,2.444454790514003,1.3156283139129905,3.601406450113899,41273568614
2025-03-22,2.4452879108132137,1.2576085520486309,3.543029229755728,41273568614
2025-03-23,2.446121031112425,1.201334892360584,3.5978917536943578,41273568614
2025-03-24,2.4469541514116355,1.2114688433444032,3.5593799590451436,41273568614
2025-02-25,7.285710583665994,7.285710582627227,7.285710584826935,41276985638
2025-02-26,7.571424869399289,7.571424868143459,7.571424870628119,41276985638
2025-02-27,7.857139155132588,7.857139153925182,7.857139156398095,41276985638
2025-02-28,8.142853440865887,8.14285343950645,8.142853442239952,41276985638
2025-03-01,8.428567726599185,8.428567725180002,8.428567728091323,41276985638
2025-03-02,8.714282012332482,8.714282010571582,8.714282014095147,41276985638
2025-03-03,8.999996298065781,8.999996296018317,8.999996300026226,41276985638
2025-03-04,9.28571058379908,9.285710581576891,9.285710586053979,41276985638
2025-03-05,9.571424869532377,9.571424866542658,9.571424872651875,41276985638
2025-03-06,9.857139155265676,9.857139151589802,9.857139159731412,41276985638
2025-03-07,10.142853440998975,10.142853436311709,10.142853446078819,41276985638
2025-03-08,10.428567726732274,10.428567720803892,10.428567732808654,41276985638
2025-03-09,10.714282012465569,10.714282004951485,10.71428201959929,41276985638
2025-03-10,10.999996298198868,10.999996289321132,10.999996306701819,41276985638
2025-03-11,11.285710583932167,11.285710572875622,11.285710593866671,41276985638
2025-03-12,11.571424869665462,11.57142485717169,11.571424880965152,41276985638
2025-03-13,11.85713915539876,11.857139140499644,11.857139167502398,41276985638
2025-03-14,12.14285344113206,12.14285342458784,12.142853454734173,41276985638
2025-03-15,12.428567726865358,12.428567709420397,12.428567742203493,41276985638
2025-03-16,12.714282012598657,12.714281993159213,12.714282029776758,41276985638
2025-03-17,12.999996298331956,12.999996276735947,12.999996318118873,41276985638
2025-03-18,13.285710584065251,13.285710561066558,13.285710605992273,41276985638
2025-03-19,13.571424869798554,13.571424844863335,13.57142489492067,41276985638
2025-03-20,13.857139155531849,13.857139128754918,13.857139182862825,41276985638
2025-03-21,14.142853441265148,14.142853412667437,14.142853469776101,41276985638
2025-03-22,14.428567726998448,14.428567696371148,14.428567758560913,41276985638
2025-03-23,14.714282012731744,14.714281980045874,14.714282046394258,41276985638
2025-03-24,14.999996298465046,14.99999626194911,14.999996334714151,41276985638
2025-02-18,109.90443163035172,102.95103408683491,116.1225748919336,41491392694
2025-02-19,110.43952772561039,104.24958481058756,117.29630467089213,41491392694
2025-02-20,110.97462382086908,104.44858668800603,117.67293787744806,41491392694
2025-02-21,111.50971991612775,104.5860465182548,118.60368019989819,41491392694
2025-02-22,112.04481601138644,105.27409669700249,118.37044340154625,41491392694
2025-02-23,112.57991210664511,105.39274435034068,119.36610227203519,41491392694
2025-02-24,113.1150082019038,106.3739267137373,119.884698139569,41491392694
2025-02-25,113.6501042971625,107.03297917333049,120.22322915337911,41491392694
2025-02-26,114.18520039242117,107.66329320286638,121.48550054007474,41491392694
2025-02-27,114.72029648767983,107.69178509689036,120.85137699182242,41491392694
2025-02-28,115.25539258293853,108.57716011605312,122.58119075073829,41491392694
2025-03-01,115.79048867819719,109.04827404739376,122.01837220318319,41491392694
2025-03-02,116.32558477345589,109.40386228117943,122.48747407200752,41491392694
2025-03-03,116.86068086871455,110.14818708922957,123.25306235374461,41491392694
2025-03-04,117.39577696397322,110.60723469086534,123.86795998690522,41491392694
2025-03-05,117.93087305923191,111.5610614360148,124.72340022521355,41491392694
2025-03-06,118.46596915449058,111.68926638741634,124.8498405294525,41491392694
2025-03-07,119.00106524974927,112.42357538133416,125.67487066208159,41491392694
2025-03-08,119.53616134500794,112.83028479672335,126.132584480121,41491392694
2025-03-09,120.07125744026666,113.00859315957842,126.81642836934058,41491392694
2025-03-10,120.60635353552533,114.4535318764433,127.03291823054644,41491392694
2025-03-11,121.141449630784,115.11689646383003,127.41790860167035,41491392694
2025-03-12,121.67654572604266,115.12347361057941,128.49990194691614,41491392694
2025-03-13,122.21164182130136,115.30614100728666,128.85859179958177,41491392694
2025-03-14,122.74673791656005,116.08804371135136,129.16350889265254,41491392694
2025-03-15,123.28183401181872,116.87025590056115,129.81893763841921,41491392694
2025-03-16,123.81693010707738,117.09716187778814,130.06502751191013,41491392694
2025-03-17,124.35202620233605,117.49217534750657,130.95865377744013,41491392694
2025-03-04,8.358171747132381,6.448086922192728,10.245548265918226,41491392968
2025-03-05,8.3718967483678,6.563362175559311,10.114759108706139,41491392968
2025-03-06,8.385621749603217,6.463017287127472,10.196620357925429,41491392968
2025-03-07,8.399346750838635,6.581407378319568,10.140775992159043,41491392968
2025-03-08,8.413071752074053,6.590592571911385,10.139049498537675,41491392968
2025-03-09,8.426796753309475,6.699612169010326,10.316967085229352,41491392968
2025-03-10,8.440521754544893,6.693407796573129,10.353293465541906,41491392968
2025-03-11,8.45424675578031,6.51355574623031,10.23934329972268,41491392968
2025-03-12,8.467971757015729,6.737932725146886,10.139922699538543,41491392968
2025-03-13,8.481696758251147,6.802505429774255,10.3373468754657,41491392968
2025-03-14,8.495421759486565,6.60362347827478,10.376434668469129,41491392968
2025-03-15,8.509146760721986,6.562781406771641,10.388998499269128,41491392968
2025-03-16,8.522871761957404,6.751950003001978,10.503519628206124,41491392968
2025-03-17,8.536596763192822,6.790820606934419,10.37727139638405,41491392968
2025-03-18,8.55032176442824,6.78569532883717,10.288445311614469,41491392968
2025-03-19,8.564046765663658,6.582367510551549,10.228820432628138,41491392968
2025-03-20,8.577771766899076,6.824368297426981,10.433332101428123,41491392968
2025-03-21,8.591496768134498,6.675990369127899,10.367857335990927,41491392968
2025-03-22,8.605221769369916,6.892538735665197,10.464512538944058,41491392968
2025-03-23,8.618946770605334,6.691558786631257,10.476495315497164,41491392968
2025-03-24,8.632671771840752,6.726441750284249,10.41938939932142,41491392968
2025-03-25,8.646396773076173,6.78709453325161,10.477067741112545,41491392968
2025-03-26,8.660121774311591,6.902869326016265,10.513735918878462,41491392968
2025-03-27,8.673846775547009,6.878458696974975,10.483942215121711,41491392968
2025-03-28,8.687571776782427,6.929123851060905,10.482756659585082,41491392968
2025-03-29,8.701296778017845,6.855671015054804,10.654086934382457,41491392968
2025-03-30,8.715021779253265,6.894083257104119,10.523199928869541,41491392968
2025-03-31,8.728746780488683,6.995097519159673,10.495575688807163,41491392968
2025-03-04,37.338737913417454,34.41446337693571,39.886902560880316,41491393273
2025-03-05,37.50393532418181,34.80569764391663,40.29123381958355,41491393273
2025-03-06,37.66913273494616,34.6740404759185,40.41965131328086,41491393273
2025-03-07,37.834330145710524,35.05592443914392,40.549322299396465,41491393273
2025-03-08,37.999527556474874,35.219103808854804,40.69672520345721,41491393273
2025-03-09,38.16472496723922,35.38204321467587,40.885028948190694,41491393273
2025-03-10,38.32992237800358,35.33097174630942,41.05290910679116,41491393273
2025-03-11,38.495119788767944,35.75496361805143,41.04118148926191,41491393273
2025-03-12,38.66031719953229,35.96274365411883,41.485185989020344,41491393273
2025-03-13,38.82551461029665,36.22261706153162,41.83835489455077,41491393273
2025-03-14,38.990712021061,36.049643732990994,41.83956938650019,41491393273
2025-03-15,39.15590943182536,36.35520215285096,41.76660023464412,41491393273
2025-03-16,39.3211068425897,36.57977562656887,42.15936286228731,41491393273
2025-03-17,39.48630425335407,36.65941148690383,42.2270690973033,41491393273
2025-03-18,39.65150166411843,36.63935582138142,42.292187299211975,41491393273
2025-03-19,39.81669907488277,36.91608621659625,42.72456916965617,41491393273
2025-03-20,39.98189648564714,37.413522094127224,42.69976369740002,41491393273
2025-03-21,40.147093896411484,37.3710633999924,42.978428353042624,41491393273
2025-03-22,40.31229130717584,37.555616664262914,43.097494643425264,41491393273
2025-03-23,40.4774887179402,37.75531410888756,43.219460969247436,41491393273
2025-03-24,40.642686128704554,38.04365201597103,43.62001593361987,41491393273
2025-03-25,40.807883539468904,37.99180207037952,43.541333204779484,41491393273
2025-03-26,40.97308095023327,38.064528530983175,43.80613365851347,41491393273
2025-03-27,41.13827836099762,38.36259872150654,43.9940805184939,41491393273
2025-03-28,41.30347577176197,38.50641301182785,44.180802893919406,41491393273
2025-03-29,41.46867318252632,38.667052479776366,44.17127140158137,41491393273
2025-03-30,41.63387059329068,38.97304793649033,44.43549894448957,41491393273
2025-03-31,41.79906800405503,39.075432048752354,44.62233641289821,41491393273
2025-02-25,10.68480374568243,9.100953337184727,12.085032697237127,41491394123
2025-02-26,10.719832394706614,9.179597289974737,12.309013086786722,41491394123
2025-02-27,10.754861043730797,9.152224581627037,12.416768859715663,41491394123
2025-02-28,10.789889692754981,9.108189480231973,12.329252627544133,41491394123
2025-03-01,10.824918341779163,9.272273260441587,12.351515976395168,41491394123
2025-03-02,10.859946990803348,9.29836043266809,12.428828865338259,41491394123
2025-03-03,10.89497563982753,9.352182077736996,12.635669699056356,41491394123
2025-03-04,10.930004288851714,9.301333644845144,12.436891064613649,41491394123
2025-03-05,10.965032937875897,9.364737302342043,12.37689198657351,41491394123
2025-03-06,11.000061586900081,9.40659970799229,12.620079702699446,41491394123
2025-03-07,11.035090235924265,9.434623725923123,12.631590830436723,41491394123
2025-03-08,11.070118884948446,9.412690332730337,12.682836334762563,41491394123
2025-03-09,11.10514753397263,9.568626416576816,12.706020244377932,41491394123
2025-03-10,11.140176182996814,9.564002751003162,12.753823095017314,41491394123
2025-03-11,11.175204832020999,9.605003220996032,12.73156150791187,41491394123
2025-03-12,11.210233481045183,9.71427694422094,12.81819061526103,41491394123
2025-03-13,11.245262130069367,9.624623223427168,12.65181161259202,41491394123
2025-03-14,11.280290779093551,9.698209270875521,12.807993929236261,41491394123
2025-03-15,11.315319428117732,9.628292197504761,12.92551033789475,41491394123
2025-03-16,11.350348077141916,9.670799208755845,12.71511888093832,41491394123
2025-03-17,11.3853767261661,9.809969679291227,13.04868744560856,41491394123
2025-03-18,11.420405375190281,9.795261118068861,13.011120581516176,41491394123
2025-03-19,11.455434024214465,9.903778632243908,13.10660931064725,41491394123
2025-03-20,11.49046267323865,9.797733215388583,13.034942989525648,41491394123
2025-03-21,11.525491322262834,9.998154748676034,13.139996138588906,41491394123
2025-03-22,11.560519971287018,9.857162369092828,13.044427378621455,41491394123
2025-03-23,11.595548620311202,10.045131892431884,13.11821326501013,41491394123
2025-03-24,11.630577269335383,10.058362032476904,13.180355048849815,41491394123
2025-03-04,3.9192579675798367,3.3815208065554945,4.4958839005394715,41513223318
2025-03-05,3.837801807296073,3.304228389620862,4.401026556657242,41513223318
2025-03-06,3.756345647012309,3.1878717459250767,4.30321800297855,41513223318
2025-03-07,3.674889486728542,3.073997983011673,4.260981464231848,41513223318
2025-03-08,3.5934333264447784,3.015796611402666,4.158435636604968,41513223318
2025-03-09,3.5119771661610115,2.9823433165890436,4.046287499983033,41513223318
2025-03-10,3.4305210058772446,2.850958234852967,3.9721689870489976,41513223318
2025-03-11,3.349064845593481,2.784218232567464,3.9206686506371318,41513223318
2025-03-12,3.267608685309717,2.6889558800702527,3.836056535143055,41513223318
2025-03-13,3.18615252502595,2.6179031555164323,3.735916028055182,41513223318
2025-03-14,3.1046963647421832,2.5533683595902614,3.6512498235478694,41513223318
2025-03-15,3.0232402044584226,2.4778172898484034,3.5818367129654085,41513223318
2025-03-16,2.9417840441746557,2.380268254383316,3.4926577070269658,41513223318
2025-03-17,2.8603278838908888,2.289287965876213,3.4494552340656806,41513223318
2025-03-18,2.778871723607125,2.2281705746881744,3.285905771324065,41513223318
2025-03-19,2.697415563323358,2.140261190772751,3.2289130723366055,41513223318
2025-03-20,2.6159594030395943,2.025277646033044,3.134952300645968,41513223318
2025-03-21,2.5345032427558305,1.9863319829244708,3.0914686347136917,41513223318
2025-03-22,2.4530470824720636,1.9338624569481124,3.0084674533114786,41513223318
2025-03-23,2.3715909221882967,1.7278159185969373,2.9349662473511877,41513223318
2025-03-24,2.29013476190453,1.760660798514653,2.854125429639433,41513223318
2025-03-25,2.208678601620769,1.7067826130854222,2.7916643104976178,41513223318
2025-03-26,2.1272224413370022,1.5816776916112913,2.7112968127752985,41513223318
2025-03-27,2.0457662810532353,1.4726622107335312,2.635288368113121,41513223318
2025-03-28,1.9643101207694715,1.376797440013964,2.4798842402025003,41513223318
2025-03-29,1.8828539604857046,1.3635262938687025,2.4872310672336475,41513223318
2025-03-30,1.80139780020194,1.2409255039855966,2.3593565472663762,41513223318
2025-03-31,1.7199416399181762,1.1911376726549727,2.3056240193931195,41513223318
2025-02-18,4.285717805942857,4.28571780594132,4.285717805943974,41514786616
2025-02-19,4.571432263085715,4.571432260967507,4.5714322639594585,41514786616
2025-02-20,4.857146720228571,4.857146714760577,4.85714672391848,41514786616
2025-02-21,5.142861177371429,5.1428611671961555,5.1428611850346515,41514786616
2025-02-22,5.428575634514285,5.428575618345588,5.4285756484487155,41514786616
2025-02-23,5.714290091657142,5.7142900675613095,5.7142901124279915,41514786616
2025-02-24,6.0000045488,6.000004517536846,6.000004576531968,41514786616
2025-02-25,6.285719005942857,6.285718965625262,6.285719042440214,41514786616
2025-02-26,6.571433463085714,6.571433413673102,6.5714335084902356,41514786616
2025-02-27,6.857147920228571,6.857147860914088,6.857147976833556,41514786616
2025-02-28,7.142862377371428,7.142862311092038,7.142862441372024,41514786616
2025-03-01,7.428576834514286,7.428576759020464,7.428576909654213,41514786616
2025-03-02,7.714291291657142,7.71429120581512,7.714291374270937,41514786616
2025-03-03,8.0000057488,8.000005649835646,8.000005842464011,41514786616
2025-03-04,8.285720205942857,8.285720096017238,8.28572031356345,41514786616
2025-03-05,8.571434663085714,8.57143453976966,8.571434783232837,41514786616
2025-03-06,8.85714912022857,8.857148984484448,8.857149252893837,41514786616
2025-03-07,9.142863577371429,9.142863427143599,9.14286372255884,41514786616
2025-03-08,9.428578034514285,9.428577869174314,9.428578190813358,41514786616
2025-03-09,9.714292491657142,9.71429231524023,9.714292661329402,41514786616
2025-03-10,10.0000069488,10.000006754973095,10.000007131665184,41514786616
2025-03-11,10.285721405942857,10.285721196088673,10.285721600591748,41514786616
2025-03-12,10.571435863085714,10.571435642211117,10.571436068221493,41514786616
2025-03-13,10.857150320228572,10.857150086295166,10.857150538303843,41514786616
2025-03-14,11.142864777371427,11.14286452867005,11.142865007729188,41514786616
2025-03-15,11.428579234514284,11.42857897115668,11.428579478189732,41514786616
2025-03-16,11.714293691657142,11.714293408992706,11.714293948992365,41514786616
2025-03-17,12.0000081488,12.000007847094503,12.000008421694606,41514786616
2025-03-04,15.850064734694548,13.456755861200968,18.163867656513293,41515050363
2025-03-05,15.905385115612155,13.66349692932724,18.388228045712175,41515050363
2025-03-06,15.960705496529762,13.681547690087502,18.39327261044125,41515050363
2025-03-07,16.01602587744737,13.660941157989399,18.454931104999847,41515050363
2025-03-08,16.07134625836498,13.520893341005603,18.412695322830483,41515050363
2025-03-09,16.126666639282586,13.660310960454156,18.414150010675744,41515050363
2025-03-10,16.181987020200197,13.768950348228753,18.726732557303936,41515050363
2025-03-11,16.237307401117803,14.011753851148915,18.538842026880342,41515050363
2025-03-12,16.29262778203541,13.984745960554214,18.65980831399615,41515050363
2025-03-13,16.347948162953017,14.032923938105585,18.83639869698234,41515050363
2025-03-14,16.403268543870624,14.18410317851513,18.73309906377137,41515050363
2025-03-15,16.45858892478823,14.08429037303211,18.791790851667013,41515050363
2025-03-16,16.513909305705837,14.21928336096811,18.891763785228324,41515050363
2025-03-17,16.569229686623448,14.122469602546053,18.92672266881049,41515050363
2025-03-18,16.624550067541055,14.360270782720196,18.907651671499146,41515050363
2025-03-19,16.67987044845866,14.06010727389323,18.967195668014618,41515050363
2025-03-20,16.73519082937627,14.172011760813,19.102638667988042,41515050363
2025-03-21,16.790511210293875,14.462271729422108,19.16217805064312,41515050363
2025-03-22,16.845831591211482,14.427146522492496,19.16441520874413,41515050363
2025-03-23,16.901151972129092,14.737043195030234,19.289662634281807,41515050363
2025-03-24,16.9564723530467,14.759832429497553,19.48508774267067,41515050363
2025-03-25,17.01179273396431,14.688610633699446,19.3262928437249,41515050363
2025-03-26,17.067113114881916,14.47057753462263,19.48180832328208,41515050363
2025-03-27,17.122433495799523,14.745511558789067,19.556181374542113,41515050363
2025-03-28,17.17775387671713,14.665167948469346,19.46369028321848,41515050363
2025-03-29,17.233074257634737,14.815534440569351,19.548469979278373,41515050363
2025-03-30,17.288394638552344,15.055223492180644,19.497605056375058,41515050363
2025-03-31,17.343715019469954,14.774234455981082,19.73995658887642,41515050363
2024-07-02,1.0001710870840825,1.0001710870655327,1.0001710871019576,33258093744
2024-07-03,1.0003451138923762,1.0003451138744164,1.0003451139109065,33258093744
2024-07-04,1.0005191407006704,1.0005191406822762,1.0005191407179228,33258093744
2024-07-05,1.000693167508964,1.000693167491344,1.0006931675265356,33258093744
2024-07-06,1.0008671943172578,1.0008671942978864,1.0008671943351102,33258093744
2024-07-07,1.001041221125552,1.0010412211080206,1.0010412211444661,33258093744
2024-07-08,1.0012152479338456,1.0012152479152174,1.001215247951362,33258093744
2024-07-09,1.0013892747421396,1.0013892747238988,1.0013892747603526,33258093744
2024-07-10,1.0015633015504335,1.0015633015316538,1.0015633015678214,33258093744
2024-07-11,1.0017373283587272,1.0017373283415563,1.0017373283776945,33258093744
2024-07-12,1.0019113551670211,1.0019113551489836,1.0019113551856307,33258093744
2024-07-13,1.002085381975315,1.0020853819567963,1.0020853819931015,33258093744
2024-07-14,1.0022594087836088,1.0022594087655505,1.0022594088017294,33258093744
2024-07-15,1.0024334355919027,1.0024334355730105,1.0024334356110796,33258093744
2024-07-16,1.0026074624001966,1.0026074623812615,1.0026074624190295,33258093744
2024-07-17,1.0027814892084903,1.0027814891905136,1.0027814892271745,33258093744
2024-07-18,1.0029555160167842,1.0029555159980246,1.0029555160364674,33258093744
2024-07-19,1.0031295428250782,1.0031295428074636,1.0031295428433304,33258093744
2024-07-20,1.0033035696333719,1.0033035696134447,1.0033035696525436,33258093744
2024-07-21,1.0034775964416658,1.0034775964236162,1.003477596459953,33258093744
2024-07-22,1.0036516232499597,1.0036516232296908,1.003651623267996,33258093744
2024-07-23,1.0038256500582534,1.0038256500376705,1.003825650076903,33258093744
2024-07-24,1.0039996768665473,1.0039996768456483,1.0039996768853634,33258093744
2024-07-25,1.0041737036748413,1.004173703656019,1.0041737036931102,33258093744
2024-07-26,1.004347730483135,1.0043477304639608,1.0043477305014892,33258093744
2024-07-27,1.004521757291429,1.0045217572714868,1.004521757311106,33258093744
2024-07-28,1.0046957840997228,1.0046957840817434,1.0046957841189312,33258093744
2024-07-29,1.0048698109080165,1.0048698108902692,1.0048698109270318,33258093744
2024-12-24,-24.984931474893887,-25.705093138508158,-24.239459054367874,33300624449
2024-12-25,-25.932830961032302,-26.683191555701068,-25.205755384159975,33300624449
2024-12-26,-27.09721310768927,-27.8517518735775,-26.317197623326603,33300624449
2024-12-27,-28.4793229452253,-29.19729729771501,-27.732428569153477,33300624449
2024-12-28,-30.074590763643066,-30.844453677006825,-29.346584877035294,33300624449
2024-12-29,-31.872193709735182,-32.598644648323514,-31.086533904939923,33300624449
2024-12-30,-33.85475485551842,-34.62941647330335,-33.0900431494809,33300624449
2024-12-31,-35.99819713058627,-36.76547274632902,-35.23046946549254,33300624449
2025-01-01,-38.27176602617801,-39.02834721164913,-37.54663113308878,33300624449
2025-01-02,-40.63823094040464,-41.406419591675956,-39.857297298716176,33300624449
2025-01-03,-43.05427053758597,-43.88780334659477,-42.34512233782832,33300624449
2025-01-04,-45.47104265360485,-46.237443494613046,-44.71895773959085,33300624449
2025-01-05,-47.83493421811269,-48.59337044850519,-47.053569796821726,33300624449
2025-01-06,-50.08848152030986,-50.818778201367174,-49.31925802717192,33300624449
2025-01-07,-52.17144605934748,-52.89888707694741,-51.329044504971215,33300624449
2025-01-08,-54.022026338922295,-54.79282929821369,-53.276372115813736,33300624449
2025-01-09,-55.57818143053078,-56.30439353903085,-54.78466565063312,33300624449
2025-01-10,-56.77903808003139,-57.549159341579305,-56.02773843520141,33300624449
2025-01-11,-57.56634969455469,-58.307903351763166,-56.84321304479535,33300624449
2025-01-12,-57.88597283644094,-58.61080942491349,-57.11948301961318,33300624449
2025-01-13,-57.68932496446932,-58.46314716967266,-56.9375684014697,33300624449
2025-01-14,-56.934786178118785,-57.70883806301422,-56.22221914950216,33300624449
2025-01-15,-55.589007691123584,-56.33978008347209,-54.809571554058444,33300624449
2025-01-16,-53.62809071607694,-54.42362647838398,-52.871384722319824,33300624449
2025-01-17,-51.03860138557278,-51.78335384847258,-50.26634201368695,33300624449
2025-01-18,-47.81839024264746,-48.58924165899099,-47.084204225665765,33300624449
2025-01-19,-43.97718865419225,-44.68913595292029,-43.22180328531788,33300624449
2025-01-20,-39.53695915866994,-40.23930442084581,-38.84656750332999,33300624449
2025-02-11,10.755511466404503,8.807686887518853,12.667521094867817,33300985333
2025-02-12,10.736458661471849,8.772825968224113,12.668431958281786,33300985333
2025-02-13,10.684374993458261,8.638329286130253,12.558289516124438,33300985333
2025-02-14,10.598692891620447,8.616415195148019,12.516164073578695,33300985333
2025-02-15,10.47956582838842,8.476041186408533,12.426305046732734,33300985333
2025-02-16,10.327865183272246,8.39603500622927,12.329235437723309,33300985333
2025-02-17,10.14516050909709,8.11342645005263,12.240754224183512,33300985333
2025-02-18,9.933683726375019,7.940557381420498,11.748140699838025,33300985333
2025-02-19,9.696278153534449,7.920919243178295,11.708138820446102,33300985333
2025-02-20,9.43633363876857,7.3735866131969665,11.31623495882954,33300985333
2025-02-21,9.157709384554458,7.206296948687302,11.109610589828884,33300985333
2025-02-22,8.864646340734762,6.91873753639831,10.779724495401348,33300985333
2025-02-23,8.5616712795392,6.58120726540164,10.528301265568517,33300985333
2025-02-24,8.253494850471894,6.24269423046467,10.227676418935054,33300985333
2025-02-25,7.944906040457262,5.986626594076813,10.040528711737288,33300985333
2025-02-26,7.640665532183,5.576636198344713,9.530074205188265,33300985333
2025-02-27,7.345400460068888,5.130281941340491,9.07163418259319,33300985333
2025-02-28,7.063503008908731,5.121540537416468,8.998032035143734,33300985333
2025-03-01,6.7990351869731915,5.0116948221155955,8.667655652213861,33300985333
2025-03-02,6.555641936427512,4.62610954823393,8.416897644643333,33300985333
2025-03-03,6.3364745239969045,4.454512347323075,8.27712992276006,33300985333
2025-03-04,6.144125889881068,4.016291487865632,8.16865342863982,33300985333
2025-03-05,5.98057932995126,4.001919415518886,7.947864930045969,33300985333
2025-03-06,5.847171553102668,3.9964760388870717,7.885942690291476,33300985333
2025-03-07,5.744570800963171,3.7415212820052015,7.645346551511816,33300985333
2025-03-08,5.672770349895608,3.7486505236772847,7.694139124468942,33300985333
2025-03-09,5.6310973447290165,3.6225954092334733,7.677614482544184,33300985333
2025-03-10,5.6182365490400565,3.673834805185013,7.646384272355694,33300985333
2024-09-03,0.902349981222148,0.7273768817260643,1.0709946009537648,27095798175
2024-09-04,0.8320990495388223,0.6604892168739724,1.0067422223680194,27095798175
2024-09-05,0.7618481178554894,0.5943222661894426,0.9444015344156423,27095798175
2024-09-06,0.6915971861721637,0.5231808997256941,0.8638714104362804,27095798175
2024-09-07,0.6213462544888309,0.45759642020731883,0.8019868226576913,27095798175
2024-09-08,0.551095322805498,0.3823639517559839,0.7176107933772513,27095798175
2024-09-09,0.48084439112217225,0.3117647946287067,0.6529495396495094,27095798175
2024-09-10,0.4105934594388465,0.2325600355432383,0.5843962773266029,27095798175
2024-09-11,0.34034252775552076,0.17635902450434607,0.5039355263097817,27095798175
2024-09-12,0.270091596072195,0.10312474098712857,0.43903556180217773,27095798175
2024-09-13,0.19984066438886217,0.0193588690648409,0.37096319577338177,27095798175
2024-09-14,0.12958973270553642,-0.05375399802365521,0.290708170859354,27095798175
2024-09-15,0.059338801022210674,-0.1043392646223354,0.23971975703233694,27095798175
2024-09-16,-0.010912130661129282,-0.1781517587652739,0.15458164073751485,27095798175
2024-09-17,-0.08116306234445503,-0.23923604461763556,0.08627044267602121,27095798175
2024-09-18,-0.15141399402778077,-0.3137470612927214,0.02333868672243076,27095798175
2024-09-19,-0.22166492571110652,-0.3942000151767109,-0.04733739788304515,27095798175
2024-09-20,-0.29191585739443227,-0.4584408957868579,-0.12777417660533705,27095798175
2024-09-21,-0.3621667890777651,-0.529173392115135,-0.1814749567078677,27095798175
2024-09-22,-0.43241772076109086,-0.607694664611381,-0.261666868368406,27095798175
2024-09-23,-0.5026686524444166,-0.6608648494766894,-0.3178131572812121,27095798175
2024-09-24,-0.5729195841277424,-0.7518914369030659,-0.40068032772268997,27095798175
2024-09-25,-0.6431705158110823,-0.8103792135608753,-0.4802177767365409,27095798175
2024-09-26,-0.7134214474944081,-0.8809187589835321,-0.5399087970997202,27095798175
2024-09-27,-0.7836723791777338,-0.9526907767691932,-0.6155924773260484,27095798175
2024-09-28,-0.8539233108610595,-1.0171659767183518,-0.6857133905798187,27095798175
2024-09-29,-0.9241742425443924,-1.1048203558484877,-0.7526709031859159,27095798175
2024-09-30,-0.9944251742277181,-1.166803564105452,-0.8281053835393621,27095798175
2025-02-11,3.2389720040665497,1.1472594273362509,5.176961797686706,2709580011
2025-02-12,3.2421953965648083,1.0908908888677074,5.336443375728573,2709580011
2025-02-13,3.245418789063067,1.0852708913189693,5.547681363722689,2709580011
2025-02-14,3.2486421815613253,1.210494978420054,5.4887897918640025,2709580011
2025-02-15,3.2518655740595843,1.0901159503918385,5.453507242102334,2709580011
2025-02-16,3.255088966557843,1.1308037235261812,5.395660307547237,2709580011
2025-02-17,3.2583123590561014,1.159322790384072,5.361814194297215,2709580011
2025-02-18,3.2615357515543604,1.1558750166251364,5.346456476545143,2709580011
2025-02-19,3.264759144052619,1.0496012894118472,5.29313512290641,2709580011
2025-02-20,3.267982536550877,1.0205291192261257,5.2948795829363915,2709580011
2025-02-21,3.271205929049136,1.1268944947649848,5.4040805951315205,2709580011
2025-02-22,3.274429321547395,1.20559684221945,5.386201038041098,2709580011
2025-02-23,3.277652714045653,1.1094668864038317,5.526003113490763,2709580011
2025-02-24,3.2808761065439125,1.1825864132137236,5.5037966828285265,2709580011
2025-02-25,3.284099499042171,1.2027020781322846,5.3034356157851485,2709580011
2025-02-26,3.287322891540429,1.0788597883333129,5.497587442773885,2709580011
2025-02-27,3.290546284038688,1.2238215197279716,5.410985047177713,2709580011
2025-02-28,3.293769676536947,1.071982905298328,5.418418542725499,2709580011
2025-03-01,3.296993069035205,1.2857193680660512,5.400305993199433,2709580011
2025-03-02,3.3002164615334633,1.143082472125335,5.435395187369204,2709580011
2025-03-03,3.3034398540317222,1.1192152970512617,5.489335760043099,2709580011
2025-03-04,3.306663246529981,1.2166584230455617,5.459339409331886,2709580011
2025-03-05,3.3098866390282393,1.0768711527529382,5.497447037366645,2709580011
2025-03-06,3.3131100315264983,1.2249977814932866,5.44500101664308,2709580011
2025-03-07,3.3163334240247573,1.0953205785465578,5.275093526348265,2709580011
2025-03-08,3.3195568165230154,1.1932812036046487,5.434685543808685,2709580011
2025-03-09,3.322780209021274,1.2407704833363107,5.485126369033337,2709580011
2025-03-10,3.326003601519533,1.2073663657750908,5.420097759091463,2709580011
2024-09-03,2.0364682252910455,0.5342446932058846,3.4653579020861605,27095801676
2024-09-04,2.025493829684218,0.5813761609178523,3.3733394063168176,27095801676
2024-09-05,2.0145194340773913,0.6238743524467684,3.5491893394169995,27095801676
2024-09-06,2.0035450384705644,0.5317406921631451,3.469233274336179,27095801676
2024-09-07,1.992570642863737,0.5510984566117721,3.3885061970402925,27095801676
2024-09-08,1.9815962472569106,0.5373152897591423,3.44312683756592,27095801676
2024-09-09,1.9706218516500835,0.47974661409153213,3.3988274060924852,27095801676
2024-09-10,1.9596474560432564,0.6070722970206982,3.3878892879981235,27095801676
2024-09-11,1.9486730604364293,0.6266657686516188,3.264731504738717,27095801676
2024-09-12,1.9376986648296022,0.6557665776007037,3.3682649453481606,27095801676
2024-09-13,1.926724269222775,0.5332571026720232,3.362930393889942,27095801676
2024-09-14,1.915749873615948,0.47708978039200556,3.3260255014956983,27095801676
2024-09-15,1.9047754780091208,0.5080882022471065,3.3587104251979167,27095801676
2024-09-16,1.8938010824022937,0.38789660551888056,3.2894316370826613,27095801676
2024-09-17,1.882826686795466,0.46645186692079166,3.257884759678633,27095801676
2024-09-18,1.8718522911886388,0.5519440056910011,3.37182367625659,27095801676
2024-09-19,1.8608778955818117,0.5010538424675832,3.3513554245374304,27095801676
2024-09-20,1.8499034999749846,0.3809898148306161,3.2288227116599275,27095801676
2024-09-21,1.8389291043681575,0.31967568844544353,3.279741691595808,27095801676
2024-09-22,1.8279547087613304,0.4054530384977306,3.3275762284651305,27095801676
2024-09-23,1.8169803131545033,0.4468206700542878,3.2722926477030176,27095801676
2024-09-24,1.8060059175476761,0.2511677581536523,3.2059856767968324,27095801676
2024-09-25,1.7950315219408497,0.3470251736548793,3.1949865100447274,27095801676
2024-09-26,1.7840571263340226,0.4153083914974435,3.1618792530198716,27095801676
2024-09-27,1.7730827307271955,0.2704614142153299,3.2374856186607364,27095801676
2024-09-28,1.7621083351203684,0.45257982896611226,3.1573426345095927,27095801676
2024-09-29,1.7511339395135412,0.3558312995072758,3.207215589356159,27095801676
2024-09-30,1.7401595439067141,0.3511115426723997,3.1384321401782,27095801676
2024-08-06,2.2545691045309186,1.1000654636488314,3.351546327848878,2709580215
2024-08-07,2.252791630515208,1.1098021661519137,3.4773988351993967,2709580215
2024-08-08,2.251014156499497,1.1290033946176738,3.472050570661857,2709580215
2024-08-09,2.2492366824837866,1.0347309536405227,3.4501818094643184,2709580215
2024-08-10,2.247459208468076,1.0640313064340603,3.393421552744024,2709580215
2024-08-11,2.245681734452365,1.0830666718298922,3.2901719048212072,2709580215
2024-08-12,2.243904260436654,1.1260038249991486,3.3781340091181944,2709580215
2024-08-13,2.2421267864209433,1.0462663181743148,3.4082834672387214,2709580215
2024-08-14,2.2403493124052325,1.1060674780788144,3.449505669791253,2709580215
2024-08-15,2.2385718383895217,1.0809390284671212,3.3300463206979014,2709580215
2024-08-16,2.236794364373811,1.0936916116106814,3.403089227888625,2709580215
2024-08-17,2.2350168903581,1.0535429832666379,3.4513203930086283,2709580215
2024-08-18,2.233239416342389,1.104980567561186,3.4768612949385065,2709580215
2024-08-19,2.2314619423266784,1.069191524637467,3.3452791592353006,2709580215
2024-08-20,2.2296844683109676,1.0985733259924204,3.3938441479697117,2709580215
2024-08-21,2.227906994295257,1.0217222840865232,3.3993435628878643,2709580215
2024-08-22,2.2261295202795464,1.060608555595734,3.4693094603910986,2709580215
2024-08-23,2.2243520462638355,1.0790507097565822,3.3947242689105668,2709580215
2024-08-24,2.2225745722481247,1.0694952329721101,3.3252735349325153,2709580215
2024-08-25,2.220797098232414,1.037893614956397,3.4148345574726315,2709580215
2024-08-26,2.219019624216703,1.024219331506221,3.3342176273050033,2709580215
2024-08-27,2.2172421502009922,1.165592048009491,3.310637645765416,2709580215
2024-08-28,2.215464676185282,1.1466416922087124,3.416982333836365,2709580215
2024-08-29,2.213687202169571,1.0053542481758326,3.3609225208413824,2709580215
2024-08-30,2.21190972815386,0.9826722818414771,3.360904063847821,2709580215
2024-08-31,2.210132254138149,1.0407892516480168,3.4183178970928942,2709580215
2024-09-01,2.208354780122438,1.0378665851221849,3.3704321581367576,2709580215
2024-09-02,2.2065773061067273,0.9991191767048077,3.351778644370702,2709580215
2025-02-25,5.57387602607373,5.573876026050697,5.573876026096487,27095803613
2025-02-26,5.747995603234303,5.747995603208319,5.74799560325918,27095803613
2025-02-27,5.865880115607923,5.865880115582776,5.86588011563326,27095803613
2025-02-28,5.926677064289304,5.926677064260787,5.926677064314463,27095803613
2025-03-01,5.931440058889787,5.931440058860674,5.931440058917207,27095803613
2025-03-02,5.883084732844066,5.883084732811251,5.8830847328714695,27095803613
2025-03-03,5.78628226868443,5.786282268650987,5.7862822687125215,27095803613
2025-03-04,5.647293355717023,5.647293355682908,5.647293355750793,27095803613
2025-03-05,5.473747358031407,5.473747357999419,5.473747358067545,27095803613
2025-03-06,5.274373294675859,5.274373294636095,5.274373294712661,27095803613
2025-03-07,5.058690867509492,5.058690867465806,5.058690867550308,27095803613
2025-03-08,4.836671161429958,4.836591372541723,4.836671957122113,27095803613
2025-03-09,4.618377740183323,4.61807859666919,4.618530342498676,27095803613
2025-03-10,4.413599630851685,4.412961494064254,4.413853100592252,27095803613
2025-03-11,4.231488103675925,4.230426647367357,4.231947033547658,27095803613
2025-03-12,4.080209194013093,4.078817201205818,4.080951261360886,27095803613
2025-03-13,3.966623574750899,3.964807614631503,3.967638766507867,27095803613
2025-03-14,3.8960046769144903,3.893928642007367,3.8974786329435753,27095803613
2025-03-15,3.8718048913533742,3.869282554037341,3.8736692749565593,27095803613
2025-03-16,3.895478295121882,3.892592304815378,3.897605365637531,27095803613
2025-03-17,3.966366671964015,3.9630552241077597,3.9688601576410227,27095803613
2025-03-18,4.081653686512038,4.077970157438186,4.084487109432278,27095803613
2025-03-19,4.236389983313605,4.232310474697596,4.239917521315988,27095803613
2025-03-20,4.423589777729234,4.419127143530012,4.42720465442679,27095803613
2025-03-21,4.634397253567562,4.6293348622059005,4.638412474948258,27095803613
2025-03-22,4.858318851441038,4.852642742613419,4.863196920502535,27095803613
2025-03-23,5.083515392236249,5.077146579300986,5.088708481994752,27095803613
2025-03-24,5.297145998865072,5.290085523144769,5.303020729709312,27095803613
2024-09-10,0.7800209601817841,0.37139740414286854,1.1860164625456255,27095804199
2024-09-11,0.7803847222701589,0.37175445630191295,1.1788467507749683,27095804199
2024-09-12,0.7807484843585336,0.3847098886382034,1.2050531972420633,27095804199
2024-09-13,0.7811122464469081,0.36399646164894567,1.1523304233197662,27095804199
2024-09-14,0.7814760085352829,0.4069324133786388,1.1942415792901164,27095804199
2024-09-15,0.7818397706236576,0.37290530093151,1.1693030135538194,27095804199
2024-09-16,0.7822035327120321,0.41028835418678056,1.1611117949114875,27095804199
2024-09-17,0.7825672948004069,0.39964686631047264,1.19562823103684,27095804199
2024-09-18,0.7829310568887816,0.3846921365294456,1.155114164329701,27095804199
2024-09-19,0.7832948189771561,0.416061923450909,1.1543576680108327,27095804199
2024-09-20,0.7836585810655309,0.38644795906324975,1.175985211710111,27095804199
2024-09-21,0.7840223431539056,0.3832680637603311,1.1865839253834736,27095804199
2024-09-22,0.7843861052422801,0.3886559454727934,1.1853756606331005,27095804199
2024-09-23,0.7847498673306549,0.42618931659951287,1.171316589934773,27095804199
2024-09-24,0.7851136294190296,0.4046296004419081,1.1821534486577991,27095804199
2024-09-25,0.7854773915074041,0.38713153903275266,1.16065669284382,27095804199
2024-09-26,0.7858411535957789,0.38463769582411705,1.1871297667559553,27095804199
2024-09-27,0.7862049156841536,0.3973663546553636,1.1847172709421367,27095804199
2024-09-28,0.7865686777725281,0.3714729961107302,1.1759040156802538,27095804199
2024-09-29,0.7869324398609029,0.43162442221753855,1.1897073164474372,27095804199
2024-09-30,0.7872962019492776,0.387371408407782,1.1486599310978984,27095804199
2024-10-01,0.7876599640376521,0.37433878177832774,1.1866568074426302,27095804199
2024-10-02,0.7880237261260269,0.4058430122018346,1.181892956842076,27095804199
2024-10-03,0.7883874882144016,0.40336493001729146,1.1873253919182014,27095804199
2024-10-04,0.7887512503027762,0.40878668199624935,1.1806876626674019,27095804199
2024-10-05,0.7891150123911509,0.4055529932421433,1.1649691298305467,27095804199
2024-10-06,0.7894787744795256,0.3970020917340892,1.1883858310131528,27095804199
2024-10-07,0.7898425365679002,0.38606907105162597,1.1717326543464497,27095804199
2025-01-21,12.886174930121149,11.503974002669615,14.340229489765965,27095805681
2025-01-22,12.920719783056537,11.548888643175024,14.381386163404198,27095805681
2025-01-23,12.955264635991922,11.45050167866287,14.304051562214443,27095805681
2025-01-24,12.98980948892731,11.63314548346576,14.421092621193278,27095805681
2025-01-25,13.024354341862697,11.653590641901813,14.456510859445515,27095805681
2025-01-26,13.058899194798084,11.64679138822643,14.390410410585316,27095805681
2025-01-27,13.09344404773347,11.704244641232158,14.510770446757366,27095805681
2025-01-28,13.127988900668857,11.75085246956874,14.561373313428168,27095805681
2025-01-29,13.162533753604244,11.773827025924048,14.552603724791043,27095805681
2025-01-30,13.19707860653963,11.79012818869677,14.540439364684659,27095805681
2025-01-31,13.231623459475017,11.853818786715566,14.66613120189571,27095805681
2025-02-01,13.266168312410402,11.718082039118833,14.674150645670968,27095805681
2025-02-02,13.30071316534579,11.795150497796259,14.652325861732463,27095805681
2025-02-03,13.335258018281175,11.906619937548628,14.798401622485866,27095805681
2025-02-04,13.369802871216567,11.981548056188855,14.796824163852463,27095805681
2025-02-05,13.404347724151954,12.04454922907444,14.797908762656116,27095805681
2025-02-06,13.43889257708734,12.061650896451296,14.853492700489271,27095805681
2025-02-07,13.473437430022727,12.113233388826584,14.926456268832906,27095805681
2025-02-08,13.507982282958114,12.133044413438897,14.90823869336252,27095805681
2025-02-09,13.5425271358935,12.146849090806459,14.934070677526556,27095805681
2025-02-10,13.577071988828887,12.256370275171133,15.017267535187939,27095805681
2025-02-11,13.611616841764272,12.239517662682841,15.034922072420741,27095805681
2025-02-12,13.64616169469966,12.135635393459367,15.054237558157203,27095805681
2025-02-13,13.680706547635046,12.27754021597703,15.01556255299011,27095805681
2025-02-14,13.715251400570434,12.400804444101786,15.056798568774534,27095805681
2025-02-15,13.74979625350582,12.413303960462652,15.259381842633553,27095805681
2025-02-16,13.784341106441207,12.427775181582051,15.178551923863603,27095805681
2025-02-17,13.818885959376594,12.40279176837406,15.33523149251632,27095805681
2024-11-26,3.66708878279979,0.18971828457301776,7.21148883068539,27095807110
2024-11-27,3.6718876063355905,0.20764044698799594,7.212042404801647,27095807110
2024-11-28,3.67668642987139,0.09315471180509773,7.406843558169552,27095807110
2024-11-29,3.6814852534071916,0.3201846666260636,7.4636324996294885,27095807110
2024-11-30,3.686284076942992,-0.09613912432292611,7.252952890627679,27095807110
2024-12-01,3.6910829004787917,0.1386929032605212,7.086938735260039,27095807110
2024-12-02,3.695881724014593,-0.06120421234905779,7.481514990721431,27095807110
2024-12-03,3.7006805475503937,0.0512556172913792,7.285086291968813,27095807110
2024-12-04,3.705479371086194,-0.21512243598755887,7.225422392232567,27095807110
2024-12-05,3.7102781946219947,0.43439515816247165,6.998073599963533,27095807110
2024-12-06,3.7150770181577952,0.10402094130167909,7.302204904206108,27095807110
2024-12-07,3.7198758416935958,0.16588168981688237,7.468451110634761,27095807110
2024-12-08,3.7246746652293963,0.1295267353852012,7.256154196256537,27095807110
2024-12-09,3.729473488765197,0.285001415276729,7.375106577417976,27095807110
2024-12-10,3.7342723123009973,0.33014986719106126,7.093299334561644,27095807110
2024-12-11,3.739071135836798,0.407618670934793,7.234334643387181,27095807110
2024-12-12,3.7438699593725993,0.10152492101595911,7.343139176212942,27095807110
2024-12-13,3.748668782908399,0.2987520101214449,7.002348361176753,27095807110
2024-12-14,3.7534676064441994,0.10556534821123637,7.035001504485559,27095807110
2024-12-15,3.758266429980001,0.2814643969973732,7.258639178710699,27095807110
2024-12-16,3.7630652535158005,0.19695637339608027,7.151771348329933,27095807110
2024-12-17,3.767864077051601,0.1372386414193142,7.589258230411284,27095807110
2024-12-18,3.7726629005874024,0.44062297023818064,7.4525865641243625,27095807110
2024-12-19,3.777461724123204,0.26987755342627523,7.302521050360208,27095807110
2024-12-20,3.7822605476590043,0.21589587450630457,7.525086452823027,27095807110
2024-12-21,3.787059371194805,0.5013172865625827,7.442797876923887,27095807110
2024-12-22,3.7918581947306054,-0.03174429346617721,7.421026763307858,27095807110
2024-12-23,3.796657018266406,0.3887282134751836,7.533077122431021,27095807110
2025-02-11,2.5210079419261007,2.5210079419115043,2.521007941940964,27095807671
2025-02-12,6.426672088951264,6.4266720889366855,6.426672088965618,27095807671
2025-02-13,12.295817015971252,12.29581701595672,12.2958170159856,27095807671
2025-02-14,20.076072494306842,20.07607249429178,20.076072494322347,27095807671
2025-02-15,29.660332090410627,29.66033209039506,29.660332090428074,27095807671
2025-02-16,40.88906434207386,40.8890643420576,40.88906434208944,27095807671
2025-02-17,53.55419074274002,53.55419074272433,53.55419074275729,27095807671
2025-02-18,67.40441365850302,67.40441365848731,67.40441365851972,27095807671
2025-02-19,82.15183488799337,82.15183488797669,82.15183488800979,27095807671
2025-02-20,97.47966807427993,97.47966807426295,97.47966807429711,27095807671
2025-02-21,113.05081666013595,113.05081666011851,113.05081666015376,27095807671
2025-02-22,128.51706443444294,128.51706443442515,128.51706443446284,27095807671
2025-02-23,143.52860862535846,143.52860862534075,143.52860862537725,27095807671
2025-02-24,157.74365641939409,157.74365641937698,157.74365641941284,27095807671
2025-02-25,170.83780494078405,170.8378049407657,170.83780494080366,27095807671
2025-02-26,182.51293208984328,182.51293208982352,182.51293208986272,27095807671
2025-02-27,192.505340959406,192.50534095938718,192.50534095942547,27095807671
2025-02-28,200.59292332182827,200.59292332180897,200.59292332184816,27095807671
2025-03-01,206.60113721125094,206.60113721123167,206.6011372112704,27095807671
2025-03-02,210.4076290043974,210.40762900437792,210.40762900441698,27095807671
2025-03-03,211.94537057526568,211.94537057524536,211.94537057528703,27095807671
2025-03-04,211.204225855562,211.2042258555399,211.20422585558507,27095807671
2025-03-05,208.23090718367166,208.2309071836492,208.23090718369548,27095807671
2025-03-06,203.12732880839388,203.12732880836904,203.1273288084183,27095807671
2025-03-07,196.04741146139446,196.0474114613698,196.04741146141944,27095807671
2025-03-08,187.19243665670342,187.19243665667554,187.1924366567295,27095807671
2025-03-09,176.8050910379455,176.8050910379122,176.8050910379703,27095807671
2025-03-10,165.16237845792102,165.15889893879134,165.1623784579508,27095807671
2024-08-13,2.0813851821231655,2.0813851820830744,2.08138518215794,27095808173
2024-08-14,2.091555693740098,2.0915556937042186,2.0915556937769764,27095808173
2024-08-15,2.1017262053570303,2.1017262053197285,2.101726205394892,27095808173
2024-08-16,2.1118967169739626,2.111896716937563,2.1118967170098437,27095808173
2024-08-17,2.122067228590895,2.1220672285523547,2.1220672286267956,27095808173
2024-08-18,2.132237740207829,2.132237740169467,2.1322377402453916,27095808173
2024-08-19,2.1424082518247616,2.142408251786412,2.1424082518611587,27095808173
2024-08-20,2.152578763441694,2.1525787634002693,2.1525787634808395,27095808173
2024-08-21,2.1627492750586264,2.1627492750176787,2.1627492750992383,27095808173
2024-08-22,2.1729197866755605,2.1729197866295613,2.1729197867131513,27095808173
2024-08-23,2.183090298292493,2.1830902982529063,2.1830902983350375,27095808173
2024-08-24,2.1932608099094253,2.193260809869053,2.193260809949906,27095808173
2024-08-25,2.203431321526356,2.203431321485276,2.2034313215659886,27095808173
2024-08-26,2.21360183314329,2.213601833100055,2.2136018331855225,27095808173
2024-08-27,2.2237723447602225,2.223772344718146,2.22377234480041,27095808173
2024-08-28,2.233942856377155,2.2339428563356334,2.2339428564229435,27095808173
2024-08-29,2.2441133679940872,2.244113367950709,2.2441133680360457,27095808173
2024-08-30,2.2542838796110214,2.2542838795706057,2.254283879653476,27095808173
2024-08-31,2.2644543912279538,2.2644543911837167,2.2644543912721744,27095808173
2024-09-01,2.274624902844886,2.27462490280087,2.274624902887081,27095808173
2024-09-02,2.2847954144618186,2.2847954144179137,2.2847954145096936,27095808173
2024-09-03,2.294965926078751,2.2949659260366624,2.2949659261281035,27095808173
2024-09-04,2.3051364376956833,2.305136437653974,2.305136437741803,27095808173
2024-09-05,2.3153069493126157,2.3153069492658838,2.315306949359353,27095808173
2024-09-06,2.325477460929548,2.3254774608819866,2.325477460973577,27095808173
2024-09-07,2.3356479725464823,2.3356479725041486,2.3356479725911896,27095808173
2024-09-08,2.3458184841634147,2.3458184841169514,2.345818484208144,27095808173
2024-09-09,2.355988995780347,2.355988995732049,2.355988995823456,27095808173
2024-12-31,49.12703770241036,49.12703769867558,49.12703770638211,27095808692
2025-01-01,50.61360005728231,50.61360005320989,50.613600061221284,27095808692
2025-01-02,52.03324429148652,52.03324428757635,52.03324429551699,27095808692
2025-01-03,53.36099951718182,53.36099951323457,53.36099952099723,27095808692
2025-01-04,54.575670698383824,54.575670694540406,54.57567070218189,27095808692
2025-01-05,55.660155021904615,55.66015501786161,55.66015502555824,27095808692
2025-01-06,56.60161451242566,56.601614508637475,56.601614516240055,27095808692
2025-01-07,57.39150741392696,57.391507410208064,57.391507417618406,27095808692
2025-01-08,58.025485415449026,58.02548541143681,58.02548541929386,27095808692
2025-01-09,58.50316796645606,58.503167962162074,58.50316797037217,27095808692
2025-01-10,58.82780857872961,58.82780857457052,58.8278085825188,27095808692
2025-01-11,59.00587103633681,59.00587103231595,59.005871040000656,27095808692
2025-01-12,59.04653574744742,59.04653574359337,59.04653575124754,27095808692
2025-01-13,58.96115800838052,58.961158004618774,58.961158012237036,27095808692
2025-01-14,58.762700676809914,58.76270067283071,58.762700680798915,27095808692
2025-01-15,58.46516366123004,58.4651636574024,58.46516366510541,27095808692
2025-01-16,58.08303174632712,58.08303174248639,58.08303175036788,27095808692
2025-01-17,57.63076063794886,57.63076063427532,57.630760642232545,27095808692
2025-01-18,57.12231879693756,57.12231879298996,57.122318800971755,27095808692
2025-01-19,56.57079973382151,56.57079973024813,56.57079973771902,27095808692
2025-01-20,55.98811606863603,55.98811606489853,55.988116072480594,27095808692
2025-01-21,55.38478294891197,55.3847829449246,55.38478295255954,27095808692
2025-01-22,54.769794504280775,54.76979450040626,54.76979450824619,27095808692
2025-01-23,54.150593040364434,54.150593036456804,54.15059304438814,27095808692
2025-01-24,53.53312678367139,53.53312677996803,53.53312678771616,27095808692
2025-01-25,52.921988323673666,52.92198831962592,52.92198832785428,27095808692
2025-01-26,52.320622590510226,52.32062258646247,52.320622594587334,27095808692
2025-01-27,51.731590375153075,51.73159037108892,51.731590379441826,27095808692
2024-08-27,1.0,0.9999999987629175,1.0000000013594013,27095809660
2024-08-28,1.0,0.9999999987320559,1.0000000012124743,27095809660
2024-08-29,1.0,0.9999999986121084,1.0000000012796908,27095809660
2024-08-30,1.0,0.999999998744368,1.0000000013116488,27095809660
2024-08-31,1.0,0.9999999987724136,1.0000000012800545,27095809660
2024-09-01,1.0,0.99999999880474,1.000000001345124,27095809660
2024-09-02,1.0,0.9999999987395887,1.0000000012699202,27095809660
2024-09-03,1.0,0.9999999986997156,1.0000000012925716,27095809660
2024-09-04,1.0,0.9999999988185998,1.000000001285593,27095809660
2024-09-05,1.0,0.9999999987169466,1.0000000013019288,27095809660
2024-09-06,1.0,0.9999999987035006,1.0000000012321435,27095809660
2024-09-07,1.0,0.9999999987410754,1.000000001271437,27095809660
2024-09-08,1.0,0.9999999987975104,1.000000001250529,27095809660
2024-09-09,1.0,0.9999999987563364,1.0000000013273727,27095809660
2024-09-10,1.0,0.9999999987759932,1.0000000013768309,27095809660
2024-09-11,1.0,0.9999999986960662,1.0000000012490102,27095809660
2024-09-12,1.0,0.9999999986552707,1.0000000012145074,27095809660
2024-09-13,1.0,0.9999999987559857,1.000000001329187,27095809660
2024-09-14,1.0,0.9999999987582662,1.0000000012303967,27095809660
2024-09-15,1.0,0.9999999986586791,1.000000001355053,27095809660
2024-09-16,1.0,0.9999999987482284,1.0000000012238561,27095809660
2024-09-17,1.0,0.9999999986343032,1.0000000012077779,27095809660
2024-09-18,1.0,0.9999999987095637,1.0000000013219201,27095809660
2024-09-19,1.0,0.999999998732146,1.0000000013102852,27095809660
2024-09-20,1.0,0.9999999987749943,1.000000001190955,27095809660
2024-09-21,1.0,0.9999999987294996,1.0000000012711443,27095809660
2024-09-22,1.0,0.9999999987124504,1.0000000013422652,27095809660
2024-09-23,1.0,0.999999998761827,1.000000001389318,27095809660
2025-01-21,-13.763982143252552,-18.235863105972882,-9.206157875354144,27095810173
2025-01-22,-13.882873199196556,-18.393001511685494,-9.200025825429119,27095810173
2025-01-23,-14.001764255140557,-18.117636709301692,-9.689067059847787,27095810173
2025-01-24,-14.12065531108456,-18.444731913097172,-9.947716664926189,27095810173
2025-01-25,-14.23954636702856,-18.51212988629096,-9.875733833359137,27095810173
2025-01-26,-14.358437422972568,-19.034135631913387,-10.343818841310949,27095810173
2025-01-27,-14.477328478916567,-19.054572520887973,-10.342002886127787,27095810173
2025-01-28,-14.596219534860573,-18.997435686313672,-10.31685352161399,27095810173
2025-01-29,-14.715110590804573,-19.51411022364337,-10.289522186240227,27095810173
2025-01-30,-14.834001646748572,-19.373380589962803,-10.214117662783705,27095810173
2025-01-31,-14.952892702692576,-19.015356130125774,-10.913958178124409,27095810173
2025-02-01,-15.07178375863658,-19.004851135720685,-10.641295492360317,27095810173
2025-02-02,-15.190674814580582,-19.55846476195795,-10.914185511292407,27095810173
2025-02-03,-15.309565870524583,-19.89791236051138,-11.221227671475937,27095810173
2025-02-04,-15.428456926468588,-19.716041366324134,-11.183378156079977,27095810173
2025-02-05,-15.547347982412589,-19.931102583985247,-11.131483803052273,27095810173
2025-02-06,-15.666239038356592,-20.30126036671131,-11.368964633566337,27095810173
2025-02-07,-15.785130094300595,-20.53251945387326,-11.240021073192223,27095810173
2025-02-08,-15.904021150244596,-20.149437686757373,-11.626595295843789,27095810173
2025-02-09,-16.0229122061886,-19.861112182974644,-11.751423699776206,27095810173
2025-02-10,-16.141803262132598,-20.61444451499639,-11.86293180614933,27095810173
2025-02-11,-16.260694318076602,-20.70258621700579,-12.15443058129939,27095810173
2025-02-12,-16.379585374020603,-20.650720809634716,-11.603590916920222,27095810173
2025-02-13,-16.49847642996461,-20.773761369925044,-11.894177989026858,27095810173
2025-02-14,-16.61736748590861,-21.288089310199314,-12.330442553583712,27095810173
2025-02-15,-16.736258541852614,-21.200588178693,-12.326764969833354,27095810173
2025-02-16,-16.85514959779661,-21.37443435791832,-12.558686464907709,27095810173
2025-02-17,-16.97404065374062,-21.266159267716738,-12.718254235724991,27095810173
2025-03-04,9.799740495101043,3.8985800512266797,15.463669016680907,27095810673
2025-03-05,9.809250061503334,4.079204550250857,15.330612828450297,27095810673
2025-03-06,9.818759627905626,4.216157141343258,15.019194035396731,27095810673
2025-03-07,9.828269194307918,3.9492751739510665,15.275094247838569,27095810673
2025-03-08,9.837778760710211,4.225100206704479,15.276731961619852,27095810673
2025-03-09,9.847288327112503,4.368849344411622,15.719551531488557,27095810673
2025-03-10,9.856797893514795,4.088312369593566,15.628296200670167,27095810673
2025-03-11,9.866307459917087,4.219455014987016,15.488600500681189,27095810673
2025-03-12,9.87581702631938,4.017747944282472,15.557395840660181,27095810673
2025-03-13,9.885326592721672,4.088703141949696,14.885807743888531,27095810673
2025-03-14,9.894836159123964,4.4909861375634375,15.376882321668594,27095810673
2025-03-15,9.904345725526255,4.363583787298653,14.950388200990535,27095810673
2025-03-16,9.913855291928549,4.725481536254278,15.478278823459654,27095810673
2025-03-17,9.92336485833084,4.294315672018656,14.973952903889657,27095810673
2025-03-18,9.932874424733132,4.238897529561413,15.837875860149586,27095810673
2025-03-19,9.942383991135424,4.742636728902233,15.637086542998098,27095810673
2025-03-20,9.951893557537716,4.647538005209326,15.58380986955214,27095810673
2025-03-21,9.96140312394001,4.693615410043212,15.422171710621756,27095810673
2025-03-22,9.9709126903423,4.51982123783636,15.67824944085805,27095810673
2025-03-23,9.980422256744593,4.624732491081034,15.442278122740975,27095810673
2025-03-24,9.989931823146884,4.64809456987925,15.506475780102125,27095810673
2025-03-25,9.999441389549176,4.2219950850196675,15.428964745195488,27095810673
2025-03-26,10.00895095595147,4.530881986329215,15.616586514442043,27095810673
2025-03-27,10.01846052235376,4.449712663862205,15.670298948610277,27095810673
2025-03-28,10.027970088756053,4.735076989394134,15.847494830467804,27095810673
2025-03-29,10.037479655158347,4.517516654953021,15.738772472836814,27095810673
2025-03-30,10.046989221560638,4.119859214804907,15.078883844602279,27095810673
2025-03-31,10.056498787962928,4.703734877080193,15.667303384898139,27095810673
2024-08-27,6.384682955507767,4.904164247945827,7.916239514106471,27095811177
2024-08-28,6.510152520699496,5.026941457901952,8.035316846485824,27095811177
2024-08-29,6.635622085891239,5.11547876164579,8.154941268456115,27095811177
2024-08-30,6.7610916510829675,5.277928904158945,8.130964410613183,27095811177
2024-08-31,6.886561216274696,5.346568820305896,8.281813585441736,27095811177
2024-09-01,7.012030781466425,5.580036537116082,8.55630311361365,27095811177
2024-09-02,7.137500346658168,5.655384308766468,8.534377995027677,27095811177
2024-09-03,7.26296991184989,5.858417435010368,8.865739479485319,27095811177
2024-09-04,7.388439477041626,5.862297105478957,8.955937973710256,27095811177
2024-09-05,7.513909042233347,5.950566674370317,9.01176983197667,27095811177
2024-09-06,7.639378607425083,6.070381494212753,9.219783204611346,27095811177
2024-09-07,7.764848172616805,6.266693419994754,9.231405615672108,27095811177
2024-09-08,7.890317737808541,6.273607351669631,9.278969333116345,27095811177
2024-09-09,8.015787303000263,6.4500454018900655,9.57837169238458,27095811177
2024-09-10,8.141256868191999,6.705024707502848,9.6687589563256,27095811177
2024-09-11,8.266726433383734,6.7911035776519775,9.848684312096923,27095811177
2024-09-12,8.392195998575463,6.964252308598293,9.865913798843886,27095811177
2024-09-13,8.517665563767192,7.00191566346626,10.11536954343155,27095811177
2024-09-14,8.64313512895892,7.140724446168906,10.133230003511004,27095811177
2024-09-15,8.76860469415065,7.144335657474548,10.233158499228875,27095811177
2024-09-16,8.894074259342393,7.30458241409543,10.412903713819725,27095811177
2024-09-17,9.019543824534122,7.486064235263197,10.599106082751048,27095811177
2024-09-18,9.14501338972585,7.64666375780923,10.719473580957306,27095811177
2024-09-19,9.270482954917565,7.897846760326601,10.81389463846567,27095811177
2024-09-20,9.395952520109308,7.85156791112792,10.890557142339329,27095811177
2024-09-21,9.521422085301037,8.057599780648172,11.032995316143086,27095811177
2024-09-22,9.646891650492766,8.172675985358959,11.026378127033034,27095811177
2024-09-23,9.772361215684494,8.148225435386784,11.239391518847048,27095811177
2025-01-21,7.767376589873009,6.405446741032871,9.295138849491659,27095812646
2025-01-22,7.798128189005436,6.340510236941297,9.240597908972287,27095812646
2025-01-23,7.828879788137862,6.445566364665855,9.208573798945498,27095812646
2025-01-24,7.859631387270288,6.469044952973675,9.36431792997971,27095812646
2025-01-25,7.890382986402714,6.527853132367724,9.310994712880028,27095812646
2025-01-26,7.921134585535142,6.453638602105704,9.261861141202997,27095812646
2025-01-27,7.9518861846675675,6.519178906409191,9.36832717578733,27095812646
2025-01-28,7.982637783799993,6.518185154160072,9.325911416000558,27095812646
2025-01-29,8.013389382932417,6.54754267914813,9.484384550555788,27095812646
2025-01-30,8.044140982064846,6.554705847878363,9.4153844765689,27095812646
2025-01-31,8.074892581197272,6.720654650567691,9.387516490402033,27095812646
2025-02-01,8.105644180329698,6.623598779063456,9.464059453008943,27095812646
2025-02-02,8.136395779462124,6.786913210944875,9.572138219029945,27095812646
2025-02-03,8.167147378594553,6.579228005913005,9.618863730009355,27095812646
2025-02-04,8.197898977726975,6.718643243851773,9.704588575192393,27095812646
2025-02-05,8.228650576859401,6.930353406446104,9.693379024589621,27095812646
2025-02-06,8.259402175991827,6.889305661758757,9.723351317033288,27095812646
2025-02-07,8.290153775124256,6.854677910259059,9.668444573934377,27095812646
2025-02-08,8.320905374256682,6.936763937260635,9.715650877221687,27095812646
2025-02-09,8.351656973389108,6.919866464135202,9.650366553039849,27095812646
2025-02-10,8.382408572521534,6.903687180113759,9.787378657785363,27095812646
2025-02-11,8.413160171653963,6.918336175487966,9.707558447828383,27095812646
2025-02-12,8.44391177078639,6.945712083242298,9.958142566938594,27095812646
2025-02-13,8.474663369918815,7.078117398396433,9.879220483823364,27095812646
2025-02-14,8.505414969051241,7.05032531330388,9.880399094932965,27095812646
2025-02-15,8.536166568183669,7.1681171110692645,10.008947045603602,27095812646
2025-02-16,8.566918167316095,7.169121609582787,9.968524591639648,27095812646
2025-02-17,8.59766976644852,7.173843005480346,10.04551248087923,27095812646
2024-08-13,2.998579942477302,2.9985799424215256,2.998579942533722,27095813697
2024-08-14,2.9971563776928614,2.9971563776368195,2.9971563777499877,27095813697
2024-08-15,2.9957328129084213,2.995732812852692,2.99573281297231,27095813697
2024-08-16,2.994309248123981,2.994309248063322,2.994309248180895,27095813697
2024-08-17,2.9928856833395407,2.992885683284194,2.9928856833932596,27095813697
2024-08-18,2.9914621185551002,2.9914621184953645,2.9914621186180965,27095813697
2024-08-19,2.9900385537706597,2.9900385537134655,2.9900385538283007,27095813697
2024-08-20,2.9886149889862192,2.9886149889284113,2.988614989041762,27095813697
2024-08-21,2.987191424201779,2.9871914241456703,2.9871914242643713,27095813697
2024-08-22,2.985767859417339,2.9857678593541195,2.985767859479254,27095813697
2024-08-23,2.9843442946328986,2.98434429457349,2.984344294691448,27095813697
2024-08-24,2.982920729848458,2.982920729790713,2.982920729910516,27095813697
2024-08-25,2.9814971650640176,2.9814971650030766,2.981497165128126,27095813697
2024-08-26,2.9800736002795776,2.9800736002197814,2.980073600341152,27095813697
2024-08-27,2.978650035495137,2.978650035438796,2.9786500355569623,27095813697
2024-08-28,2.977226470710697,2.97722647065142,2.9772264707806277,27095813697
2024-08-29,2.9758029059262565,2.9758029058597373,2.9758029059831,27095813697
2024-08-30,2.974379341141816,2.974379341076549,2.974379341210298,27095813697
2024-08-31,2.9729557763573755,2.9729557762937824,2.9729557764238277,27095813697
2024-09-01,2.9715322115729355,2.9715322115133223,2.971532211636662,27095813697
2024-09-02,2.9701086467884954,2.97010864672235,2.970108646860295,27095813697
2024-09-03,2.968685082004055,2.968685081940333,2.968685082072144,27095813697
2024-09-04,2.9672615172196144,2.9672615171569094,2.967261517288427,27095813697
2024-09-05,2.965837952435174,2.965837952372741,2.965837952503597,27095813697
2024-09-06,2.964414387650734,2.9644143875867908,2.9644143877166034,27095813697
2024-09-07,2.9629908228662933,2.962990822806078,2.9629908229417237,27095813697
2024-09-08,2.9615672580818533,2.9615672580146195,2.9615672581568195,27095813697
2024-09-09,2.960143693297413,2.9601436932269856,2.9601436933657475,27095813697
2024-09-10,1.3957552877877522,0.41789263078104794,2.3335690640825377,27095814149
2024-09-11,1.396127352315998,0.518632486013733,2.3248088066191803,27095814149
2024-09-12,1.396499416844244,0.39126855603844435,2.466424950501344,27095814149
2024-09-13,1.3968714813724898,0.4616081614416331,2.3791216382841878,27095814149
2024-09-14,1.3972435459007357,0.4084512921608727,2.3724002646783697,27095814149
2024-09-15,1.3976156104289814,0.3847039584203692,2.429530919390851,27095814149
2024-09-16,1.3979876749572273,0.37932901641693734,2.3597160928252103,27095814149
2024-09-17,1.3983597394854732,0.4161381257038145,2.375914581765063,27095814149
2024-09-18,1.398731804013719,0.5013217830509671,2.343180285181839,27095814149
2024-09-19,1.399103868541965,0.38434190169725213,2.3306408231125917,27095814149
2024-09-20,1.3994759330702107,0.41641831898287535,2.356018711680297,27095814149
2024-09-21,1.3998479975984566,0.43932532876957103,2.462624792691314,27095814149
2024-09-22,1.4002200621267025,0.46026165996852575,2.3409160581615294,27095814149
2024-09-23,1.4005921266549484,0.447277637982955,2.322914702644886,27095814149
2024-09-24,1.4009641911831943,0.39500714436442125,2.361479002368527,27095814149
2024-09-25,1.4013362557114402,0.38434452792786655,2.32539314741348,27095814149
2024-09-26,1.401708320239686,0.4758148379674229,2.4147219568583576,27095814149
2024-09-27,1.4020803847679317,0.4306139996814178,2.358501414913999,27095814149
2024-09-28,1.4024524492961776,0.46531375865300184,2.3651184809373276,27095814149
2024-09-29,1.4028245138244235,0.4060955171444125,2.3701977391058224,27095814149
2024-09-30,1.4031965783526694,0.4029730573786078,2.325956250283253,27095814149
2024-10-01,1.403568642880915,0.4792944789478508,2.3803864362303306,27095814149
2024-10-02,1.403940707409161,0.3982085822622436,2.3459818385036604,27095814149
2024-10-03,1.404312771937407,0.39966719682699614,2.3427455967911768,27095814149
2024-10-04,1.4046848364656528,0.4287993447130024,2.316268100551006,27095814149
2024-10-05,1.4050569009938987,0.4190040179406876,2.4075881390846625,27095814149
2024-10-06,1.4054289655221446,0.4926467260057597,2.3832697846865134,27095814149
2024-10-07,1.4058010300503905,0.43557293002947256,2.4382808224112695,27095814149
2025-03-04,-0.6807032557338633,-2.7114096735186943,1.293904398687655,41603545216
2025-03-05,-0.6926082101496029,-2.7513861914641913,1.2828054221531677,41603545216
2025-03-06,-0.7045131645653435,-2.6470727711822746,1.2994260104279958,41603545216
2025-03-07,-0.7164181189810832,-2.7864879596518084,1.261253506115047,41603545216
2025-03-08,-0.7283230733968238,-2.839668983241483,1.189284884226975,41603545216
2025-03-09,-0.7402280278125644,-2.7174531849386674,1.234069635200242,41603545216
2025-03-10,-0.752132982228304,-2.82440734486461,1.2332167520571313,41603545216
2025-03-11,-0.7640379366440446,-2.9155634380545643,1.233580844220708,41603545216
2025-03-12,-0.7759428910597852,-2.689152347423116,1.2525742045080794,41603545216
2025-03-13,-0.7878478454755249,-2.8214745620123534,1.2476761942497852,41603545216
2025-03-14,-0.7997527998912655,-2.9259576627124546,1.0392159593822616,41603545216
2025-03-15,-0.8116577543070052,-2.956167242987422,1.1684178819768665,41603545216
2025-03-16,-0.8235627087227457,-2.5993600248119377,1.1161893997054388,41603545216
2025-03-17,-0.8354676631384863,-2.7043005089632577,1.1961336971417895,41603545216
2025-03-18,-0.847372617554226,-2.8058536123146496,1.1437622238639527,41603545216
2025-03-19,-0.8592775719699666,-2.742542951456517,1.106352170904686,41603545216
2025-03-20,-0.8711825263857076,-2.7279015488036222,1.1237771142743223,41603545216
2025-03-21,-0.8830874808014468,-2.8755193972422677,1.0508165074718068,41603545216
2025-03-22,-0.8949924352171879,-2.829825177235025,1.132751845431871,41603545216
2025-03-23,-0.9068973896329271,-3.0172565583824604,1.0531999006352462,41603545216
2025-03-24,-0.9188023440486681,-2.9333735030351535,1.034740900534677,41603545216
2025-03-25,-0.9307072984644087,-2.9904394086007837,1.0463796947323625,41603545216
2025-03-26,-0.9426122528801484,-2.8497640607873524,1.066988918598248,41603545216
2025-03-27,-0.954517207295889,-2.9376798523330216,0.9936499977894437,41603545216
2025-03-28,-0.9664221617116295,-2.946542131944356,0.9585834588666299,41603545216
2025-03-29,-0.9783271161273692,-2.992606979601783,1.1436258736374119,41603545216
2025-03-30,-0.9902320705431098,-3.0421714736729837,0.8954060329491672,41603545216
2025-03-31,-1.0021370249588495,-3.2248627104259393,1.0124864577443675,41603545216
2025-02-04,1.1194054610417687,-0.07354083705500478,2.380467880885599,41604602159
2025-02-05,1.1167480065000441,-0.10014561369651209,2.308522439427075,41604602159
2025-02-06,1.1140905519583193,-0.095856276253796,2.3672022833742803,41604602159
2025-02-07,1.111433097416595,-0.04980274477979979,2.348739908498194,41604602159
2025-02-08,1.1087756428748703,-0.07119307458193912,2.3420423089610813,41604602159
2025-02-09,1.1061181883331455,-0.08340551341862953,2.3520368766287683,41604602159
2025-02-10,1.1034607337914208,-0.17102825056333926,2.3390175893019967,41604602159
2025-02-11,1.1008032792496962,-0.18438412230579493,2.3252458045317477,41604602159
2025-02-12,1.0981458247079716,-0.2296129491969664,2.2961593707504346,41604602159
2025-02-13,1.0954883701662468,-0.17621193004676544,2.3702111641261707,41604602159
2025-02-14,1.0928309156245222,-0.16459900068563102,2.267490709557827,41604602159
2025-02-15,1.0901734610827978,-0.19001464376717284,2.2444458245698145,41604602159
2025-02-16,1.087516006541073,-0.13103950307657242,2.303519974194879,41604602159
2025-02-17,1.0848585519993483,-0.076275169202215,2.3949663228065443,41604602159
2025-02-18,1.0822010974576237,-0.13506832101240387,2.224301673129201,41604602159
2025-02-19,1.079543642915899,-0.23994072423541804,2.290669054880012,41604602159
2025-02-20,1.0768861883741743,-0.16776225908503914,2.3273891900658508,41604602159
2025-02-21,1.0742287338324497,-0.1519543817556869,2.26077787404848,41604602159
2025-02-22,1.071571279290725,-0.11736680429354501,2.316368779630365,41604602159
2025-02-23,1.0689138247490004,-0.12662791766888745,2.286610472952159,41604602159
2025-02-24,1.0662563702072758,-0.18759044093599234,2.3619821780178554,41604602159
2025-02-25,1.0635989156655512,-0.14886131730217164,2.4133702774612646,41604602159
2025-02-26,1.0609414611238266,-0.11503260064918894,2.294691502936709,41604602159
2025-02-27,1.0582840065821018,-0.12323446670908465,2.2526929156291633,41604602159
2025-02-28,1.0556265520403771,-0.1741029338285871,2.293839416542132,41604602159
2025-03-01,1.0529690974986525,-0.13951471745180344,2.2161250029890156,41604602159
2025-03-02,1.050311642956928,-0.2422633822314852,2.2141268092740627,41604602159
2025-03-03,1.0476541884152033,-0.1639468946149728,2.321854455623655,41604602159
2025-02-18,6.521007012387692,5.448244482392413,7.580433384637382,41605550723
2025-02-19,6.544211119531739,5.456492382942959,7.652699936225532,41605550723
2025-02-20,6.567415226675786,5.512834623522761,7.645188342865122,41605550723
2025-02-21,6.590619333819834,5.518345792164773,7.5455539748237985,41605550723
2025-02-22,6.613823440963881,5.574094079316609,7.6916218731662065,41605550723
2025-02-23,6.637027548107929,5.551663207854805,7.748262614271777,41605550723
2025-02-24,6.660231655251975,5.611970718561364,7.7588541314287855,41605550723
2025-02-25,6.683435762396022,5.5879944578186596,7.750327995435111,41605550723
2025-02-26,6.706639869540071,5.61562328981912,7.877969123807706,41605550723
2025-02-27,6.729843976684118,5.629665735519309,7.865163042706083,41605550723
2025-02-28,6.7530480838281655,5.675848834219095,7.879064521197277,41605550723
2025-03-01,6.776252190972212,5.700591388935006,7.887525312700594,41605550723
2025-03-02,6.799456298116259,5.718519654426778,7.846965102821768,41605550723
2025-03-03,6.822660405260307,5.825328848105318,7.884324818616102,41605550723
2025-03-04,6.845864512404354,5.7640895664494884,7.896640031116729,41605550723
2025-03-05,6.869068619548401,5.8542660252105385,7.939603177708006,41605550723
2025-03-06,6.892272726692449,5.821920636798133,7.988693281557352,41605550723
2025-03-07,6.915476833836495,5.85308502819552,8.061427923574772,41605550723
2025-03-08,6.938680940980542,5.912187731396,8.023934483527242,41605550723
2025-03-09,6.96188504812459,5.851206934305855,8.073968329022108,41605550723
2025-03-10,6.985089155268637,5.882756628850828,8.078026287062855,41605550723
2025-03-11,7.008293262412684,5.874187726863961,8.042441032900003,41605550723
2025-03-12,7.031497369556731,5.947383937541046,8.048278166656063,41605550723
2025-03-13,7.054701476700778,5.967691097878506,8.076154907517656,41605550723
2025-03-14,7.077905583844825,5.91364993858795,8.04843278954211,41605550723
2025-03-15,7.1011096909888725,6.0271309447827095,8.226611455681965,41605550723
2025-03-16,7.124313798132921,6.066840966481169,8.229099202920953,41605550723
2025-03-17,7.147517905276969,6.079911063251079,8.234717067298542,41605550723
2025-03-04,-0.9058024931930042,-3.4117937415845248,1.6147336653229436,4166277217
2025-03-05,-0.9248243682000581,-3.3645009272345656,1.587418566740515,4166277217
2025-03-06,-0.9438462432071111,-3.440259518692148,1.6138342620132793,4166277217
2025-03-07,-0.962868118214165,-3.432866051916519,1.511276746004025,4166277217
2025-03-08,-0.9818899932212171,-3.465188424912946,1.5037825021278293,4166277217
2025-03-09,-1.000911868228271,-3.6238383427790013,1.5996731688792287,4166277217
2025-03-10,-1.019933743235324,-3.563827892391181,1.4006857455169694,4166277217
2025-03-11,-1.0389556182423778,-3.5498210028439003,1.565502562303863,4166277217
2025-03-12,-1.0579774932494308,-3.5183387921565954,1.4961286606654536,4166277217
2025-03-13,-1.0769993682564838,-3.681457491284093,1.3318696308207785,4166277217
2025-03-14,-1.0960212432635386,-3.6053710117432516,1.3495194045143661,4166277217
2025-03-15,-1.1150431182705915,-3.7337966901934845,1.3543634252619072,4166277217
2025-03-16,-1.1340649932776445,-3.567583766770958,1.4109994997251922,4166277217
2025-03-17,-1.1530868682846975,-3.6023343402642714,1.4130615893677463,4166277217
2025-03-18,-1.1721087432917514,-3.6524734124307114,1.3005761902438093,4166277217
2025-03-19,-1.1911306182988044,-3.764114098127017,1.2713903448761001,4166277217
2025-03-20,-1.2101524933058583,-3.678279207455141,1.2559502823891056,4166277217
2025-03-21,-1.2291743683129104,-3.718922399564268,1.091486022879335,4166277217
2025-03-22,-1.2481962433199643,-3.6909094812021763,1.1897084438956513,4166277217
2025-03-23,-1.2672181183270173,-3.7153418952578323,1.2267019287234917,4166277217
2025-03-24,-1.2862399933340702,-3.853026774920954,1.3244099867460997,4166277217
2025-03-25,-1.3052618683411241,-3.8938595496742057,1.1122615907862972,4166277217
2025-03-26,-1.3242837433481762,-3.988541871665275,1.159337300057535,4166277217
2025-03-27,-1.34330561835523,-3.7995523749717197,1.1224709719187071,4166277217
2025-03-28,-1.362327493362283,-3.798969533603331,1.2105033128748215,4166277217
2025-03-29,-1.381349368369337,-3.811794223959147,1.1229264912931494,4166277217
2025-03-30,-1.40037124337639,-3.792925827035076,1.1874568018811662,4166277217
2025-03-31,-1.4193931183834438,-3.8342213370059572,0.9817708487171595,4166277217
2025-03-04,3.1120792785922333,1.685812973509532,4.4310439336067455,41662780238
2025-03-05,3.118092165491782,1.7966132797630274,4.597484557809137,41662780238
2025-03-06,3.1241050523913305,1.77893287123205,4.586490928963822,41662780238
2025-03-07,3.130117939290879,1.778926499991362,4.535700734126071,41662780238
2025-03-08,3.1361308261904277,1.7257414421045667,4.434830918989397,41662780238
2025-03-09,3.1421437130899763,1.6919561570513224,4.434620292531883,41662780238
2025-03-10,3.148156599989525,1.7831437686701979,4.512693246449531,41662780238
2025-03-11,3.1541694868890735,1.733741795428366,4.4916318045239105,41662780238
2025-03-12,3.160182373788622,1.8607153601770594,4.488477506437954,41662780238
2025-03-13,3.1661952606881703,1.7662393064324757,4.562794748961705,41662780238
2025-03-14,3.1722081475877193,1.7429747610713793,4.528686525254727,41662780238
2025-03-15,3.178221034487268,1.876530536504499,4.583693987120642,41662780238
2025-03-16,3.1842339213868165,1.8842531680074024,4.46089434929915,41662780238
2025-03-17,3.190246808286365,1.8260949893741545,4.504613878460012,41662780238
2025-03-18,3.1962596951859137,1.871841008442393,4.5089786949091835,41662780238
2025-03-19,3.2022725820854623,1.920841466831535,4.4544277424507674,41662780238
2025-03-20,3.208285468985011,1.8422457511502868,4.541791615172212,41662780238
2025-03-21,3.2142983558845595,1.9292675135695214,4.524059735074004,41662780238
2025-03-22,3.220311242784108,1.7771775768779916,4.574818133772675,41662780238
2025-03-23,3.2263241296836562,1.8548990422436593,4.672656613712628,41662780238
2025-03-24,3.232337016583205,1.885282223801141,4.5277164590215895,41662780238
2025-03-25,3.2383499034827534,1.9753799160023087,4.5777202648894795,41662780238
2025-03-26,3.244362790382302,1.8416467685483702,4.507585196299906,41662780238
2025-03-27,3.2503756772818506,1.9907084654048304,4.548569963505105,41662780238
2025-03-28,3.256388564181399,1.8971018802104735,4.62712444462381,41662780238
2025-03-29,3.2624014510809474,1.921309246952838,4.560184893750216,41662780238
2025-03-30,3.2684143379804964,2.0189238049874576,4.683328007311387,41662780238
2025-03-31,3.274427224880045,1.875512611244884,4.614849122519478,41662780238
2025-03-04,10.298041109673722,2.9160951791046337,17.159740468389387,41662784784
2025-03-05,10.305563690927858,3.3694211751070786,17.681951983628363,41662784784
2025-03-06,10.313086272181994,3.240149314901114,17.781887732398868,41662784784
2025-03-07,10.32060885343613,3.021654541389435,17.59444992087794,41662784784
2025-03-08,10.328131434690267,3.5415731345720256,17.343958487516186,41662784784
2025-03-09,10.335654015944401,3.4892245858819764,18.04391295582771,41662784784
2025-03-10,10.343176597198537,3.1121137926100717,16.887709124833172,41662784784
2025-03-11,10.350699178452674,3.2833921937676416,16.64928394263864,41662784784
2025-03-12,10.35822175970681,3.47551465618014,17.644193254661623,41662784784
2025-03-13,10.365744340960946,3.733309458358187,17.643857838565474,41662784784
2025-03-14,10.373266922215084,3.067496144859743,17.2372271277331,41662784784
2025-03-15,10.380789503469218,3.206667572479484,17.704044508740314,41662784784
2025-03-16,10.388312084723355,3.322552892932888,17.708806527319773,41662784784
2025-03-17,10.39583466597749,3.4566943193867834,17.23870860646423,41662784784
2025-03-18,10.403357247231627,3.2108665769985154,17.525666759893095,41662784784
2025-03-19,10.410879828485763,3.018501762991705,17.61190634479195,41662784784
2025-03-20,10.4184024097399,3.621182946307636,17.10010697142903,41662784784
2025-03-21,10.425924990994035,3.3532743734386083,17.446969192806833,41662784784
2025-03-22,10.433447572248172,3.6507836690010436,17.595751266018496,41662784784
2025-03-23,10.440970153502308,3.3930378546476554,17.12361222891283,41662784784
2025-03-24,10.448492734756444,3.3961279241724527,16.99311474592955,41662784784
2025-03-25,10.456015316010578,3.412554433524378,18.120449457589977,41662784784
2025-03-26,10.463537897264715,3.210227013495903,17.861934961063415,41662784784
2025-03-27,10.47106047851885,3.2569443515787215,17.629624015259587,41662784784
2025-03-28,10.478583059772987,3.3937765878941657,17.77507577109797,41662784784
2025-03-29,10.486105641027123,3.654928863039314,17.601389081863076,41662784784
2025-03-30,10.49362822228126,3.2302443506201226,17.831427955390946,41662784784
2025-03-31,10.501150803535396,3.588517177888073,17.645846226419327,41662784784
2025-03-04,5.140443395017073,1.8051633387579935,8.820387170253523,41662829751
2025-03-05,5.146400206053492,1.638470012381569,8.724381780635444,41662829751
2025-03-06,5.152357017089912,1.6393433043473398,8.696709356321962,41662829751
2025-03-07,5.158313828126331,1.4013950680811973,8.344866999631817,41662829751
2025-03-08,5.16427063916275,1.6345836349544447,8.753827937937311,41662829751
2025-03-09,5.17022745019917,1.679942931210658,8.868580948478323,41662829751
2025-03-10,5.17618426123559,1.6272303885295887,8.722522837279312,41662829751
2025-03-11,5.182141072272009,1.6263917630559057,8.774182280355229,41662829751
2025-03-12,5.188097883308429,1.6344500885805653,8.713410265642535,41662829751
2025-03-13,5.194054694344849,1.6299600626307194,8.612431004910611,41662829751
2025-03-14,5.200011505381268,1.7128813108735568,8.638213359393145,41662829751
2025-03-15,5.205968316417688,1.9082555758686777,8.769903829480734,41662829751
2025-03-16,5.211925127454108,1.5238764790394639,8.597084668356635,41662829751
2025-03-17,5.217881938490527,1.5398639691594336,8.863468211618523,41662829751
2025-03-18,5.223838749526947,1.7899586749626584,8.517279160975535,41662829751
2025-03-19,5.229795560563367,1.7753115609226373,8.900413732488047,41662829751
2025-03-20,5.235752371599786,1.6247604596431324,8.556771076640306,41662829751
2025-03-21,5.241709182636205,1.8398590326544633,8.74712869804692,41662829751
2025-03-22,5.247665993672625,1.711611849284124,8.679910960622864,41662829751
2025-03-23,5.253622804709044,1.4806790900286795,8.700108837211467,41662829751
2025-03-24,5.259579615745464,1.847781209194259,8.926234494490398,41662829751
2025-03-25,5.265536426781884,1.6377815974143783,8.758411872875852,41662829751
2025-03-26,5.271493237818303,1.6725723926909735,8.777903871472317,41662829751
2025-03-27,5.277450048854723,1.662783732655751,8.976593506612932,41662829751
2025-03-28,5.283406859891143,1.927423250767265,8.529172968568226,41662829751
2025-03-29,5.289363670927562,1.88485691218196,8.656343875417287,41662829751
2025-03-30,5.295320481963982,1.9075842469265563,8.730347421165794,41662829751
2025-03-31,5.3012772930004015,1.7347386853079856,8.967689774314202,41662829751
2024-07-23,1.0,0.9999999986646327,1.000000001334017,33750578247
2024-07-24,1.0,0.9999999987410323,1.0000000012508352,33750578247
2024-07-25,1.0,0.9999999987302127,1.0000000012597254,33750578247
2024-07-26,1.0,0.9999999987815293,1.000000001147451,33750578247
2024-07-27,1.0,0.9999999986814555,1.0000000011953503,33750578247
2024-07-28,1.0,0.9999999987137742,1.0000000012229102,33750578247
2024-07-29,1.0,0.9999999987387235,1.0000000012946444,33750578247
2024-07-30,1.0,0.9999999988149819,1.000000001321078,33750578247
2024-07-31,1.0,0.9999999986749188,1.0000000012682044,33750578247
2024-08-01,1.0,0.9999999987506704,1.0000000012626762,33750578247
2024-08-02,1.0,0.999999998782116,1.0000000013000443,33750578247
2024-08-03,1.0,0.9999999986566926,1.0000000013073778,33750578247
2024-08-04,1.0,0.9999999987836262,1.0000000013301404,33750578247
2024-08-05,1.0,0.9999999987339593,1.0000000013042347,33750578247
2024-08-06,1.0,0.9999999986587795,1.0000000012893786,33750578247
2024-08-07,1.0,0.9999999987542402,1.0000000013633272,33750578247
2024-08-08,1.0,0.9999999986714586,1.000000001296003,33750578247
2024-08-09,1.0,0.9999999987651573,1.0000000013558088,33750578247
2024-08-10,1.0,0.9999999987234426,1.0000000013742958,33750578247
2024-08-11,1.0,0.9999999986676771,1.0000000011397403,33750578247
2024-08-12,1.0,0.9999999987108708,1.0000000012924242,33750578247
2024-08-13,1.0,0.9999999986750139,1.0000000012715318,33750578247
2024-08-14,1.0,0.9999999986803195,1.000000001357725,33750578247
2024-08-15,1.0,0.9999999987087449,1.000000001272367,33750578247
2024-08-16,1.0,0.999999998657317,1.0000000013154422,33750578247
2024-08-17,1.0,0.9999999986688692,1.0000000013102548,33750578247
2024-08-18,1.0,0.9999999986623739,1.0000000013054569,33750578247
2024-08-19,1.0,0.9999999987751214,1.0000000012800057,33750578247
2025-03-04,-1.6792872356911346,-6.461029438175098,3.4329754043239706,41859075396
2025-03-05,-1.7326487535394328,-6.983973073102906,3.4994594334431928,41859075396
2025-03-06,-1.7860102713877275,-6.4533345030572224,3.3328925530056783,41859075396
2025-03-07,-1.8393717892360257,-6.582094866846629,3.2771056735007047,41859075396
2025-03-08,-1.8927333070843204,-7.200577098599257,3.0915849477311803,41859075396
2025-03-09,-1.9460948249326186,-6.870557938874618,3.0740671695030377,41859075396
2025-03-10,-1.9994563427809133,-7.057749347949299,3.370261269532596,41859075396
2025-03-11,-2.0528178606292116,-7.179760817473616,3.05320874133143,41859075396
2025-03-12,-2.106179378477508,-7.063010275857784,2.996536256023505,41859075396
2025-03-13,-2.1595408963258063,-7.101054890798485,3.0639831657508756,41859075396
2025-03-14,-2.2129024141741063,-7.308882258493082,2.906618850517366,41859075396
2025-03-15,-2.2662639320224027,-7.604164426252582,2.757733284808676,41859075396
2025-03-16,-2.319625449870701,-7.54836369477769,2.5513094586848424,41859075396
2025-03-17,-2.3729869677189956,-7.236847542345738,2.9723326662608436,41859075396
2025-03-18,-2.426348485567294,-7.73667901151658,2.856006858442179,41859075396
2025-03-19,-2.4797100034155886,-7.286667650436266,2.707737256729385,41859075396
2025-03-20,-2.5330715212638832,-6.980294375958248,2.695950836073073,41859075396
2025-03-21,-2.5864330391121815,-7.704721512554442,2.8982353374714847,41859075396
2025-03-22,-2.639794556960476,-7.803571799104976,2.4084358742093173,41859075396
2025-03-23,-2.6931560748087744,-7.607314863528948,2.278511071201243,41859075396
2025-03-24,-2.746517592657069,-7.824063119042236,2.6044602853967205,41859075396
2025-03-25,-2.7998791105053673,-7.917149102326,2.439881330522023,41859075396
2025-03-26,-2.853240628353662,-8.081222989243079,1.9688849612926194,41859075396
2025-03-27,-2.9066021462019602,-8.009241272460645,2.432706938773817,41859075396
2025-03-28,-2.959963664050255,-8.028646808215557,1.9032521589640057,41859075396
2025-03-29,-3.013325181898553,-7.9492535359729315,2.0323523188057444,41859075396
2025-03-30,-3.066686699746848,-7.872867845633737,2.2773163097982327,41859075396
2025-03-31,-3.120048217595148,-8.261601436710095,1.816454129529115,41859075396
2024-09-10,1.9345406012624322,1.934540601261127,1.9345406012637152,41911704936
2024-09-11,1.9345405955481465,1.934540595546882,1.9345405955494444,41911704936
2024-09-12,1.9345405898338608,1.9345405898325274,1.9345405898353707,41911704936
2024-09-13,1.934540584119575,1.9345405841181225,1.9345405841211187,41911704936
2024-09-14,1.9345405784052894,1.9345405784037504,1.9345405784069671,41911704936
2024-09-15,1.9345405726910037,1.9345405726894762,1.9345405726927771,41911704936
2024-09-16,1.934540566976718,1.9345405669750986,1.9345405669787168,41911704936
2024-09-17,1.9345405612624322,1.9345405612606263,1.9345405612646491,41911704936
2024-09-18,1.9345405555481465,1.9345405555463353,1.9345405555507074,41911704936
2024-09-19,1.9345405498338608,1.934540549832036,1.9346683249170658,41911704936
2024-09-20,1.934540544119575,1.9345405441175583,1.9349849942653192,41911704936
2024-09-21,1.9345405384052894,1.934540538403199,1.9351455180396195,41911704936
2024-09-22,1.9345405326910037,1.9345405326884713,1.9357243955701873,41911704936
2024-09-23,1.934540526976718,1.9344048351134422,1.9362723562335142,41911704936
2024-09-24,1.9345405212624323,1.9340205555896002,1.9369420496555727,41911704936
2024-09-25,1.9345405155481465,1.933721915147653,1.9376043469413156,41911704936
2024-09-26,1.9345405098338608,1.9331803500157383,1.9382124091783395,41911704936
2024-09-27,1.9345405041195751,1.9325305467193512,1.9385968779381604,41911704936
2024-09-28,1.9345404984052894,1.9314068742984558,1.9395621001516596,41911704936
2024-09-29,1.9345404926910037,1.9306718672588004,1.9403209095815124,41911704936
2024-09-30,1.934540486976718,1.9298757896980134,1.9410865617300581,41911704936
2024-10-01,1.9345404812624323,1.9292198130503937,1.9420277492530333,41911704936
2024-10-02,1.9345404755481466,1.9283010294939025,1.9429006254929972,41911704936
2024-10-03,1.9345404698338609,1.9274272516270532,1.9434101706099296,41911704936
2024-10-04,1.9345404641195751,1.9265215080575644,1.944084481007312,41911704936
2024-10-05,1.9345404584052894,1.9258705203431228,1.9449683163465956,41911704936
2024-10-06,1.9345404526910037,1.9247810370943705,1.9453976319181778,41911704936
2024-10-07,1.934540446976718,1.9235800477768399,1.9466230796611863,41911704936
2025-02-11,2.0,1.999999997034281,2.000000002701111,47035595969
2025-02-12,2.0,1.999999996919162,2.000000003077095,47035595969
2025-02-13,2.0,1.9999999962034982,2.0000000038161487,47035595969
2025-02-14,2.0,1.9999999948957905,2.000000005036845,47035595969
2025-02-15,2.0,1.999999992311355,2.000000007196671,47035595969
2025-02-16,2.0,1.9999999893106464,2.000000010418782,47035595969
2025-02-17,2.0,1.9999999866377454,2.000000014002955,47035595969
2025-02-18,2.0,1.9999999815857579,2.000000016670161,47035595969
2025-02-19,2.0,1.9999999777623274,2.0000000201949018,47035595969
2025-02-20,2.0,1.9999999730733453,2.0000000242512916,47035595969
2025-02-21,2.0,1.999999968684156,2.0000000288144895,47035595969
2025-02-22,2.0,1.9999999636662862,2.0000000368955093,47035595969
2025-02-23,2.0,1.9999999581599184,2.0000000417877004,47035595969
2025-02-24,2.0,1.9999999527798216,2.000000044834391,47035595969
2025-02-25,2.0,1.999999947206434,2.0000000499767387,47035595969
2025-02-26,2.0,1.999999942230996,2.0000000542126877,47035595969
2025-02-27,2.0,1.99999993611779,2.0000000596034853,47035595969
2025-02-28,2.0,1.9999999280422796,2.0000000660656756,47035595969
2025-03-01,2.0,1.9999999208773622,2.000000072251034,47035595969
2025-03-02,2.0,1.999999914011923,2.00000008012448,47035595969
2025-03-03,2.0,1.9999999064286065,2.000000088120936,47035595969
2025-03-04,2.0,1.9999998954824998,2.0000000937789575,47035595969
2025-03-05,2.0,1.9999998887875292,2.0000001017500852,47035595969
2025-03-06,2.0,1.999999879661392,2.0000001095319457,47035595969
2025-03-07,2.0,1.999999871277391,2.000000117802021,47035595969
2025-03-08,2.0,1.9999998610380665,2.0000001280266946,47035595969
2025-03-09,2.0,1.9999998514750057,2.000000134058718,47035595969
2025-03-10,2.0,1.9999998420552672,2.000000141656736,47035595969
2025-03-04,3.0,2.999999996303541,3.000000003590839,47035596434
2025-03-05,3.0,2.999999996047033,3.000000003708782,47035596434
2025-03-06,3.0,2.9999999959959527,3.0000000039344648,47035596434
2025-03-07,3.0,2.999999996282583,3.0000000039012384,47035596434
2025-03-08,3.0,2.999999995618311,3.0000000040556016,47035596434
2025-03-09,3.0,2.999999995856763,3.0000000040841797,47035596434
2025-03-10,3.0,2.9999999959702213,3.000000003995589,47035596434
2025-03-11,3.0,2.9999999953792833,3.000000004306148,47035596434
2025-03-12,3.0,2.999999995354718,3.0000000042810075,47035596434
2025-03-13,3.0,2.9999999952345253,3.000000004534372,47035596434
2025-03-14,3.0,2.9999999946886846,3.0000000046699826,47035596434
2025-03-15,3.0,2.999999994871687,3.000000004801263,47035596434
2025-03-16,3.0,2.9999999945332405,3.00000000484132,47035596434
2025-03-17,3.0,2.99999999454271,3.0000000053479376,47035596434
2025-03-18,3.0,2.9999999939611297,3.0000000053182934,47035596434
2025-03-19,3.0,2.9999999936227306,3.000000005545053,47035596434
2025-03-20,3.0,2.999999993782207,3.0000000059583547,47035596434
2025-03-21,3.0,2.9999999934946593,3.0000000070109634,47035596434
2025-03-22,3.0,2.9999999924563814,3.000000006931746,47035596434
2025-03-23,3.0,2.999999992684291,3.0000000075104802,47035596434
2025-03-24,3.0,2.9999999926230405,3.0000000082911304,47035596434
2025-03-25,3.0,2.999999991249056,3.0000000097299355,47035596434
2025-03-26,3.0,2.9999999905432024,3.0000000095181014,47035596434
2025-03-27,3.0,2.9999999885978803,3.000000010556333,47035596434
2025-03-28,3.0,2.9999999875168575,3.0000000116744783,47035596434
2025-03-29,3.0,2.999999988253631,3.0000000130246787,47035596434
2025-03-30,3.0,2.9999999867481697,3.000000015181153,47035596434
2025-03-31,3.0,2.9999999847660144,3.000000015060947,47035596434
2025-02-18,3.247367823080684,3.2473678228474947,3.247367823300708,47035596938
2025-02-19,3.2638592617892552,3.263859261550212,3.2638592620276885,47035596938
2025-02-20,3.280350700497827,3.280350700228807,3.2803507007530217,47035596938
2025-02-21,3.2968421392063982,3.2968421389531737,3.2968421394486747,47035596938
2025-02-22,3.31333357791497,3.3133335776455115,3.313333578194015,47035596938
2025-02-23,3.3298250166235412,3.3298250163344263,3.3298250169283974,47035596938
2025-02-24,3.3463164553321123,3.346316454994524,3.346316455620639,47035596938
2025-02-25,3.3628078940406843,3.3628078936819716,3.3628078943490602,47035596938
2025-02-26,3.3792993327492553,3.3792993323788267,3.3792993330882553,47035596938
2025-02-27,3.3957907714578273,3.3957907705189596,3.395790771816542,47035596938
2025-02-28,3.4122822101663983,3.4122822084345596,3.4122822104967963,47035596938
2025-03-01,3.4287736488749703,3.4287736448123702,3.428773649884689,47035596938
2025-03-02,3.4452650875835413,3.4452650782184424,3.4452650922675914,47035596938
2025-03-03,3.4617565262921124,3.4617565115805844,3.4617565363209657,47035596938
2025-03-04,3.4782479650006843,3.478247944967113,3.4782479809763833,47035596938
2025-03-05,3.4947394037092554,3.4947393768965003,3.4947394239107825,47035596938
2025-03-06,3.5112308424178265,3.5112308070338334,3.511230869369265,47035596938
2025-03-07,3.5277222811263984,3.5277222395987744,3.5277223141037606,47035596938
2025-03-08,3.5442137198349704,3.5442136716724466,3.544213759363931,47035596938
2025-03-09,3.5607051585435414,3.5607051003857046,3.5607052094533036,47035596938
2025-03-10,3.5771965972521125,3.577196530660032,3.577196654846685,47035596938
2025-03-11,3.5936880359606835,3.59368795833204,3.5936881059699046,47035596938
2025-03-12,3.6101794746692555,3.610179385096427,3.6101795529058895,47035596938
2025-03-13,3.6266709133778265,3.626670814210278,3.626671000578477,47035596938
2025-03-14,3.6431623520863985,3.64316224159357,3.6431624545541696,47035596938
2025-03-15,3.6596537907949704,3.6596536698389763,3.659653904243321,47035596938
2025-03-16,3.6761452295035415,3.6761451000024215,3.676145353172078,47035596938
2025-03-17,3.6926366682121134,3.692636527822518,3.692636802675878,47035596938
2025-03-04,2.848342287362332,2.26459391665671,3.3947622895151386,47035597416
2025-03-05,2.6965402465420443,2.151922910240425,3.2751450918410407,47035597416
2025-03-06,2.5447382057217585,1.9729499070854835,3.1061065809552306,47035597416
2025-03-07,2.3929361649014727,1.791389054726868,2.9106934107091993,47035597416
2025-03-08,2.241134124081187,1.6541356290490858,2.8029432477762706,47035597416
2025-03-09,2.089332083260901,1.5324152201162329,2.6372956522842936,47035597416
2025-03-10,1.9375300424406152,1.3966180874049423,2.466256556040276,47035597416
2025-03-11,1.7857280016203294,1.2967313003557046,2.3674775890083053,47035597416
2025-03-12,1.6339259608000436,1.072821923453,2.173293646570433,47035597416
2025-03-13,1.4821239199797551,0.942594410300908,2.041955303861235,47035597416
2025-03-14,1.3303218791594693,0.7681107986231259,1.9245538222583585,47035597416
2025-03-15,1.1785198383391835,0.5871523420615975,1.7401897944328666,47035597416
2025-03-16,1.0267177975188986,0.4662140215286213,1.6004341109473164,47035597416
2025-03-17,0.8749157566986092,0.33915440125222607,1.3987449506886547,47035597416
2025-03-18,0.723113715878327,0.17416570824157984,1.2559449112189003,47035597416
2025-03-19,0.5713116750580411,-0.03217418432798723,1.1274707536169148,47035597416
2025-03-20,0.41950963423775534,-0.17231599425282376,0.9725568251425473,47035597416
2025-03-21,0.2677075934174695,-0.27660563011084854,0.8038718122377909,47035597416
2025-03-22,0.11590555259718016,-0.44636822557576433,0.6882521229110847,47035597416
2025-03-23,-0.03589648822310565,-0.5704343497707279,0.5082366453621909,47035597416
2025-03-24,-0.18769852904339146,-0.7941212103503665,0.3497463348779146,47035597416
2025-03-25,-0.33950056986367727,-0.88078399163285,0.20232175393652402,47035597416
2025-03-26,-0.49130261068396486,-1.1062636917760127,0.057435037669600786,47035597416
2025-03-27,-0.6431046515042507,-1.227922016560127,-0.11482379748014415,47035597416
2025-03-28,-0.7949066923245347,-1.3835519728021546,-0.24834792901091368,47035597416
2025-03-29,-0.9467087331448205,-1.5220340674000652,-0.3979523429803615,47035597416
2025-03-30,-1.098510773965108,-1.6824350311797351,-0.5983561524211659,47035597416
2025-03-31,-1.250312814785394,-1.8209044894228912,-0.660292145026595,47035597416
2025-02-11,1.0,0.9999999987842176,1.0000000012866748,47035597915
2025-02-12,1.0,0.9999999987199265,1.0000000014037054,47035597915
2025-02-13,1.0,0.9999999986840891,1.000000001354205,47035597915
2025-02-14,1.0,0.999999998710842,1.0000000013274148,47035597915
2025-02-15,1.0,0.999999998595086,1.0000000014192827,47035597915
2025-02-16,1.0,0.999999998542525,1.0000000014287327,47035597915
2025-02-17,1.0,0.9999999985157515,1.0000000014534556,47035597915
2025-02-18,1.0,0.9999999984002305,1.0000000015578265,47035597915
2025-02-19,1.0,0.9999999983870619,1.0000000015734676,47035597915
2025-02-20,1.0,0.9999999982005449,1.0000000016207768,47035597915
2025-02-21,1.0,0.999999998019446,1.0000000017371928,47035597915
2025-02-22,1.0,0.9999999980702988,1.0000000019477278,47035597915
2025-02-23,1.0,0.9999999979755426,1.0000000020461919,47035597915
2025-02-24,1.0,0.999999997662921,1.0000000020845354,47035597915
2025-02-25,1.0,0.99999999753571,1.0000000024629643,47035597915
2025-02-26,1.0,0.9999999972128288,1.0000000024766673,47035597915
2025-02-27,1.0,0.9999999968320185,1.0000000025074678,47035597915
2025-02-28,1.0,0.9999999967456062,1.000000002969452,47035597915
2025-03-01,1.0,0.9999999961774124,1.0000000034873948,47035597915
2025-03-02,1.0,0.9999999958419727,1.0000000040064645,47035597915
2025-03-03,1.0,0.9999999952304226,1.0000000042285775,47035597915
2025-03-04,1.0,0.9999999946772947,1.0000000044965163,47035597915
2025-03-05,1.0,0.999999994333817,1.0000000054638658,47035597915
2025-03-06,1.0,0.9999999940161636,1.0000000052790003,47035597915
2025-03-07,1.0,0.9999999935819953,1.0000000061907464,47035597915
2025-03-08,1.0,0.999999993179451,1.0000000063320762,47035597915
2025-03-09,1.0,0.9999999922828229,1.0000000073276905,47035597915
2025-03-10,1.0,0.9999999918991269,1.0000000074045323,47035597915
2025-02-25,11.284010417613029,11.284010417564218,11.284010417656674,47035598475
2025-02-26,11.569646951821744,11.569646951763852,11.569646951878271,47035598475
2025-02-27,11.855283486030457,11.855279961545296,11.855285077351684,47035598475
2025-02-28,12.140920020239172,12.140906764775815,12.140932871636563,47035598475
2025-03-01,12.426556554447885,12.426523322902115,12.426586950688682,47035598475
2025-03-02,12.7121930886566,12.712137330795118,12.712240551492568,47035598475
2025-03-03,12.997829622865313,12.997744814493753,12.997898331747345,47035598475
2025-03-04,13.283466157074027,13.283356949547883,13.283557110347926,47035598475
2025-03-05,13.56910269128274,13.568965266189885,13.56921482436463,47035598475
2025-03-06,13.854739225491459,13.854570068954533,13.85487730707287,47035598475
2025-03-07,14.140375759700172,14.140176955114198,14.1405421209871,47035598475
2025-03-08,14.426012293908885,14.425772477811696,14.426201725524121,47035598475
2025-03-09,14.711648828117601,14.71136660787927,14.711867876632496,47035598475
2025-03-10,14.997285362326314,14.99696314430936,14.997540655387876,47035598475
2025-03-11,15.282921896535028,15.282552096191626,15.283217384482182,47035598475
2025-03-12,15.56855843074374,15.568153665472538,15.568879787380183,47035598475
2025-03-13,15.854194964952457,15.853744577582907,15.854548734893473,47035598475
2025-03-14,16.13983149916117,16.139339184587065,16.14022952262475,47035598475
2025-03-15,16.42546803336988,16.424929153949535,16.425909626049318,47035598475
2025-03-16,16.7111045675786,16.710521392781626,16.711601150388486,47035598475
2025-03-17,16.996741101787315,16.996100383267233,16.997283758378302,47035598475
2025-03-18,17.282377635996028,17.281682148317447,17.28296995398681,47035598475
2025-03-19,17.568014170204748,17.567266097217335,17.56865181346736,47035598475
2025-03-20,17.85365070441346,17.85284318642967,17.854329452199103,47035598475
2025-03-21,18.139287238622174,18.138418753380734,18.14003103986226,47035598475
2025-03-22,18.424923772830887,18.423995559025208,18.42572502274511,47035598475
2025-03-23,18.7105603070396,18.709575114368842,18.71141144309144,47035598475
2025-03-24,18.996196841248317,18.99516314637757,18.997101244975084,47035598475
2025-02-18,1.8177234757527305,0.9736909530859434,2.6683030209788705,47035598960
2025-02-19,1.6057520471671873,0.7069811371401762,2.3627250795958754,47035598960
2025-02-20,1.3937806185816424,0.6210628179337803,2.2230279932195187,47035598960
2025-02-21,1.1818091899960992,0.3181919642336033,2.064236188561507,47035598960
2025-02-22,0.9698377614105551,0.0832047825101284,1.809476504126987,47035598960
2025-02-23,0.757866332825011,-0.09814770489805305,1.5926976174681242,47035598960
2025-02-24,0.545894904239467,-0.2763321030740392,1.375210338234958,47035598960
2025-02-25,0.333923475653922,-0.5303192846139372,1.197044402470335,47035598960
2025-02-26,0.12195204706837881,-0.7518910826267683,0.9721062570881761,47035598960
2025-02-27,-0.09001938151716526,-0.9786094787544354,0.7752384019340909,47035598960
2025-02-28,-0.30199081010270934,-1.1571015210335671,0.5219357425546111,47035598960
2025-03-01,-0.5139622386882534,-1.3299821502257623,0.36356685467074673,47035598960
2025-03-02,-0.7259336672737975,-1.5341644742236857,0.14818746168921593,47035598960
2025-03-03,-0.9379050958593425,-1.768526862112258,-0.07547912208715361,47035598960
2025-03-04,-1.1498765244448874,-1.9652183472491385,-0.3221789792350868,47035598960
2025-03-05,-1.3618479530304297,-2.212604472784445,-0.5201900183989373,47035598960
2025-03-06,-1.5738193816159756,-2.37871931046904,-0.7468665757138067,47035598960
2025-03-07,-1.7857908102015179,-2.5887545146205806,-0.9106888124565273,47035598960
2025-03-08,-1.9977622387870637,-2.895208540143176,-1.1708377328330655,47035598960
2025-03-09,-2.209733667372606,-3.0828128001052573,-1.3306730623714356,47035598960
2025-03-10,-2.42170509595815,-3.2256574135729075,-1.585216506487098,47035598960
2025-03-11,-2.633676524543694,-3.4590217369540808,-1.8005456902197605,47035598960
2025-03-12,-2.8456479531292382,-3.7065692804117285,-1.9641596292116843,47035598960
2025-03-13,-3.057619381714784,-3.928066553237491,-2.2267394002376095,47035598960
2025-03-14,-3.2695908103003264,-4.218854929212283,-2.4975249782496367,47035598960
2025-03-15,-3.4815622388858705,-4.3593615133289685,-2.650412028041994,47035598960
2025-03-16,-3.6935336674714163,-4.517396205983372,-2.866262051827063,47035598960
2025-03-17,-3.9055050960569604,-4.81783308353271,-3.1040138530406347,47035598960
2025-03-04,5.8826567122726106,2.460757764018321,9.34457341852717,47035599495
2025-03-05,5.773137664495581,2.4365817699292247,9.079395874311135,47035599495
2025-03-06,5.663618616718554,2.2712530704998652,9.13567745785325,47035599495
2025-03-07,5.554099568941526,2.1812742334017394,8.955773701592062,47035599495
2025-03-08,5.444580521164498,2.116337804889656,8.737199651101774,47035599495
2025-03-09,5.335061473387471,1.763107928168949,8.868537101181742,47035599495
2025-03-10,5.225542425610442,1.641357409040805,8.44571444704397,47035599495
2025-03-11,5.116023377833415,1.75287404841354,8.554256990646964,47035599495
2025-03-12,5.006504330056387,1.4252299069039782,8.370442860254375,47035599495
2025-03-13,4.896985282279359,1.1689503071240883,8.315093318589396,47035599495
2025-03-14,4.787466234502331,1.4144168760765812,8.185220299021738,47035599495
2025-03-15,4.677947186725303,1.2439545469444964,8.111964539717095,47035599495
2025-03-16,4.568428138948275,1.2599817382426595,7.714544035062367,47035599495
2025-03-17,4.458909091171249,1.1809181848306756,7.99753686349828,47035599495
2025-03-18,4.34939004339422,0.8517467038870314,7.402128423064523,47035599495
2025-03-19,4.239870995617192,0.7633342148258039,7.589383357457456,47035599495
2025-03-20,4.130351947840165,0.7216938144499428,7.461594313706065,47035599495
2025-03-21,4.0208329000631355,0.43978538396955164,7.366296499691239,47035599495
2025-03-22,3.911313852286109,0.5060149743388308,7.31850011935271,47035599495
2025-03-23,3.80179480450908,0.05456564346232446,7.327104000348462,47035599495
2025-03-24,3.6922757567320534,0.41829404054127267,7.19280950613725,47035599495
2025-03-25,3.582756708955025,0.04633056128318365,7.050609959893301,47035599495
2025-03-26,3.473237661177997,0.24984467729121637,6.939050278687923,47035599495
2025-03-27,3.3637186134009687,-0.0529687247930387,6.774965043642629,47035599495
2025-03-28,3.2541995656239404,-0.16982074723651427,6.52852167816977,47035599495
2025-03-29,3.144680517846913,0.07178792809200009,6.496214198915164,47035599495
2025-03-30,3.0351614700698857,-0.36325367786471807,6.404064884047607,47035599495
2025-03-31,2.9256424222928583,-0.7063934488836004,6.317842679948796,47035599495
2025-03-04,10.17488338533676,6.672708326197717,13.352749865389637,47035599949
2025-03-05,10.350358206735597,6.7466376017805185,13.393087417007997,47035599949
2025-03-06,10.525833028134434,7.0957226612257305,13.683215084219787,47035599949
2025-03-07,10.70130784953327,7.387651286481572,14.017981250444384,47035599949
2025-03-08,10.876782670932107,7.397841757703768,14.024108441228954,47035599949
2025-03-09,11.052257492330947,7.95825055262029,14.413375317627299,47035599949
2025-03-10,11.227732313729783,7.928899772728786,14.43161997798534,47035599949
2025-03-11,11.40320713512862,8.235691819544545,14.390779289662346,47035599949
2025-03-12,11.57868195652746,8.513616701087741,14.593923664906885,47035599949
2025-03-13,11.754156777926296,8.35759643500094,15.211217136600192,47035599949
2025-03-14,11.929631599325132,8.488236050225135,15.26467450612231,47035599949
2025-03-15,12.105106420723969,8.937910665232605,15.317738347097107,47035599949
2025-03-16,12.280581242122807,8.945240966570397,15.35924362540398,47035599949
2025-03-17,12.456056063521643,8.940009271999559,15.372267823565386,47035599949
2025-03-18,12.63153088492048,9.477899975613878,15.896655588825803,47035599949
2025-03-19,12.807005706319318,9.51395174164542,16.198569666253785,47035599949
2025-03-20,12.982480527718154,9.410100926033916,16.040063382216445,47035599949
2025-03-21,13.15795534911699,9.98034804972425,16.23081171907545,47035599949
2025-03-22,13.333430170515827,9.810267143200948,16.54884239497389,47035599949
2025-03-23,13.508904991914667,10.118707200776761,16.90236168262434,47035599949
2025-03-24,13.684379813313504,10.544391576550213,16.844947213275354,47035599949
2025-03-25,13.85985463471234,10.669680581702927,17.046124793912682,47035599949
2025-03-26,14.03532945611118,10.8469638713287,17.4138381659458,47035599949
2025-03-27,14.210804277510016,11.0239024924667,17.47765993925907,47035599949
2025-03-28,14.386279098908853,11.323465452481999,17.703232813210153,47035599949
2025-03-29,14.56175392030769,11.217277379486118,17.8733509449557,47035599949
2025-03-30,14.737228741706526,11.500208517706378,18.024543353117473,47035599949
2025-03-31,14.912703563105362,11.883230983104498,18.322196859410198,47035599949
2025-03-04,2.285731460456578,2.285731460456294,2.2857314604568626,47035600918
2025-03-05,2.571445781885153,2.5714457818848477,2.5714457818854997,47035600918
2025-03-06,2.857160103313724,2.8571601033132765,2.8576916246555237,47035600918
2025-03-07,3.1428744247422955,3.1409764085240273,3.1464636355881064,47035600918
2025-03-08,3.428588746170865,3.4237431616916947,3.43658213311154,47035600918
2025-03-09,3.71430306759944,3.7059099342049278,3.7284873463174173,47035600918
2025-03-10,4.0000173890280095,3.9874432775579614,4.021257015359935,47035600918
2025-03-11,4.285731710456579,4.268006449857131,4.316011064466387,47035600918
2025-03-12,4.571446031885154,4.547806526892538,4.609350661336633,47035600918
2025-03-13,4.8571603533137235,4.826829960290711,4.904635040151226,47035600918
2025-03-14,5.142874674742293,5.104693121517995,5.197262047947955,47035600918
2025-03-15,5.428588996170866,5.380457376219683,5.491910292436817,47035600918
2025-03-16,5.7143033175994375,5.658058473762293,5.789249473396678,47035600918
2025-03-17,6.000017639028009,5.935752798662732,6.0843841231529705,47035600918
2025-03-18,6.28573196045658,6.213423848681671,6.38339609159532,47035600918
2025-03-19,6.571446281885155,6.487809898295713,6.6809174315991955,47035600918
2025-03-20,6.857160603313723,6.762086181058968,6.978483786855628,47035600918
2025-03-21,7.142874924742294,7.038159239529297,7.2754635332303685,47035600918
2025-03-22,7.428589246170866,7.31219684367094,7.579323245865496,47035600918
2025-03-23,7.714303567599437,7.584533130216943,7.889840394599584,47035600918
2025-03-24,8.000017889028012,7.852722272044925,8.190338450578873,47035600918
2025-03-25,8.28573221045658,8.1233514153897,8.48783887868812,47035600918
2025-03-26,8.571446531885154,8.396444743433856,8.784000022952565,47035600918
2025-03-27,8.857160853313726,8.667159287708603,9.080877768612819,47035600918
2025-03-28,9.142875174742294,8.94556660861177,9.378150370186733,47035600918
2025-03-29,9.428589496170865,9.217267192251258,9.673134518181632,47035600918
2025-03-30,9.71430381759944,9.489117042588516,9.975939937197635,47035600918
2025-03-31,10.000018139028008,9.758402061023379,10.275288713524068,47035600918
2025-02-25,2.939676805769966,1.1890157975585758,4.715114773817316,47035601421
2025-02-26,2.760457969109914,0.9005304365892868,4.55575975577976,47035601421
2025-02-27,2.5812391324498636,0.7680466949733331,4.4567989653141264,47035601421
2025-02-28,2.4020202957898125,0.6600876262027457,4.304052405857746,47035601421
2025-03-01,2.222801459129764,0.4405637512482674,4.110090855785635,47035601421
2025-03-02,2.0435826224697133,0.23019090717985813,3.8544143709491503,47035601421
2025-03-03,1.8643637858096627,0.04913673850901074,3.7345958938320867,47035601421
2025-03-04,1.685144949149612,-0.16113344717132505,3.513285804243094,47035601421
2025-03-05,1.5059261124895593,-0.4591682531530402,3.303994059153109,47035601421
2025-03-06,1.3267072758295086,-0.6663302451786334,3.1019891304816722,47035601421
2025-03-07,1.147488439169458,-0.6895627782923216,2.92470322894484,47035601421
2025-03-08,0.9682696025094073,-1.0189357714786558,2.8121485349147703,47035601421
2025-03-09,0.7890507658493566,-1.042397058978783,2.7359794797449744,47035601421
2025-03-10,0.609831929189306,-1.1585738397328798,2.481181241231342,47035601421
2025-03-11,0.4306130925292573,-1.413341530622638,2.2754181387446604,47035601421
2025-03-12,0.2513942558692066,-1.6236939983257626,2.1517009405201777,47035601421
2025-03-13,0.07217541920915593,-1.84398121072536,1.834222250064451,47035601421
2025-03-14,-0.10704341745089652,-1.991702827037782,1.7580514203293318,47035601421
2025-03-15,-0.28626225411094763,-2.098393720627016,1.8020482531909419,47035601421
2025-03-16,-0.46548109077099786,-2.2759534634903975,1.5942059085919618,47035601421
2025-03-17,-0.644699927431049,-2.4348569383635286,1.262342387386859,47035601421
2025-03-18,-0.8239187640910992,-2.6331186917258864,0.9125765001386932,47035601421
2025-03-19,-1.0031376007511503,-2.939194101488687,0.7879217945504603,47035601421
2025-03-20,-1.1823564374112006,-3.036143740789503,0.7036453934331957,47035601421
2025-03-21,-1.3615752740712495,-3.238899766339258,0.5379341642139617,47035601421
2025-03-22,-1.5407941107313001,-3.4708885780897645,0.1866937141886131,47035601421
2025-03-23,-1.720012947391353,-3.5792561061199564,0.12257241938832869,47035601421
2025-03-24,-1.8992317840514032,-3.6593475295080986,-0.06604005613383204,47035601421
2025-02-25,0.6635504047205159,-0.07549355677767923,1.4446990568679545,47035601997
2025-02-26,0.6107204047585073,-0.14979344053478394,1.4057989398147173,47035601997
2025-02-27,0.5578904047964993,-0.22431298004120825,1.3428699412087306,47035601997
2025-02-28,0.5050604048344908,-0.3034413432634932,1.265159018395774,47035601997
2025-03-01,0.45223040487248334,-0.32114978966648006,1.2670783092074172,47035601997
2025-03-02,0.3994004049104748,-0.41550738555251954,1.158063354710343,47035601997
2025-03-03,0.3465704049484668,-0.4694040122046666,1.074492799942221,47035601997
2025-03-04,0.2937404049864588,-0.46527031505615196,1.0902952319635728,47035601997
2025-03-05,0.24091040502445024,-0.5374943653452214,1.0201102787274285,47035601997
2025-03-06,0.18808040506244225,-0.5152016598240906,0.9830860937951555,47035601997
2025-03-07,0.1352504051004337,-0.6590506820233915,0.9136597168867512,47035601997
2025-03-08,0.08242040513842572,-0.7095623278417362,0.8610628400003997,47035601997
2025-03-09,0.029590405176417173,-0.757959195976592,0.814025481201776,47035601997
2025-03-10,-0.023239594785590817,-0.8534568285161187,0.7686485965752782,47035601997
2025-03-11,-0.07606959474759825,-0.8402139207597737,0.6588547278708062,47035601997
2025-03-12,-0.1288995947096068,-0.8781919670393028,0.6082895798488278,47035601997
2025-03-13,-0.18172959467161479,-0.929792337266206,0.5319598548913851,47035601997
2025-03-14,-0.23455959463362333,-1.0232706402844536,0.48326191155721626,47035601997
2025-03-15,-0.2873895945956313,-1.0729837218159013,0.5712586966382659,47035601997
2025-03-16,-0.34021959455763984,-1.1566978918834094,0.38633876224289065,47035601997
2025-03-17,-0.3930495945196478,-1.1256170677179853,0.31637018525923544,47035601997
2025-03-18,-0.4458795944816558,-1.2364328004102096,0.3390270769498274,47035601997
2025-03-19,-0.49870959444366436,-1.290607752995413,0.256492485774386,47035601997
2025-03-20,-0.5515395944056724,-1.3080354785458712,0.2622895480386304,47035601997
2025-03-21,-0.6043695943676803,-1.2878093137828885,0.1694653124231161,47035601997
2025-03-22,-0.6571995943296882,-1.4154362921237038,0.10226360180543712,47035601997
2025-03-23,-0.7100295942916968,-1.4933144686018829,0.08554468989479372,47035601997
2025-03-24,-0.7628595942537048,-1.5497115988739973,-0.020884251001625834,47035601997
2025-01-21,0.7199252945607191,-0.021049834192054456,1.4253765707292851,4203509252
2025-01-22,0.7177747036469704,-0.02608638862821546,1.4814296949802979,4203509252
2025-01-23,0.7156241127332215,-0.03595934395499845,1.4459296324452424,4203509252
2025-01-24,0.7134735218194725,-0.03819630607779165,1.4206256832728656,4203509252
2025-01-25,0.7113229309057241,-0.0659865936447264,1.4525231898290696,4203509252
2025-01-26,0.7091723399919752,-0.08297072121313474,1.3977386291100378,4203509252
2025-01-27,0.7070217490782262,-0.027133048756078533,1.4087479366831566,4203509252
2025-01-28,0.7048711581644773,-0.011593736122382521,1.4263798136899726,4203509252
2025-01-29,0.7027205672507284,0.02090732647121476,1.3846737063636716,4203509252
2025-01-30,0.7005699763369799,-0.062080044540078365,1.4327710055512444,4203509252
2025-01-31,0.6984193854232308,-0.07628338431360772,1.4594789550787013,4203509252
2025-02-01,0.6962687945094821,-0.09139482539374834,1.4042010311194402,4203509252
2025-02-02,0.6941182035957334,-0.06672505710276265,1.4247623575773252,4203509252
2025-02-03,0.6919676126819843,-0.06829122434531966,1.4185728320114528,4203509252
2025-02-04,0.6898170217682358,-0.09840805108955979,1.426320506002196,4203509252
2025-02-05,0.6876664308544866,0.03840276695058665,1.4215811137388707,4203509252
2025-02-06,0.685515839940738,-0.026770411451454784,1.4720495685821593,4203509252
2025-02-07,0.683365249026989,-0.020068023976479558,1.4483266063948852,4203509252
2025-02-08,0.6812146581132401,0.002326615396046614,1.4602061975581648,4203509252
2025-02-09,0.6790640671994916,-0.06460853559806104,1.3602897757637082,4203509252
2025-02-10,0.6769134762857427,-0.04124559094081961,1.4204282429954653,4203509252
2025-02-11,0.6747628853719938,-0.04775266603507992,1.3856579693518243,4203509252
2025-02-12,0.6726122944582451,-0.07424478018221099,1.404919491951256,4203509252
2025-02-13,0.670461703544496,-0.062297317667341756,1.41081131898679,4203509252
2025-02-14,0.6683111126307475,-0.056359249533455065,1.4281538373980551,4203509252
2025-02-15,0.6661605217169984,-0.058963990397806795,1.4594028675048674,4203509252
2025-02-16,0.6640099308032497,-0.10786669656798246,1.376270599835385,4203509252
2025-02-17,0.661859339889501,-0.03641648465362648,1.4218801881167722,4203509252
2025-02-11,3.6603640700905986,1.9935380577059272,5.341690055107774,42041590570
2025-02-12,3.661027245616234,1.8982142497866048,5.4105331433318105,42041590570
2025-02-13,3.6616904211418695,1.9471190162018825,5.226616757584581,42041590570
2025-02-14,3.662353596667505,2.1060340056151574,5.446080570984678,42041590570
2025-02-15,3.663016772193141,1.9176021569546124,5.291629518888075,42041590570
2025-02-16,3.6636799477187765,2.0117193748243847,5.341596009807292,42041590570
2025-02-17,3.6643431232444117,2.022852931314447,5.303544161146773,42041590570
2025-02-18,3.6650062987700474,2.0375828991019502,5.492619187603915,42041590570
2025-02-19,3.665669474295683,2.0746357989877153,5.460318249458492,42041590570
2025-02-20,3.6663326498213187,2.119738549902451,5.297522120939846,42041590570
2025-02-21,3.6669958253469543,2.0008523886357974,5.328262478421797,42041590570
2025-02-22,3.6676590008725896,2.0048931738485125,5.3143022689060535,42041590570
2025-02-23,3.6683221763982257,2.029761130970791,5.3486798435756,42041590570
2025-02-24,3.668985351923861,2.047795673947244,5.398721694360373,42041590570
2025-02-25,3.6696485274494965,1.97596036106738,5.365705559010219,42041590570
2025-02-26,3.670311702975132,1.9555312412769479,5.250288922966667,42041590570
2025-02-27,3.6709748785007674,1.9326310541031395,5.407572014913222,42041590570
2025-02-28,3.6716380540264035,2.0833894553526817,5.313217488306829,42041590570
2025-03-01,3.6723012295520387,2.061755011960143,5.372749179652571,42041590570
2025-03-02,3.6729644050776744,2.1063791156002702,5.270662518693793,42041590570
2025-03-03,3.67362758060331,2.1184648117922382,5.404791612739316,42041590570
2025-03-04,3.6742907561289453,2.023300866360064,5.225514554647193,42041590570
2025-03-05,3.6749539316545814,2.0058458425676653,5.4482590072518144,42041590570
2025-03-06,3.6756171071802166,2.005032434247764,5.304174078375795,42041590570
2025-03-07,3.6762802827058523,2.1039871148585285,5.322634942775949,42041590570
2025-03-08,3.676943458231488,2.0664762621999997,5.394151590845827,42041590570
2025-03-09,3.6776066337571236,1.9662023745708126,5.404226624524644,42041590570
2025-03-10,3.6782698092827593,2.0083829516508658,5.416990796960952,42041590570
2025-02-25,5.95710878070224,3.9530250738436186,7.955837738782359,43904595253
2025-02-26,5.958642798570602,4.009789166082057,7.890889250402326,43904595253
2025-02-27,5.960176816438964,3.941396061920362,8.025544023833337,43904595253
2025-02-28,5.9617108343073255,3.96988186561763,7.881018821900866,43904595253
2025-03-01,5.963244852175687,3.8998182442843143,7.949434686617924,43904595253
2025-03-02,5.964778870044048,4.088583185882796,7.889399509814165,43904595253
2025-03-03,5.9663128879124105,3.940014142195236,8.095851370527999,43904595253
2025-03-04,5.967846905780772,3.993426230973823,7.956337164295986,43904595253
2025-03-05,5.969380923649133,3.8728170772083703,8.029464323809657,43904595253
2025-03-06,5.970914941517496,4.001593044312337,8.070326137808667,43904595253
2025-03-07,5.972448959385858,4.058240542855063,7.9396549386153215,43904595253
2025-03-08,5.973982977254218,3.898731209079039,7.913996963436684,43904595253
2025-03-09,5.975516995122581,4.065421821556864,7.958012215666346,43904595253
2025-03-10,5.977051012990941,3.844069662086143,7.949512776299334,43904595253
2025-03-11,5.978585030859303,3.990608090999788,7.971355564387524,43904595253
2025-03-12,5.980119048727666,4.018831803295415,8.038774292040335,43904595253
2025-03-13,5.981653066596027,4.052930040957765,8.003446935801833,43904595253
2025-03-14,5.983187084464388,4.075713713387687,7.96476457084762,43904595253
2025-03-15,5.984721102332751,3.967216255284662,7.952530773208222,43904595253
2025-03-16,5.986255120201112,4.01352265455657,7.936732800508361,43904595253
2025-03-17,5.987789138069473,3.9422221026739024,7.831289321693055,43904595253
2025-03-18,5.989323155937836,3.9442783345175676,7.999078223124075,43904595253
2025-03-19,5.990857173806197,3.956818400497094,8.045444395994375,43904595253
2025-03-20,5.992391191674559,3.986726069223661,8.008406243336376,43904595253
2025-03-21,5.99392520954292,3.8485673948744266,7.9380964125832625,43904595253
2025-03-22,5.995459227411282,3.8941571335209635,7.8035615737739255,43904595253
2025-03-23,5.996993245279644,4.022602142029922,7.826847833191884,43904595253
2025-03-24,5.998527263148005,4.1105030141682635,7.7936510297788715,43904595253
2025-02-25,8.191839670267246,7.8886065920868225,8.471628741288502,43904694832
2025-02-26,8.54903795825065,8.258557683249935,8.855827974692682,43904694832
2025-02-27,8.906236246234057,8.625141497752166,9.210173773489059,43904694832
2025-02-28,9.263434534217463,8.945213433885897,9.541089737088708,43904694832
2025-03-01,9.62063282220087,9.319435539199104,9.922971133705621,43904694832
2025-03-02,9.977831110184276,9.683734665183998,10.253272014695108,43904694832
2025-03-03,10.33502939816768,10.033206115563653,10.642609853787915,43904694832
2025-03-04,10.692227686151085,10.398995084188018,10.979828518295736,43904694832
2025-03-05,11.049425974134493,10.758158562546084,11.364929604533405,43904694832
2025-03-06,11.406624262117898,11.10884341342624,11.69984525785533,43904694832
2025-03-07,11.763822550101303,11.4725188602149,12.072571156923946,43904694832
2025-03-08,12.12102083808471,11.807063822666533,12.415894598492917,43904694832
2025-03-09,12.478219126068115,12.178430527540419,12.780014190758537,43904694832
2025-03-10,12.83541741405152,12.545672615319154,13.143973916432529,43904694832
2025-03-11,13.192615702034928,12.88607510709868,13.504024685027845,43904694832
2025-03-12,13.549813990018333,13.23623656926596,13.848163231153238,43904694832
2025-03-13,13.907012278001737,13.600300329240671,14.206022687136217,43904694832
2025-03-14,14.264210565985142,13.950459352227837,14.553129195560588,43904694832
2025-03-15,14.62140885396855,14.318040512535253,14.90804640843934,43904694832
2025-03-16,14.978607141951954,14.666219301538339,15.253076992552218,43904694832
2025-03-17,15.335805429935359,15.049691562321188,15.624309863415139,43904694832
2025-03-18,15.693003717918767,15.389353508753503,15.998852441724717,43904694832
2025-03-19,16.05020200590217,15.75004817841848,16.34772343596715,43904694832
2025-03-20,16.40740029388558,16.118795560133012,16.710763805973926,43904694832
2025-03-21,16.764598581868984,16.434116977086585,17.069053596719073,43904694832
2025-03-22,17.12179686985239,16.844692471135993,17.43907867809673,43904694832
2025-03-23,17.478995157835794,17.19782659567996,17.78921251743242,43904694832
2025-03-24,17.8361934458192,17.53949880234399,18.12342789122951,43904694832
2025-03-04,2.004694791958828,2.004694791787133,2.0046947921287104,4391268112
2025-03-05,2.009392043583391,2.0093920434118138,2.0093920437465806,4391268112
2025-03-06,2.0140892952079548,2.0140892950298155,2.014089295378571,4391268112
2025-03-07,2.0187865468325183,2.018786546647102,2.018786547001881,4391268112
2025-03-08,2.0234837984570815,2.023483798263674,2.023483798627058,4391268112
2025-03-09,2.0281810500816446,2.028181049903586,2.028181050270257,4391268112
2025-03-10,2.0328783017062078,2.032878301504957,2.032878301878347,4391268112
2025-03-11,2.037575553330771,2.0375755531327253,2.0375755535135798,4391268112
2025-03-12,2.042272804955334,2.0422728047778778,2.0422728051444126,4391268112
2025-03-13,2.0469700565798976,2.0469700563820843,2.046970056791877,4391268112
2025-03-14,2.051667308204461,2.0516673080052734,2.051667308409409,4391268112
2025-03-15,2.0563645598290243,2.0563645596346483,2.056364560036975,4391268112
2025-03-16,2.0610618114535875,2.0610618112374723,2.0610618116656205,4391268112
2025-03-17,2.0657590630781506,2.0657590628480613,2.065759063306322,4391268112
2025-03-18,2.0704563147027137,2.0704563144789345,2.0704563149265893,4391268112
2025-03-19,2.075153566327277,2.0751535660961973,2.0751535665623817,4391268112
2025-03-20,2.07985081795184,2.079850817713099,2.0798508181738224,4391268112
2025-03-21,2.0845480695764036,2.084548069326171,2.084548069812739,4391268112
2025-03-22,2.089245321200967,2.0892453209292032,2.089245321435621,4391268112
2025-03-23,2.0939425728255303,2.0939425725525718,2.09394257306243,4391268112
2025-03-24,2.0986398244500934,2.0986398241833384,2.098639824704424,4391268112
2025-03-25,2.1033370760746566,2.1033370757655327,2.103337076344256,4391268112
2025-03-26,2.1080343276992197,2.108034327409525,2.108034327978034,4391268112
2025-03-27,2.1127315793237833,2.1127315789697234,2.1127315796656805,4391268112
2025-03-28,2.117428830948347,2.1174288305212063,2.1174288313030676,4391268112
2025-03-29,2.12212608257291,2.122126082112506,2.12212608298821,4391268112
2025-03-30,2.126823334197473,2.1268233336328284,2.1268233346816787,4391268112
2025-03-31,2.1315205858220363,2.131520585229032,2.131520586473895,4391268112
2025-03-04,2.285789721732286,2.285789721710118,2.285789721752114,43913912032
2025-03-05,2.571504578902342,2.571504578881337,2.571504578924461,43913912032
2025-03-06,2.8572194360724126,2.857219436051044,2.8572194360943324,43913912032
2025-03-07,3.142934293242476,3.142934293219638,3.142934293265111,43913912032
2025-03-08,3.4286491504125394,3.428649150389028,3.4286491504366134,43913912032
2025-03-09,3.714364007582617,3.714364007558632,3.714364007605487,43913912032
2025-03-10,4.00007886475268,4.000078864729155,4.000078864774216,43913912032
2025-03-11,4.285793721922758,4.285793721898692,4.285793721946064,43913912032
2025-03-12,4.571508579092807,4.571508579065737,4.571508579116474,43913912032
2025-03-13,4.857223436262885,4.8572234362345545,4.857223436289159,43913912032
2025-03-14,5.142938293432955,5.14293829340633,5.142938293460038,43913912032
2025-03-15,5.428653150603012,5.428653150575251,5.428653150628754,43913912032
2025-03-16,5.714368007773082,5.714368007743346,5.714368007800488,43913912032
2025-03-17,6.0000828649431455,6.000082864911646,6.000082864975952,43913912032
2025-03-18,6.285797722113209,6.285797722079688,6.285797722142173,43913912032
2025-03-19,6.571512579283279,6.57151257925348,6.571512579316636,43913912032
2025-03-20,6.857227436453343,6.85722743641615,6.857227436493774,43913912032
2025-03-21,7.142942293623406,7.142942293586928,7.1429422936607105,43913912032
2025-03-22,7.428657150793484,7.428657150756476,7.4286571508399035,43913912032
2025-03-23,7.714372007963547,7.714372007894902,7.714372008020804,43913912032
2025-03-24,8.000086865133625,8.000086865030452,8.000086865231316,43913912032
2025-03-25,8.285801722303674,8.285801722155812,8.285801722436382,43913912032
2025-03-26,8.571516579473752,8.571516579249844,8.571516579655942,43913912032
2025-03-27,8.857231436643822,8.857231436296718,8.857231436876326,43913912032
2025-03-28,9.142946293813878,9.14294629340681,9.14294629408195,43913912032
2025-03-29,9.428661150983949,9.428661150503096,9.428661151299792,43913912032
2025-03-30,9.714376008154012,9.714376007598014,9.714376008542072,43913912032
2025-03-31,10.000090865324076,10.000090864657107,10.000090865757864,43913912032
2024-09-03,-10.130426029757237,-10.979013058407338,-9.32420635833045,42332432433
2024-09-04,-10.285393849310028,-11.072378351982907,-9.474911139829148,42332432433
2024-09-05,-10.440361668862815,-11.310711769837889,-9.651268094938022,42332432433
2024-09-06,-10.595329488415606,-11.487275485109981,-9.761596111006263,42332432433
2024-09-07,-10.7502973079684,-11.505797308512461,-9.85250643240698,42332432433
2024-09-08,-10.905265127521192,-11.648283022452057,-10.051553617395033,42332432433
2024-09-09,-11.06023294707398,-11.86023207256961,-10.257207632971577,42332432433
2024-09-10,-11.21520076662677,-11.972483800729524,-10.405070059984762,42332432433
2024-09-11,-11.370168586179561,-12.252928287677829,-10.482101291977465,42332432433
2024-09-12,-11.525136405732352,-12.311600935851896,-10.727207290042854,42332432433
2024-09-13,-11.68010422528514,-12.455264596054587,-10.847839388648065,42332432433
2024-09-14,-11.835072044837931,-12.676673878944737,-11.015710506457966,42332432433
2024-09-15,-11.990039864390722,-12.799083016623355,-11.182082936378167,42332432433
2024-09-16,-12.145007683943517,-12.916809244978118,-11.30731718086512,42332432433
2024-09-17,-12.2999755034963,-13.069280623447558,-11.426713198226368,42332432433
2024-09-18,-12.454943323049095,-13.320570997844387,-11.63944670076938,42332432433
2024-09-19,-12.609911142601886,-13.436512464339632,-11.781045238294341,42332432433
2024-09-20,-12.764878962154677,-13.49567132907306,-11.959001162724055,42332432433
2024-09-21,-12.919846781707465,-13.682191109015154,-12.148186989283706,42332432433
2024-09-22,-13.074814601260256,-13.85834245874106,-12.222573379065226,42332432433
2024-09-23,-13.229782420813047,-14.04722294593846,-12.510077465087774,42332432433
2024-09-24,-13.384750240365838,-14.174874870289438,-12.580662270882579,42332432433
2024-09-25,-13.539718059918625,-14.336506242884923,-12.829499694653393,42332432433
2024-09-26,-13.694685879471416,-14.542971200572925,-12.915308489767584,42332432433
2024-09-27,-13.849653699024211,-14.704358368228187,-13.092662768567914,42332432433
2024-09-28,-14.004621518577002,-14.824506576687844,-13.180942432990586,42332432433
2024-09-29,-14.159589338129791,-14.935158687008363,-13.3302178738953,42332432433
2024-09-30,-14.314557157682582,-15.131921073835937,-13.557246234174535,42332432433
2024-09-03,1.0,0.9999999987262972,1.0000000011998709,42332432797
2024-09-04,1.0,0.9999999987449808,1.0000000013048067,42332432797
2024-09-05,1.0,0.9999999987227004,1.0000000011239654,42332432797
2024-09-06,1.0,0.9999999986782284,1.000000001192356,42332432797
2024-09-07,1.0,0.9999999987493496,1.0000000014647517,42332432797
2024-09-08,1.0,0.9999999987507672,1.000000001265315,42332432797
2024-09-09,1.0,0.9999999986892794,1.0000000013268893,42332432797
2024-09-10,1.0,0.9999999987141579,1.0000000014277257,42332432797
2024-09-11,1.0,0.9999999987356067,1.000000001335393,42332432797
2024-09-12,1.0,0.9999999986476862,1.0000000012263714,42332432797
2024-09-13,1.0,0.9999999986722999,1.0000000012514956,42332432797
2024-09-14,1.0,0.9999999986766793,1.0000000012903818,42332432797
2024-09-15,1.0,0.9999999986965447,1.0000000013281691,42332432797
2024-09-16,1.0,0.9999999986569862,1.00000000129905,42332432797
2024-09-17,1.0,0.999999998734588,1.0000000012203354,42332432797
2024-09-18,1.0,0.9999999986379381,1.000000001271639,42332432797
2024-09-19,1.0,0.9999999986262831,1.000000001346943,42332432797
2024-09-20,1.0,0.9999999986110646,1.0000000013049344,42332432797
2024-09-21,1.0,0.9999999985894237,1.0000000012157406,42332432797
2024-09-22,1.0,0.9999999986127582,1.0000000014240753,42332432797
2024-09-23,1.0,0.9999999986305541,1.0000000013274688,42332432797
2024-09-24,1.0,0.999999998607474,1.0000000014510524,42332432797
2024-09-25,1.0,0.9999999986041874,1.0000000012791868,42332432797
2024-09-26,1.0,0.9999999986709557,1.0000000014121375,42332432797
2024-09-27,1.0,0.9999999984960684,1.000000001276799,42332432797
2024-09-28,1.0,0.9999999986853462,1.0000000013393948,42332432797
2024-09-29,1.0,0.9999999986513617,1.000000001464982,42332432797
2024-09-30,1.0,0.999999998558572,1.0000000015025317,42332432797
2024-08-13,1.1115853303854282,0.8020550096925719,1.4129329424028714,42332433059
2024-08-14,1.2229616161130226,0.925172712216631,1.5229221370445778,42332433059
2024-08-15,1.3343379018406134,1.0378894732611776,1.6615773926445543,42332433059
2024-08-16,1.4457141875682096,1.1481135174864177,1.7534993826968768,42332433059
2024-08-17,1.5570904732957986,1.251902181723794,1.873998102991261,42332433059
2024-08-18,1.668466759023393,1.3737664584779812,1.9705473125805175,42332433059
2024-08-19,1.7798430447509839,1.487988781867661,2.0789064496529943,42332433059
2024-08-20,1.8912193304785783,1.561562781104838,2.1859292817695923,42332433059
2024-08-21,2.0025956162061673,1.703564180834022,2.2877708087005657,42332433059
2024-08-22,2.1139719019337635,1.806077163025553,2.4145555059663164,42332433059
2024-08-23,2.2253481876613543,1.9107823818077128,2.533070122843082,42332433059
2024-08-24,2.336724473388945,2.0369106018626097,2.635572012508897,42332433059
2024-08-25,2.448100759116538,2.1418156458413606,2.7543004213156372,42332433059
2024-08-26,2.5594770448441304,2.2544943842247798,2.865621497093322,42332433059
2024-08-27,2.6708533305717213,2.3589479917438694,2.999200543230141,42332433059
2024-08-28,2.782229616299312,2.467578494558889,3.0930729885598787,42332433059
2024-08-29,2.8936059020269083,2.575353095794439,3.210559899104785,42332433059
2024-08-30,3.004982187754501,2.703368050561163,3.303052366587891,42332433059
2024-08-31,3.1163584734820917,2.8238545318155888,3.420916150741539,42332433059
2024-09-01,3.2277347592096826,2.905781535151957,3.526453623095392,42332433059
2024-09-02,3.339111044937277,3.0216433849465085,3.64876579048915,42332433059
2024-09-03,3.450487330664866,3.1493637814990993,3.7652897242777352,42332433059
2024-09-04,3.561863616392462,3.255845033790297,3.859694635688143,42332433059
2024-09-05,3.673239902120053,3.361275229622153,3.9705709379983243,42332433059
2024-09-06,3.784616187847644,3.4718700416278248,4.102630601214922,42332433059
2024-09-07,3.8959924735752374,3.581870798846836,4.212929011061945,42332433059
2024-09-08,4.00736875930283,3.7165454089952386,4.302024218842626,42332433059
2024-09-09,4.118745045030421,3.830389148413244,4.437133573708288,42332433059
2024-05-28,0.8756383086293691,0.8756383082229525,0.8756383090480551,42332433314
2024-05-29,0.7512783085928261,0.7512783081410295,0.7512783090684725,42332433314
2024-05-30,0.6269183085562835,0.6269183080566925,0.6269183090205003,42332433314
2024-05-31,0.50255830851974,0.5025583079639244,0.5025583090662011,42332433314
2024-06-01,0.3781983084831966,0.37819830781036795,0.37819830906511986,42332433314
2024-06-02,0.25383830844665356,0.2538383075158115,0.25383830911753064,42332433314
2024-06-03,0.12947830841011054,0.12947830693736767,0.12947830928257317,42332433314
2024-06-04,0.005118308373567526,0.0051183065171062124,0.005118309918969091,42332433314
2024-06-05,-0.11924169166297593,-0.11924169443749545,-0.11924168955767542,42332433314
2024-06-06,-0.24360169169951895,-0.2436016953774629,-0.2436016889745818,42332433314
2024-06-07,-0.36796169173606197,-0.3679616961110226,-0.3679616884424833,42332433314
2024-06-08,-0.492321691772605,-0.4923216968131506,-0.4923216875519784,42332433314
2024-06-09,-0.6166816918091484,-0.6166816977829845,-0.6166816868652634,42332433314
2024-06-10,-0.7410416918456919,-0.741041698847902,-0.7410416859074854,42332433314
2024-06-11,-0.8654016918822345,-0.8654017003912887,-0.8654016847621431,42332433314
2024-06-12,-0.9897616919187779,-0.989761701509031,-0.9897616841297662,42332433314
2024-06-13,-1.1141216919553205,-1.1141217023675445,-1.1141216827161688,42332433314
2024-06-14,-1.238481691991864,-1.2384817030645596,-1.238481681738809,42332433314
2024-06-15,-1.3628416920284065,-1.3628417046130883,-1.3628416808618633,42332433314
2024-06-16,-1.48720169206495,-1.4872017058663871,-1.4872016798679748,42332433314
2024-06-17,-1.6115616921014935,-1.6115617072844048,-1.6115616785541693,42332433314
2024-06-18,-1.735921692138036,-1.7359217082156277,-1.735921677576476,42332433314
2024-06-19,-1.8602816921745804,-1.8602817097485613,-1.860281676353255,42332433314
2024-06-20,-1.984641692211123,-1.984641711443985,-1.9846416745363957,42332433314
2024-06-21,-2.1090016922476664,-2.1090017120575206,-2.109001672974396,42332433314
2024-06-22,-2.233361692284209,-2.233361713237027,-2.233361671333302,42332433314
2024-06-23,-2.3577216923207516,-2.357721715080465,-2.3577216700176282,42332433314
2024-06-24,-2.482081692357296,-2.482081716401733,-2.4820816685393283,42332433314
2025-01-07,-64.52812590415795,-65.73123910352176,-63.29046765898115,4233243369
2025-01-08,-64.99577069183596,-66.24558117261176,-63.64665490135812,4233243369
2025-01-09,-65.463415479514,-66.73147287829316,-64.13294200376392,4233243369
2025-01-10,-65.93106026719201,-67.21652897684896,-64.68222797475343,4233243369
2025-01-11,-66.39870505487002,-67.69326851453232,-65.13815438048312,4233243369
2025-01-12,-66.86634984254806,-68.15574356481395,-65.53065258192034,4233243369
2025-01-13,-67.33399463022607,-68.52897307120921,-66.11479971286332,4233243369
2025-01-14,-67.80163941790408,-69.10351281047876,-66.51582989011852,4233243369
2025-01-15,-68.26928420558212,-69.57223777253039,-67.07088520537582,4233243369
2025-01-16,-68.73692899326014,-69.96814670824683,-67.46146812511056,4233243369
2025-01-17,-69.20457378093815,-70.46489950689165,-67.69024965785749,4233243369
2025-01-18,-69.67221856861619,-70.9528210231819,-68.31824266474467,4233243369
2025-01-19,-70.1398633562942,-71.4515041810865,-68.81259895260911,4233243369
2025-01-20,-70.60750814397221,-71.8425141924798,-69.26590276071023,4233243369
2025-01-21,-71.07515293165025,-72.4175912619717,-69.71975914069667,4233243369
2025-01-22,-71.54279771932829,-72.78043389756661,-70.22267483837801,4233243369
2025-01-23,-72.0104425070063,-73.32191661696157,-70.70775372496111,4233243369
2025-01-24,-72.47808729468431,-73.80305505513019,-71.25533698924663,4233243369
2025-01-25,-72.94573208236235,-74.20108602553418,-71.71125600657494,4233243369
2025-01-26,-73.41337687004037,-74.63759231187449,-72.14851840169307,4233243369
2025-01-27,-73.88102165771838,-75.12875401251625,-72.56540484721943,4233243369
2025-01-28,-74.34866644539642,-75.64419569145495,-73.09073301134899,4233243369
2025-01-29,-74.81631123307443,-76.1641851578,-73.45300455156924,4233243369
2025-01-30,-75.28395602075244,-76.44222644428808,-73.94263071656975,4233243369
2025-01-31,-75.75160080843048,-77.04721118475022,-74.43093598711727,4233243369
2025-02-01,-76.2192455961085,-77.47254781263034,-74.95679330260234,4233243369
2025-02-02,-76.6868903837865,-77.96827815821929,-75.44997863048845,4233243369
2025-02-03,-77.15453517146454,-78.51200756699733,-75.82920694156952,4233243369
2024-06-04,3.9498078727664856,1.5169370496488437,6.2214044722946165,4244979510
2024-06-05,3.900594069378285,1.670955908450834,6.308879346742353,4244979510
2024-06-06,3.8513802659900844,1.6615617538984522,6.260885519604797,4244979510
2024-06-07,3.802166462601884,1.589935645637595,6.112580683979294,4244979510
2024-06-08,3.7529526592136833,1.6092918135834684,6.033638587316002,4244979510
2024-06-09,3.7037388558254825,1.327685566007398,5.99145584331618,4244979510
2024-06-10,3.654525052437282,1.3180478706435879,6.0415375106739075,4244979510
2024-06-11,3.6053112490490817,1.26853094237821,5.8366535466366125,4244979510
2024-06-12,3.5560974456608805,1.0740799661831701,5.98354581935422,4244979510
2024-06-13,3.50688364227268,1.1899108970342063,5.896055673632592,4244979510
2024-06-14,3.4576698388844798,1.1393020823829916,5.808274564196054,4244979510
2024-06-15,3.4084560354962794,1.1013454543708712,5.81438160477767,4244979510
2024-06-16,3.359242232108078,1.0830125883147539,5.691465174787148,4244979510
2024-06-17,3.310028428719878,1.031977105387895,5.551529415045638,4244979510
2024-06-18,3.2608146253316774,0.9211552340925279,5.531802769265997,4244979510
2024-06-19,3.2116008219434766,0.8774453280183289,5.547996248259621,4244979510
2024-06-20,3.1623870185552763,0.7589978710676639,5.578294106843715,4244979510
2024-06-21,3.1131732151670755,0.8587473446884895,5.448508060025987,4244979510
2024-06-22,3.063959411778875,0.8026935598713915,5.424246803268634,4244979510
2024-06-23,3.0147456083906743,0.818037918100226,5.405459160678099,4244979510
2024-06-24,2.965531805002474,0.6714060142939059,5.311491497018007,4244979510
2024-06-25,2.9163180016142736,0.7231193728179977,5.232379419281062,4244979510
2024-06-26,2.8671041982260723,0.5693465844069805,5.202886117839143,4244979510
2024-06-27,2.817890394837872,0.5402463001311368,5.128756368106956,4244979510
2024-06-28,2.7686765914496716,0.4892252209441021,5.047777651086369,4244979510
2024-06-29,2.7194627880614712,0.4350604877310917,5.018267405894083,4244979510
2024-06-30,2.67024898467327,0.2998262969800575,5.112618806545498,4244979510
2024-07-01,2.6210351812850696,0.3725714007440472,5.015269576560111,4244979510
2025-02-11,-0.33850703048319297,-1.3453688519406852,0.6511195241195715,44126860168
2025-02-12,-0.3462967447667402,-1.4436616031733378,0.712677787120143,44126860168
2025-02-13,-0.354086459050287,-1.3935078208813327,0.6566616995707677,44126860168
2025-02-14,-0.36187617333383426,-1.4070225800354477,0.5637775086205521,44126860168
2025-02-15,-0.3696658876173815,-1.3946331438007185,0.6902406733003563,44126860168
2025-02-16,-0.37745560190092875,-1.4017408100711553,0.5620288246244441,44126860168
2025-02-17,-0.3852453161844758,-1.4149129208128295,0.6362421757970257,44126860168
2025-02-18,-0.393035030468023,-1.454285038994948,0.5979132012884323,44126860168
2025-02-19,-0.40082474475157026,-1.3764880000965516,0.6810850902037672,44126860168
2025-02-20,-0.4086144590351175,-1.3953827760714412,0.599174464673949,44126860168
2025-02-21,-0.4164041733186643,-1.4486073565549489,0.5224238750501612,44126860168
2025-02-22,-0.42419388760221155,-1.4250037371359394,0.5466811999649321,44126860168
2025-02-23,-0.4319836018857588,-1.4730309040609837,0.5921107051461059,44126860168
2025-02-24,-0.43977331616930604,-1.3914011881105601,0.6125630073804624,44126860168
2025-02-25,-0.44756303045285284,-1.4455968550507983,0.6399205633174069,44126860168
2025-02-26,-0.4553527447364001,-1.5343565374527524,0.532844753332635,44126860168
2025-02-27,-0.46314245901994733,-1.4872856452077161,0.5376501175024583,44126860168
2025-02-28,-0.4709321733034946,-1.4611339939975614,0.520083517131788,44126860168
2025-03-01,-0.4787218875870416,-1.4675745814432384,0.5443069698010525,44126860168
2025-03-02,-0.48651160187058884,-1.5142646328868303,0.5037093527962977,44126860168
2025-03-03,-0.4943013161541361,-1.500134721198684,0.4644252289999564,44126860168
2025-03-04,-0.5020910304376833,-1.5124101836357042,0.4719970661157143,44126860168
2025-03-05,-0.5098807447212301,-1.5096047734071594,0.5481011659937861,44126860168
2025-03-06,-0.5176704590047774,-1.419964785545991,0.549834344890323,44126860168
2025-03-07,-0.5254601732883246,-1.6025665765233184,0.4174262293460052,44126860168
2025-03-08,-0.5332498875718719,-1.519773225203242,0.437333857702699,44126860168
2025-03-09,-0.5410396018554184,-1.6426888858041306,0.43384297850814996,44126860168
2025-03-10,-0.5488293161389657,-1.5491723395073915,0.49045121689634785,44126860168
2024-12-17,2.2079745153549446,2.207974515353622,2.207974515356268,44183603616
2024-12-18,2.262882515354945,2.2628825153535272,2.2628825153564227,44183603616
2024-12-19,2.317790515354944,2.317790515353201,2.317790515356646,44183603616
2024-12-20,2.3726985153549442,2.3726985153503595,2.3726985153567703,44183603616
2024-12-21,2.4276065153549444,2.427606515195294,2.427606515396057,44183603616
2024-12-22,2.4825145153549446,2.482514514930701,2.482514515738921,44183603616
2024-12-23,2.537422515354945,2.5374225146331235,2.537422516224144,44183603616
2024-12-24,2.592330515354945,2.5923305142613926,2.592330516645367,44183603616
2024-12-25,2.6472385153549443,2.6472385138293424,2.6472385174933586,44183603616
2024-12-26,2.7021465153549444,2.7021465131137963,2.7021465184089832,44183603616
2024-12-27,2.7570545153549446,2.757054512600288,2.7570545191634994,44183603616
2024-12-28,2.811962515354945,2.8119625114448454,2.811962520237571,44183603616
2024-12-29,2.866870515354945,2.8668705103119607,2.866870521253318,44183603616
2024-12-30,2.921778515354945,2.9217785094925186,2.921778522068437,44183603616
2024-12-31,2.9766865153549444,2.976686508519984,2.976686522987987,44183603616
2025-01-01,3.0315945153549446,3.0315945074453534,3.0315945242600684,44183603616
2025-01-02,3.086502515354945,3.086502506259423,3.0865025254378575,44183603616
2025-01-03,3.141410515354945,3.1414105049016854,3.141410526982333,44183603616
2025-01-04,3.1963185153549443,3.19631850395651,3.196318528368051,44183603616
2025-01-05,3.2512265153549444,3.2512265028946095,3.251226529570646,44183603616
2025-01-06,3.3061345153549446,3.306134501885524,3.306134531475428,44183603616
2025-01-07,3.361042515354945,3.361042500555854,3.3610425333350795,44183603616
2025-01-08,3.415950515354945,3.415950499508526,3.4159505349430566,44183603616
2025-01-09,3.470858515354945,3.4708584980432566,3.470858536293487,44183603616
2025-01-10,3.5257665153549453,3.5257664971491294,3.525766537763084,44183603616
2025-01-11,3.5806745153549446,3.5806744960939687,3.580674539440527,44183603616
2025-01-12,3.635582515354945,3.6355824949406936,3.6355825410015243,44183603616
2025-01-13,3.6904905153549454,3.69049049357284,3.690490542339708,44183603616
2024-08-27,1.0,0.9999999986595307,1.0000000014190216,42997355673
2024-08-28,1.0,0.9999999984984558,1.0000000015288872,42997355673
2024-08-29,1.0,0.9999999981150708,1.000000001833166,42997355673
2024-08-30,1.0,0.9999999973610939,1.0000000024271773,42997355673
2024-08-31,1.0,0.9999999959126719,1.0000000033710945,42997355673
2024-09-01,1.0,0.9999999944182966,1.0000000047074737,42997355673
2024-09-02,1.0,0.9999999928581372,1.0000000062252303,42997355673
2024-09-03,1.0,0.9999999906763499,1.0000000082362697,42997355673
2024-09-04,1.0,0.9999999886604822,1.000000009923854,42997355673
2024-09-05,1.0,0.9999999863892785,1.0000000120559323,42997355673
2024-09-06,1.0,0.999999983799766,1.0000000148384802,42997355673
2024-09-07,1.0,0.9999999822075657,1.0000000180702135,42997355673
2024-09-08,1.0,0.999999979574902,1.0000000202955055,42997355673
2024-09-09,1.0,0.9999999762379552,1.0000000237642044,42997355673
2024-09-10,1.0,0.9999999729122164,1.0000000264054445,42997355673
2024-09-11,1.0,0.9999999697817149,1.000000029680191,42997355673
2024-09-12,1.0,0.9999999672993288,1.0000000322528897,42997355673
2024-09-13,1.0,0.9999999644340598,1.0000000344738948,42997355673
2024-09-14,1.0,0.9999999625065873,1.0000000378498608,42997355673
2024-09-15,1.0,0.9999999588576443,1.0000000400673748,42997355673
2024-09-16,1.0,0.9999999568333879,1.0000000444651482,42997355673
2024-09-17,1.0,0.999999953443669,1.0000000477667772,42997355673
2024-09-18,1.0,0.9999999491927433,1.0000000510620561,42997355673
2024-09-19,1.0,0.9999999451310072,1.0000000543673402,42997355673
2024-09-20,1.0,0.9999999415655229,1.0000000577554649,42997355673
2024-09-21,1.0,0.9999999366559547,1.0000000636580824,42997355673
2024-09-22,1.0,0.9999999334952315,1.0000000682779298,42997355673
2024-09-23,1.0,0.9999999301427626,1.0000000729370586,42997355673
2024-11-26,56.69513431756755,56.69513431744388,56.695134317687774,42997389826
2024-11-27,63.282020717567555,63.28202070628079,63.28202072973827,42997389826
2024-11-28,69.86890711756755,69.86890707939172,69.86890715379457,42997389826
2024-11-29,76.45579351756754,76.45579344605575,76.45579359496644,42997389826
2024-11-30,83.04267991756754,83.04267979784521,83.0426800461721,42997389826
2024-12-01,89.62956631756757,89.62956614855362,89.62956650183985,42997389826
2024-12-02,96.21645271756756,96.21645247807638,96.21645297310012,42997389826
2024-12-03,102.80333911756756,102.80333880855007,102.80333945023406,42997389826
2024-12-04,109.39022551756756,109.39022515852201,109.39022595316602,42997389826
2024-12-05,115.97711191756756,115.97711149507458,115.97711242850941,42997389826
2024-12-06,122.56399831756755,122.56399780897402,122.56399891197714,42997389826
2024-12-07,129.15088471756755,129.1508841194474,129.1508854165086,42997389826
2024-12-08,135.73777111756755,135.73777040446043,135.7377719023673,42997389826
2024-12-09,142.32465751756754,142.32465670083837,142.32465841924483,42997389826
2024-12-10,148.91154391756754,148.91154300762318,148.9115449245406,42997389826
2024-12-11,155.49843031756754,155.49842930507063,155.49843143115854,42997389826
2024-12-12,162.08531671756754,162.08531560792204,162.08531793241386,42997389826
2024-12-13,168.67220311756756,168.67220190641606,168.67220445058365,42997389826
2024-12-14,175.25908951756756,175.25908818838442,175.25909099708153,42997389826
2024-12-15,181.84597591756756,181.84597447021633,181.8459774975775,42997389826
2024-12-16,188.43286231756755,188.4328608088948,188.4328640440388,42997389826
2024-12-17,195.01974871756758,195.01974711728897,195.01975058217738,42997389826
2024-12-18,201.60663511756755,201.60663338267727,201.6066370909113,42997389826
2024-12-19,208.19352151756758,208.19351966886143,208.19352362137758,42997389826
2024-12-20,214.78040791756754,214.78040596117134,214.78041016615714,42997389826
2024-12-21,221.36729431756757,221.36729224224607,221.36729673402408,42997389826
2024-12-22,227.95418071756754,227.95417849636823,227.95418327370365,42997389826
2024-12-23,234.54106711756756,234.54106475860948,234.54106980042965,42997389826
2024-07-30,4.5334878150260005,1.5813794452561711,7.229987040665873,42997394698
2024-07-31,4.661328872143986,1.8411803304143348,7.1359576081867315,42997394698
2024-08-01,4.7891699292619725,2.0556796602880016,7.456929187168154,42997394698
2024-08-02,4.917010986379958,2.222358467118066,7.70444031275771,42997394698
2024-08-03,5.0448520434979445,2.1143380559771368,7.706143131970837,42997394698
2024-08-04,5.172693100615928,2.4174621387847726,8.08571913284627,42997394698
2024-08-05,5.3005341577339165,2.711903535100062,8.28972188153894,42997394698
2024-08-06,5.4283752148519016,2.7981919841065825,8.178908942789315,42997394698
2024-08-07,5.556216271969887,2.654388792152179,8.311204479858795,42997394698
2024-08-08,5.684057329087872,2.8924717113472034,8.570990065113449,42997394698
2024-08-09,5.81189838620586,2.801089995025931,8.460319522022845,42997394698
2024-08-10,5.939739443323844,3.194586536359746,8.931715307194466,42997394698
2024-08-11,6.067580500441829,3.090348128019135,8.913096569390925,42997394698
2024-08-12,6.195421557559816,3.380016026225489,8.915396168209242,42997394698
2024-08-13,6.323262614677801,3.5117225905119747,9.129587072144542,42997394698
2024-08-14,6.451103671795788,3.756899873975021,9.29611051029193,42997394698
2024-08-15,6.578944728913773,3.7613576356826117,9.55693784431648,42997394698
2024-08-16,6.706785786031758,3.9366309382760716,9.740158806069813,42997394698
2024-08-17,6.834626843149745,3.9363488828597197,9.724201662076522,42997394698
2024-08-18,6.962467900267732,3.9856873339361867,9.769774041854376,42997394698
2024-08-19,7.090308957385717,4.173270823284782,9.89176311461938,42997394698
2024-08-20,7.218150014503704,4.377470694792751,10.020735527065277,42997394698
2024-08-21,7.345991071621687,4.609180757127623,10.177588295000177,42997394698
2024-08-22,7.473832128739672,4.7109709303825555,10.291002097920227,42997394698
2024-08-23,7.601673185857661,4.6444856989981105,10.633075434476444,42997394698
2024-08-24,7.729514242975644,4.902275372915781,10.597221418502917,42997394698
2024-08-25,7.857355300093631,5.149672252655842,10.606709674642124,42997394698
2024-08-26,7.985196357211616,5.018385325691877,10.84935127034085,42997394698
2024-07-30,3.543026013555602,0.19284298586839987,6.902096602095734,42997397695
2024-07-31,3.534562421717061,-0.02764203598288142,6.7851533290573895,42997397695
2024-08-01,3.52609882987852,0.10509927220395496,6.928562475820573,42997397695
2024-08-02,3.5176352380399787,0.2520932627959079,6.910667665043828,42997397695
2024-08-03,3.509171646201438,0.030320023693768218,6.9460561171608495,42997397695
2024-08-04,3.500708054362897,-0.05332563910987231,6.717157185803047,42997397695
2024-08-05,3.4922444625243556,0.0008498564133001727,6.666827970603826,42997397695
2024-08-06,3.4837808706858144,0.10529628713904314,6.726155903504061,42997397695
2024-08-07,3.4753172788472733,-0.10230001111782423,6.838931363750286,42997397695
2024-08-08,3.466853687008732,0.25730797580713755,6.676664741827741,42997397695
2024-08-09,3.458390095170191,0.055677174009330914,7.037806981151967,42997397695
2024-08-10,3.4499265033316497,0.03240916270629614,6.763351939335718,42997397695
2024-08-11,3.4414629114931086,0.09483811619073078,6.8001079254925045,42997397695
2024-08-12,3.4329993196545674,-0.17061764612479294,6.707916093165239,42997397695
2024-08-13,3.424535727816026,0.0033290495771715854,6.695643486499211,42997397695
2024-08-14,3.416072135977485,0.11374251802954974,6.928970398409965,42997397695
2024-08-15,3.407608544138944,0.16337735382495117,7.205131850691571,42997397695
2024-08-16,3.3991449523004027,-0.06332932944731161,6.779454594015824,42997397695
2024-08-17,3.3906813604618615,-0.027029674477191845,6.7111447120877035,42997397695
2024-08-18,3.3822177686233204,-0.07201487871106439,6.7520300872466565,42997397695
2024-08-19,3.373754176784779,-0.20355858322689105,6.999321358187682,42997397695
2024-08-20,3.365290584946238,0.09763788229056418,6.81242170458456,42997397695
2024-08-21,3.356826993107697,-0.11584797426879037,6.9551642460175325,42997397695
2024-08-22,3.3483634012691557,-0.035987170385909914,6.806122772829951,42997397695
2024-08-23,3.3398998094306145,-0.04729798625862998,6.735790313232091,42997397695
2024-08-24,3.3314362175920733,-0.10777453639588039,6.83109837026682,42997397695
2024-08-25,3.3229726257535317,0.09188257377554764,6.771731257496438,42997397695
2024-08-26,3.3145090339149905,-0.1700158952802229,6.731519898014022,42997397695
2025-02-11,42.75550190619631,39.872554189028406,45.65940247708488,42997399776
2025-02-12,42.946545214661874,39.96983977986738,45.893539035478064,42997399776
2025-02-13,43.137588523127434,40.28864640020874,46.01456779181515,42997399776
2025-02-14,43.328631831593,40.255203367491134,46.298240806111075,42997399776
2025-02-15,43.51967514005856,40.78003721906008,46.4102456626797,42997399776
2025-02-16,43.71071844852412,40.80757627281553,46.51910138407623,42997399776
2025-02-17,43.90176175698969,41.04268449718042,46.81961648275938,42997399776
2025-02-18,44.092805065455245,41.2241877745313,47.04115696310024,42997399776
2025-02-19,44.2838483739208,41.26253157625252,47.152128216443,42997399776
2025-02-20,44.47489168238637,41.779965412753384,47.37040786134748,42997399776
2025-02-21,44.66593499085192,41.86304534875377,47.51745552252199,42997399776
2025-02-22,44.856978299317504,42.028543640333346,47.94958832127771,42997399776
2025-02-23,45.048021607783056,42.14265500627701,48.02973132650217,42997399776
2025-02-24,45.23906491624861,42.41946473755512,48.03455844646173,42997399776
2025-02-25,45.43010822471418,42.36756622925783,48.29672356213491,42997399776
2025-02-26,45.621151533179734,42.83334034572246,48.48292508710071,42997399776
2025-02-27,45.812194841645294,42.83341873151412,48.736996216108835,42997399776
2025-02-28,46.00323815011087,43.449118824176935,49.086048878219565,42997399776
2025-03-01,46.19428145857642,43.30110089106454,49.09098738862381,42997399776
2025-03-02,46.385324767042,43.5298054777429,49.161177948879306,42997399776
2025-03-03,46.57636807550755,43.595774848406364,49.43733001469832,42997399776
2025-03-04,46.767411383973105,44.107175011508794,49.74835788472144,42997399776
2025-03-05,46.95845469243868,44.21934141321508,49.97429196908996,42997399776
2025-03-06,47.14949800090423,44.24844428156565,50.22263441058779,42997399776
2025-03-07,47.34054130936978,44.382689254276094,50.329432214578254,42997399776
2025-03-08,47.531584617835364,44.60497770201977,50.25297455922879,42997399776
2025-03-09,47.722627926300916,44.82286207867766,50.56563813388155,42997399776
2025-03-10,47.91367123476649,44.88008832009728,50.902708759315395,42997399776
2024-09-10,-0.4634399123733268,-1.8121972631100378,0.8611999734220859,42997403955
2024-09-11,-0.5683087694457138,-2.0718705177774623,0.7004846397773133,42997403955
2024-09-12,-0.6731776265181004,-2.0491436522306685,0.7052781735710519,42997403955
2024-09-13,-0.7780464835904879,-2.022468078413577,0.7111758594050633,42997403955
2024-09-14,-0.8829153406628749,-2.2611160412138624,0.5123014475390997,42997403955
2024-09-15,-0.9877841977352619,-2.437321561177977,0.39916037873426374,42997403955
2024-09-16,-1.0926530548076485,-2.6423069605624754,0.2755731516229657,42997403955
2024-09-17,-1.197521911880036,-2.5826879768623288,0.15659807399785894,42997403955
2024-09-18,-1.3023907689524221,-2.6576435342190177,0.151596352868035,42997403955
2024-09-19,-1.40725962602481,-2.671805153499842,0.06651669545378094,42997403955
2024-09-20,-1.5121284830971962,-2.910016831366737,-0.10352297774199727,42997403955
2024-09-21,-1.6169973401695832,-3.0204051273533383,-0.2692781657213028,42997403955
2024-09-22,-1.7218661972419702,-3.158334682749411,-0.3173512974945715,42997403955
2024-09-23,-1.8267350543143563,-3.163761704955621,-0.34409799443493283,42997403955
2024-09-24,-1.9316039113867443,-3.3783301325001376,-0.4993384907456567,42997403955
2024-09-25,-2.0364727684591313,-3.416528181078302,-0.6338938692308146,42997403955
2024-09-26,-2.1413416255315183,-3.520054459899399,-0.6956615081659794,42997403955
2024-09-27,-2.2462104826039044,-3.763665871825876,-0.9514799601953831,42997403955
2024-09-28,-2.3510793396762915,-3.687760372736825,-0.9513309095408905,42997403955
2024-09-29,-2.4559481967486785,-3.8439764239264567,-1.0864689831150633,42997403955
2024-09-30,-2.5608170538210664,-3.9351587391475493,-1.0767958176081833,42997403955
2024-10-01,-2.6656859108934525,-4.049599597203831,-1.1581496211781024,42997403955
2024-10-02,-2.7705547679658395,-4.181451809149963,-1.4737680500124146,42997403955
2024-10-03,-2.8754236250382266,-4.22727841184798,-1.432774732815696,42997403955
2024-10-04,-2.9802924821106127,-4.389662312124214,-1.4628390580714838,42997403955
2024-10-05,-3.0851613391829997,-4.623973595850843,-1.6766933552234258,42997403955
2024-10-06,-3.190030196255386,-4.552928608957502,-1.8357762434414355,42997403955
2024-10-07,-3.2948990533277733,-4.793292371915463,-1.9083518456622053,42997403955
2024-12-03,12.259130428224115,10.427293933240998,14.236249166343763,27878669323
2024-12-04,12.325683517930829,10.59850994059633,14.176919165971679,27878669323
2024-12-05,12.392236607637535,10.533699241668257,14.273075438579047,27878669323
2024-12-06,12.458789697344244,10.448848161023738,14.243608153199526,27878669323
2024-12-07,12.525342787050953,10.627467432946563,14.473728633968202,27878669323
2024-12-08,12.591895876757661,10.54208421257842,14.47182248243107,27878669323
2024-12-09,12.658448966464373,10.738075527365693,14.587999917996145,27878669323
2024-12-10,12.725002056171078,10.897261270331727,14.625442047404707,27878669323
2024-12-11,12.79155514587779,10.929130132677896,14.735912274356714,27878669323
2024-12-12,12.8581082355845,11.044080176643837,14.686449525104006,27878669323
2024-12-13,12.924661325291208,10.992143645734503,14.766464987436365,27878669323
2024-12-14,12.991214414997916,11.003794066508995,14.873609557119371,27878669323
2024-12-15,13.057767504704625,11.220418767005995,14.911495730373668,27878669323
2024-12-16,13.124320594411337,11.275396148992662,15.04596656602857,27878669323
2024-12-17,13.190873684118046,11.366997517432917,15.04592134276904,27878669323
2024-12-18,13.257426773824754,11.40408849802798,15.21403751555172,27878669323
2024-12-19,13.323979863531463,11.533832649370021,15.166473922980648,27878669323
2024-12-20,13.390532953238171,11.485501561188583,15.237410793626967,27878669323
2024-12-21,13.457086042944884,11.532469171872021,15.288594914119745,27878669323
2024-12-22,13.523639132651589,11.646673606922926,15.243634538334087,27878669323
2024-12-23,13.590192222358297,11.642586805820226,15.457430929492935,27878669323
2024-12-24,13.65674531206501,11.702124407691711,15.502741779907717,27878669323
2024-12-25,13.723298401771718,11.798762377336127,15.719045957509195,27878669323
2024-12-26,13.789851491478426,11.915920433146267,15.676289504847158,27878669323
2024-12-27,13.856404581185135,12.06582988481172,15.622660399347481,27878669323
2024-12-28,13.922957670891844,12.08748773725679,15.737664554461793,27878669323
2024-12-29,13.989510760598556,12.229596741895822,15.763872821388961,27878669323
2024-12-30,14.056063850305264,12.184194193578938,15.91999388108467,27878669323
2025-02-18,57.15330701694903,57.15330701652556,57.15330701731287,27878726372
2025-02-19,69.55690185444024,69.55690185403843,69.55690185482027,27878726372
2025-02-20,81.60276879161593,81.60276879123816,81.60276879205328,27878726372
2025-02-21,93.23025525979747,93.23025525941488,93.23025526019762,27878726372
2025-02-22,104.40719536507117,104.40719536468296,104.40719536550282,27878726372
2025-02-23,115.1305203142701,115.13052031383295,115.13052031470322,27878726372
2025-02-24,125.42571857851905,125.42571857807395,125.4257185789378,27878726372
2025-02-25,135.3451334558921,135.34513345546182,135.34513345635085,27878726372
2025-02-26,144.96512458451892,144.96512458406733,144.96512458493225,27878726372
2025-02-27,154.38215900205222,154.38215900163368,154.3821590025255,27878726372
2025-02-28,163.70793532463662,163.70793532419324,163.7079353251067,27878726372
2025-03-01,173.06368029016707,173.06368028971843,173.06368029064635,27878726372
2025-03-02,182.57378910731654,182.57378910683897,182.5737891077941,27878726372
2025-03-03,192.3590086636651,192.35900866318468,192.35900866419885,27878726372
2025-03-04,202.52938469769987,202.52938469721758,202.5293846982439,27878726372
2025-03-05,213.17720969873398,213.17720969822764,213.1772096992865,27878726372
2025-03-06,224.37021690849005,224.3702169079786,224.37021690908117,27878726372
2025-03-07,236.14526691154487,236.1452669109714,236.14526691215565,27878726372
2025-03-08,248.5027666840641,248.50276668342926,248.50276668478236,27878726372
2025-03-09,261.4020466179634,261.40204661737073,261.4020466186069,27878726372
2025-03-10,274.7578991931396,274.75789919254294,274.75789919388484,27878726372
2025-03-11,288.4384540890232,288.4384540883865,288.4384717517327,27878726372
2025-03-12,302.264529309356,302.26452930855856,302.26543991834427,27878726372
2025-03-13,316.01055723448064,316.01055723345314,316.0123486084759,27878726372
2025-03-14,329.40713949712926,329.4064706951218,329.4098507452254,27878726372
2025-03-15,342.14523643824845,342.14316308356825,342.1488785623433,27878726372
2025-03-16,353.8819470016521,353.87809318923763,353.8880172087075,27878726372
2025-03-17,364.2477847141063,364.24230133675405,364.2553728122384,27878726372
2024-12-31,-4.0073186457620515,-4.007318646214382,-4.007318645306857,2787887686
2025-01-01,-8.527785531589927,-8.527785532017766,-8.52778553111898,2787887686
2025-01-02,-13.671339473438694,-13.671339473847947,-13.67133947297233,2787887686
2025-01-03,-19.331789139548935,-19.331789140015303,-19.331789139077475,2787887686
2025-01-04,-25.388679904116184,-25.388679904577447,-25.38867990368982,2787887686
2025-01-05,-31.710261332698884,-31.710261333161167,-31.710261332222082,2787887686
2025-01-06,-38.1567555347582,-38.15675553524164,-38.156755534292124,2787887686
2025-01-07,-44.58383826261568,-44.58383826311673,-44.58383826212251,2787887686
2025-01-08,-50.8462387372801,-50.84623873779111,-50.84623873676335,2787887686
2025-01-09,-56.80136091377676,-56.801360914264315,-56.80136091326605,2787887686
2025-01-10,-62.312828359924026,-62.31282836047523,-62.31282835943621,2787887686
2025-01-11,-67.25385713038293,-67.25385713093661,-67.25385712990779,2787887686
2025-01-12,-71.51036591302827,-71.51036591358574,-71.51036591248216,2787887686
2025-01-13,-74.98374016963669,-74.9837401702308,-74.98374016908032,2787887686
2025-01-14,-77.59317677812832,-77.59317677879469,-77.59317677759249,2787887686
2025-01-15,-79.27754752997028,-79.27754753054931,-79.27754752944325,2787887686
2025-01-16,-79.99673340780387,-79.99673340844286,-79.99673340725464,2787887686
2025-01-17,-79.73239647596236,-79.73239647662903,-79.73239647542917,2787887686
2025-01-18,-78.48817203568967,-78.4881720363708,-78.4881720351249,2787887686
2025-01-19,-76.28927997425075,-76.28927997490992,-76.28927997362479,2787887686
2025-01-20,-73.18157050437937,-73.18157050505518,-73.18157050373412,2787887686
2025-01-21,-69.23003528535354,-69.23003528612229,-69.23003528478021,2787887686
2025-01-22,-64.51682978133434,-64.51682978208444,-64.51682978068904,2787887686
2025-01-23,-59.13886622493159,-59.13886622578299,-59.13886622430474,2787887686
2025-01-24,-53.20504832241561,-53.205048323173344,-53.205048321824286,2787887686
2025-01-25,-46.833228527092345,-46.833228528115605,-46.83322852638232,2787887686
2025-01-26,-40.146976042123136,-40.14697604369183,-40.1469760414146,2787887686
2025-01-27,-33.2722484823097,-33.272248488027515,-33.27224848154304,2787887686
2025-03-04,4.451767492544897,0.4205008214432983,8.438426839907352,35414490964
2025-03-05,4.546939553115186,0.14624478182193512,8.722986924752764,35414490964
2025-03-06,4.652235620999571,0.8083048688456718,8.740071394302335,35414490964
2025-03-07,4.7667121493873115,0.5491667469033849,8.517222810780334,35414490964
2025-03-08,4.88924510037628,0.8430264622656063,8.726999583528853,35414490964
2025-03-09,5.0185515881103315,1.1879437467107354,8.948977522705137,35414490964
2025-03-10,5.153215396269329,0.8788573670112069,9.343562964919906,35414490964
2025-03-11,5.291715537445064,1.027092434276622,9.558012261361464,35414490964
2025-03-12,5.432456943300175,1.4705896425807528,9.74472033703704,35414490964
2025-03-13,5.573802325960806,1.7990243093483993,9.509069266795116,35414490964
2025-03-14,5.714104233986182,1.954115733814833,9.782917694423348,35414490964
2025-03-15,5.8517363406199605,1.9025493208781332,9.707082199652962,35414490964
2025-03-16,5.985123047089656,1.9274024203744329,10.005719151242504,35414490964
2025-03-17,6.112766557600657,1.920646674963292,10.449829989039596,35414490964
2025-03-18,6.2332706827106605,2.411879664524714,10.414758446625667,35414490964
2025-03-19,6.345360750467622,2.1880475045828622,10.651464412785003,35414490964
2025-03-20,6.4478991458190364,2.510469009967367,10.42396744088671,35414490964
2025-03-21,6.539896153620345,2.4123118286826464,10.23532533956,35414490964
2025-03-22,6.620515943912682,2.529633405829616,10.598643631494841,35414490964
2025-03-23,6.689077704632904,2.6956538981669835,10.763008361960104,35414490964
2025-03-24,6.7450520910253875,2.4016234454055896,10.47342561366961,35414490964
2025-03-25,6.788053317526643,2.630889508933027,10.756959643120078,35414490964
2025-03-26,6.817827361525229,2.7767015652363365,10.806405941391773,35414490964
2025-03-27,6.834236874716087,2.6720108345657305,10.847230342902355,35414490964
2025-03-28,6.837243502521135,3.0173121350641297,10.812603579135757,35414490964
2025-03-29,6.8268883920452765,2.783066005272238,10.900490109598897,35414490964
2025-03-30,6.803271721612873,2.953864672203072,11.245153912094908,35414490964
2025-03-31,6.766532108539708,2.8184464133873943,10.779479695449785,35414490964
2025-03-04,2.900656598189274,0.9224820833601545,4.954327352111769,28809186837
2025-03-05,2.9051534309462843,1.0277419992153738,5.042242903637191,28809186837
2025-03-06,2.909650263703295,0.859560615266407,4.871307774235357,28809186837
2025-03-07,2.9141470964603062,1.0161486413218999,4.880748166212012,28809186837
2025-03-08,2.9186439292173176,0.7459316830971423,4.896776011825144,28809186837
2025-03-09,2.923140761974328,0.9790274066033827,4.778649487578862,28809186837
2025-03-10,2.9276375947313387,0.8329581592930437,4.871525012802519,28809186837
2025-03-11,2.93213442748835,0.968569948462476,4.894456752361771,28809186837
2025-03-12,2.9366312602453606,0.9851308214099235,5.040811190399436,28809186837
2025-03-13,2.941128093002373,0.870767443218085,4.885417133007768,28809186837
2025-03-14,2.9456249257593834,1.0032308281937885,4.858499636522875,28809186837
2025-03-15,2.950121758516394,0.8986594566000701,4.846139612690576,28809186837
2025-03-16,2.9546185912734044,0.825629613222285,5.010846124685555,28809186837
2025-03-17,2.959115424030416,1.0611743614633322,4.997711484706239,28809186837
2025-03-18,2.9636122567874263,0.9126100381442291,4.87703072739624,28809186837
2025-03-19,2.9681090895444378,1.0358494227344888,4.948349423029104,28809186837
2025-03-20,2.972605922301449,1.0146045271673167,5.070383620752365,28809186837
2025-03-21,2.9771027550584597,0.9717475052749344,4.930602582839468,28809186837
2025-03-22,2.98159958781547,1.0066944195973366,5.017216003652086,28809186837
2025-03-23,2.9860964205724807,1.0141663481405663,4.861483370214228,28809186837
2025-03-24,2.990593253329492,0.8223519134149192,4.938796834569003,28809186837
2025-03-25,2.9950900860865035,1.0505620555911706,4.905136695732156,28809186837
2025-03-26,2.999586918843515,1.047733026589804,4.984761856470812,28809186837
2025-03-27,3.0040837516005254,0.9807807146480927,4.970853895538461,28809186837
2025-03-28,3.008580584357536,0.9724922250052893,5.063245567754379,28809186837
2025-03-29,3.0130774171145474,1.1699595863669883,5.04902192858321,28809186837
2025-03-30,3.017574249871558,1.0378799752364969,4.918565288954744,28809186837
2025-03-31,3.0220710826285693,1.1592606072547125,5.081404808063616,28809186837
2025-02-04,-4.459395624566129,-4.459395624693992,-4.459395624448547,28809187395
2025-02-05,-5.154116650729738,-5.154116650849357,-5.154116650608813,28809187395
2025-02-06,-5.79631767147681,-5.7963176715982625,-5.796317671352727,28809187395
2025-02-07,-6.372785722238743,-6.372785722370594,-6.372785722111749,28809187395
2025-02-08,-6.8708986525366615,-6.870898652660489,-6.870898652411429,28809187395
2025-02-09,-7.278909428033337,-7.278909428161295,-7.278909427905411,28809187395
2025-02-10,-7.586219280896705,-7.586219281029508,-7.586219280772414,28809187395
2025-02-11,-7.783632465085448,-7.783632465219998,-7.7836324649540085,28809187395
2025-02-12,-7.863585766079592,-7.863585766210265,-7.863585765931016,28809187395
2025-02-13,-7.820346501832956,-7.820346501966628,-7.820346501704085,28809187395
2025-02-14,-7.650173516288606,-7.650173516427661,-7.650173516155423,28809187395
2025-02-15,-7.351436586990337,-7.351436587126998,-7.351436586856819,28809187395
2025-02-16,-6.924690717858491,-6.924690718004449,-6.924690717731383,28809187395
2025-02-17,-6.372702937078383,-6.3727029372382935,-6.3727029369479435,28809187395
2025-02-18,-5.700430435564739,-5.700430435710848,-5.700430435418705,28809187395
2025-02-19,-4.914950129385761,-4.914950129529776,-4.9149501292384326,28809187395
2025-02-20,-4.025340974314334,-4.025340974458986,-4.02534097416102,28809187395
2025-02-21,-3.0425215679107875,-3.042521568065781,-3.04252156776556,28809187395
2025-02-22,-1.979046710236517,-1.9790467104027503,-1.9790467100831897,28809187395
2025-02-23,-0.8488676277293798,-0.8488676278988336,-0.8488676275698862,28809187395
2025-02-24,0.33293853280330676,0.3329385326257242,0.3329385329594972,28809187395
2025-02-25,1.5504635847322374,1.5504635845674788,1.5504635849028359,28809187395
2025-02-26,2.7872806275750266,2.787280627410538,2.7872806277424647,28809187395
2025-02-27,4.026766503010983,4.026766502829062,4.02676650318881,28809187395
2025-02-28,5.252426876736685,5.252426876538248,5.252426876907041,28809187395
2025-03-01,6.448216452227513,6.448216452040649,6.44821645243774,28809187395
2025-03-02,7.598847029928356,7.598847029724372,7.59884703012662,28809187395
2025-03-03,8.690076521015792,8.690076520809777,8.690076521227711,28809187395
2025-02-04,1.8327722480671251,1.8327722467263114,1.83277224926627,28809187852
2025-02-05,1.9587436444699378,1.9587436431522771,1.9587436456948901,28809187852
2025-02-06,2.018522997568806,2.018522996152885,2.0185229988648383,28809187852
2025-02-07,1.9992657025713525,1.9992657011824941,1.9992657038852057,28809187852
2025-02-08,1.8901344602375798,1.8901344589536162,1.8901344614440672,28809187852
2025-02-09,1.6827881036471328,1.682788102273555,1.6827881049317186,28809187852
2025-02-10,1.3717964063140595,1.3717964050587934,1.3717964075752966,28809187852
2025-02-11,0.9549656663476744,0.9549656650159202,0.9549656675788825,28809187852
2025-02-12,0.43356259579645196,0.43356259445439504,0.433562597068506,28809187852
2025-02-13,-0.18757280001190713,-0.18757280127290915,-0.18757279866843501,28809187852
2025-02-14,-0.9000311876869677,-0.9000311890606353,-0.9000311864014866,28809187852
2025-02-15,-1.691956850778882,-1.6919568521201527,-1.691956849555634,28809187852
2025-02-16,-2.5482879458400984,-2.548287947190457,-2.5482879445407933,28809187852
2025-02-17,-3.4511086098508295,-3.4511086111058322,-3.4511086085135245,28809187852
2025-02-18,-4.380103799713952,-4.380103801085459,-4.38010379841879,28809187852
2025-02-19,-5.3131043309910515,-5.313104332283852,-5.313104329681852,28809187852
2025-02-20,-6.226706523757927,-6.226706525205928,-6.226706522462839,28809187852
2025-02-21,-7.096948256536275,-7.096948257886877,-7.096948255264535,28809187852
2025-02-22,-7.9000211595901675,-7.90002116081774,-7.9000211582050115,28809187852
2025-02-23,-8.61299721534622,-8.612997216659549,-8.612997214046311,28809187852
2025-02-24,-9.214547227872183,-9.214547229197574,-9.214547226514917,28809187852
2025-02-25,-9.685628506332726,-9.68562850771597,-9.685628505021176,28809187852
2025-02-26,-10.010119689875042,-10.010119691170454,-10.01011968853798,28809187852
2025-02-27,-10.175381913455213,-10.175381914819994,-10.175381912124633,28809187852
2025-02-28,-10.172727443463588,-10.17272744473967,-10.172727442204797,28809187852
2025-03-01,-9.997779447706097,-9.997779449109268,-9.997779446354047,28809187852
2025-03-02,-9.650709635046605,-9.65070963641095,-9.65070963373798,28809187852
2025-03-03,-9.136344019025708,-9.136344020358635,-9.136344017686254,28809187852
2024-12-03,-2.5929892245287305,-5.160708279859391,0.12099885386876101,28809207396
2024-12-04,-2.60618808166581,-5.234502157584093,0.04098691699062794,28809207396
2024-12-05,-2.6193869388028883,-5.393982787858282,0.12150176176681364,28809207396
2024-12-06,-2.632585795939968,-5.424395804471895,0.1406818238716892,28809207396
2024-12-07,-2.645784653077046,-5.191298517119818,0.19577244699057186,28809207396
2024-12-08,-2.6589835102141257,-5.237611620322172,0.20786501680935648,28809207396
2024-12-09,-2.672182367351204,-5.4272593421834046,-0.21342995070666243,28809207396
2024-12-10,-2.6853812244882835,-5.187190556889875,0.1649834396880321,28809207396
2024-12-11,-2.698580081625362,-5.362130534710236,-0.035285957557656004,28809207396
2024-12-12,-2.7117789387624414,-5.2933325394404145,-0.055571447214951726,28809207396
2024-12-13,-2.7249777958995196,-5.2531528209201275,0.028946108288424623,28809207396
2024-12-14,-2.738176653036598,-5.533518271427865,0.0069319061587675744,28809207396
2024-12-15,-2.7513755101736774,-5.513068299363458,0.012113163077520792,28809207396
2024-12-16,-2.7645743673107557,-5.502063732769346,-0.2579902102292072,28809207396
2024-12-17,-2.7777732244478353,-5.372537435262025,0.07741058540418874,28809207396
2024-12-18,-2.7909720815849135,-5.7224478272621795,-0.33016279059873516,28809207396
2024-12-19,-2.804170938721993,-5.607151311909697,0.01132400391463194,28809207396
2024-12-20,-2.8173697958590727,-5.486519567683569,-0.13815189174618558,28809207396
2024-12-21,-2.8305686529961522,-5.552768034791769,-0.34605393188809463,28809207396
2024-12-22,-2.8437675101332305,-5.611826517411366,-0.29015839130636545,28809207396
2024-12-23,-2.85696636727031,-5.576509024266193,-0.2993919802623916,28809207396
2024-12-24,-2.8701652244073883,-5.482934644152949,-0.10947048531346086,28809207396
2024-12-25,-2.883364081544468,-5.506186719776193,-0.05697776071052017,28809207396
2024-12-26,-2.896562938681546,-5.696407211977848,-0.23906586448288014,28809207396
2024-12-27,-2.9097617958186257,-5.745354941972674,-0.14071860291638036,28809207396
2024-12-28,-2.922960652955704,-5.602342708408987,-0.41026955272361726,28809207396
2024-12-29,-2.9361595100927835,-5.4995520502220545,-0.2649100345140035,28809207396
2024-12-30,-2.9493583672298618,-5.622357383917238,-0.008045443888575261,28809207396
2025-03-04,45.64481901115834,45.64481901071565,45.644819011677,28809212359
2025-03-05,31.50568032567525,31.505680325185015,31.50568032614267,28809212359
2025-03-06,13.125058698688356,13.125058698186615,13.125058699216067,28809212359
2025-03-07,-9.711309499714936,-9.711309500211877,-9.711309499188472,28809212359
2025-03-08,-37.12161218190144,-37.12161218243604,-37.12161218137641,28809212359
2025-03-09,-69.11653722940108,-69.11653722997751,-69.11653722883385,28809212359
2025-03-10,-105.58996534099934,-105.58996534162092,-105.58996534040496,28809212359
2025-03-11,-146.3121509059455,-146.3121509066696,-146.31215090528974,28809212359
2025-03-12,-190.92571176929502,-190.9257117700741,-190.92571176855628,28809212359
2025-03-13,-238.9446879776826,-238.94469087908834,-238.9446879769766,28809212359
2025-03-14,-289.7568593359626,-289.75698564362915,-289.75685933511164,28809212359
2025-03-15,-342.6294334594905,-342.629776456374,-342.62921729291213,28809212359
2025-03-16,-396.7181318169911,-396.7187400089078,-396.71759448102137,28809212359
2025-03-17,-451.07961311645414,-451.080350726176,-451.07863443216706,28809212359
2025-03-18,-504.6870835117108,-504.6881192963982,-504.6856995203832,28809212359
2025-03-19,-556.4488538721015,-556.450260868102,-556.4472207094605,28809212359
2025-03-20,-605.2295181679133,-605.2314083672865,-605.2274877747938,28809212359
2025-03-21,-649.873346251963,-649.8757104958321,-649.8711218908918,28809212359
2025-03-22,-689.2294112943977,-689.2322803404257,-689.2267617805768,28809212359
2025-03-23,-722.177909014392,-722.181056198879,-722.1747802175114,28809212359
2025-03-24,-747.6570746089428,-747.6606855958762,-747.6535778282712,28809212359
2025-03-25,-764.6900655962406,-764.6939690061048,-764.6862292329299,28809212359
2025-03-26,-772.4111560733443,-772.4154762860976,-772.4070398335268,28809212359
2025-03-27,-770.0905811335899,-770.0954276980168,-770.0859030184756,28809212359
2025-03-28,-757.1573800362875,-757.1628852295352,-757.1522468440243,28809212359
2025-03-29,-733.2196133798461,-733.2257171908493,-733.2140589047877,28809212359
2025-03-30,-698.0813727644252,-698.0880241964743,-698.0750943491722,28809212359
2025-03-31,-651.7560605711024,-651.7631589618411,-651.7490834842072,28809212359
2025-01-14,-0.5674788667909803,-2.0906742691680744,1.0956518238907904,28809285342
2025-01-15,-0.571468160719399,-2.1331580079156387,0.8413949469477934,28809285342
2025-01-16,-0.5754574546478182,-2.074967793060954,0.9032266336073804,28809285342
2025-01-17,-0.5794467485762369,-2.2063420485139127,0.9335774485743126,28809285342
2025-01-18,-0.5834360425046561,-2.1893704943275107,0.9656956937931153,28809285342
2025-01-19,-0.5874253364330748,-2.1386296792770487,0.9254768854031704,28809285342
2025-01-20,-0.591414630361494,-2.2120826930636923,0.9723949414787768,28809285342
2025-01-21,-0.5954039242899127,-2.195559192651681,0.966391712405508,28809285342
2025-01-22,-0.5993932182183319,-2.2844172301914907,0.9836351588976678,28809285342
2025-01-23,-0.6033825121467502,-2.1455088699295626,0.9457924056426924,28809285342
2025-01-24,-0.6073718060751698,-2.161035799233324,0.8315162171550466,28809285342
2025-01-25,-0.6113611000035881,-2.27950565046095,0.9369939489519489,28809285342
2025-01-26,-0.6153503939320073,-2.225385454689119,0.960493589202839,28809285342
2025-01-27,-0.619339687860426,-2.145096858680515,0.9167919440943759,28809285342
2025-01-28,-0.6233289817888452,-2.2001645563974397,0.8588494672962088,28809285342
2025-01-29,-0.627318275717264,-2.2750727802402513,0.9481816664641064,28809285342
2025-01-30,-0.6313075696456831,-2.1093615093507427,1.0165837996852503,28809285342
2025-01-31,-0.6352968635741019,-2.2787868207253528,0.8880364755485064,28809285342
2025-02-01,-0.639286157502521,-2.148948349368477,0.9843474571664402,28809285342
2025-02-02,-0.6432754514309398,-2.221144032297203,0.9140836900242517,28809285342
2025-02-03,-0.647264745359359,-2.1912803483884704,1.1489531176855923,28809285342
2025-02-04,-0.6512540392877777,-2.2770013403825535,0.9717604354058159,28809285342
2025-02-05,-0.6552433332161969,-2.167405550203345,1.0481990767119054,28809285342
2025-02-06,-0.6592326271446156,-2.2360306911363512,0.9076197724387446,28809285342
2025-02-07,-0.6632219210730348,-2.304012457607714,0.9479838966498496,28809285342
2025-02-08,-0.6672112150014535,-2.216087085438987,1.0030991505620077,28809285342
2025-02-09,-0.6712005089298727,-2.1324369791639395,0.8558737678162459,28809285342
2025-02-10,-0.675189802858291,-2.339663713114411,0.9291743040384567,28809285342
2024-08-06,1.0,0.9999999987443039,1.0000000013312451,28809472364
2024-08-07,1.0,0.9999999987045826,1.000000001291522,28809472364
2024-08-08,1.0,0.9999999987093704,1.0000000012547938,28809472364
2024-08-09,1.0,0.9999999986433709,1.0000000012118482,28809472364
2024-08-10,1.0,0.9999999986192022,1.0000000013276806,28809472364
2024-08-11,1.0,0.999999998673864,1.0000000013480614,28809472364
2024-08-12,1.0,0.9999999987290759,1.0000000012939139,28809472364
2024-08-13,1.0,0.9999999986384195,1.0000000014111436,28809472364
2024-08-14,1.0,0.9999999986036392,1.0000000011819972,28809472364
2024-08-15,1.0,0.9999999988877543,1.0000000012543466,28809472364
2024-08-16,1.0,0.9999999987539498,1.0000000012683818,28809472364
2024-08-17,1.0,0.9999999987402782,1.0000000012438495,28809472364
2024-08-18,1.0,0.9999999987412121,1.0000000012155683,28809472364
2024-08-19,1.0,0.9999999987147414,1.0000000012313703,28809472364
2024-08-20,1.0,0.999999998788095,1.0000000013080403,28809472364
2024-08-21,1.0,0.9999999987417119,1.0000000013566168,28809472364
2024-08-22,1.0,0.9999999987899221,1.0000000013650299,28809472364
2024-08-23,1.0,0.9999999986760336,1.0000000013326322,28809472364
2024-08-24,1.0,0.9999999987401935,1.000000001325791,28809472364
2024-08-25,1.0,0.9999999986894429,1.0000000012773638,28809472364
2024-08-26,1.0,0.9999999987323202,1.0000000013497983,28809472364
2024-08-27,1.0,0.9999999987154803,1.000000001265644,28809472364
2024-08-28,1.0,0.9999999986817959,1.0000000012832768,28809472364
2024-08-29,1.0,0.9999999986706035,1.0000000012674541,28809472364
2024-08-30,1.0,0.9999999986002167,1.000000001379548,28809472364
2024-08-31,1.0,0.9999999986617286,1.0000000013050454,28809472364
2024-09-01,1.0,0.999999998643423,1.0000000013037884,28809472364
2024-09-02,1.0,0.9999999986805644,1.0000000014058887,28809472364
2024-08-27,1.6733353109271465,0.31437776000727086,2.9914306547135294,28809487326
2024-08-28,1.674362769683726,0.3827471935912856,3.1060396435261572,28809487326
2024-08-29,1.6753902284403057,0.33070681914925915,2.875460388321443,28809487326
2024-08-30,1.6764176871968854,0.3731354952858059,2.909324376829472,28809487326
2024-08-31,1.677445145953465,0.20209359482458797,2.9822938025602252,28809487326
2024-09-01,1.6784726047100444,0.30085241611543184,3.0299706268921165,28809487326
2024-09-02,1.6795000634666242,0.2746089961871497,3.0916525555564474,28809487326
2024-09-03,1.680527522223204,0.21715412724176442,2.946354826700529,28809487326
2024-09-04,1.6815549809797834,0.39356646492738956,2.9516320300284002,28809487326
2024-09-05,1.6825824397363631,0.3423618064586378,2.960849310062991,28809487326
2024-09-06,1.6836098984929428,0.36244912865256895,2.9776686444415312,28809487326
2024-09-07,1.6846373572495223,0.3525010139423641,2.994630495284084,28809487326
2024-09-08,1.685664816006102,0.4038297937107204,3.0519664090822856,28809487326
2024-09-09,1.6866922747626816,0.3022292878830849,2.987489500930802,28809487326
2024-09-10,1.6877197335192613,0.34194716446015977,3.039422586766586,28809487326
2024-09-11,1.6887471922758408,0.30127273530387133,3.015342176891768,28809487326
2024-09-12,1.6897746510324205,0.3880346450307284,2.9949914284304002,28809487326
2024-09-13,1.6908021097890003,0.2716647348668089,3.0516971298198277,28809487326
2024-09-14,1.6918295685455798,0.3507858710360885,2.948079443276279,28809487326
2024-09-15,1.6928570273021593,0.4696122800388039,3.0021167359488703,28809487326
2024-09-16,1.693884486058739,0.25631546629794205,3.0266325260820914,28809487326
2024-09-17,1.6949119448153187,0.34069300482635534,2.997255528937309,28809487326
2024-09-18,1.6959394035718982,0.31892872673227984,2.98090225842534,28809487326
2024-09-19,1.696966862328478,0.46115385382281077,3.023469540659292,28809487326
2024-09-20,1.6979943210850577,0.3059304972674372,2.9933878272760985,28809487326
2024-09-21,1.6990217798416372,0.38324941981317107,2.995485006260112,28809487326
2024-09-22,1.7000492385982169,0.4168286446183657,3.0746766189016923,28809487326
2024-09-23,1.7010766973547964,0.3834564433690047,3.021066247319667,28809487326
2024-07-30,1.0,0.9999999987134418,1.0000000013839565,28809487836
2024-07-31,1.0,0.9999999987251418,1.0000000013161408,28809487836
2024-08-01,1.0,0.9999999988114231,1.0000000013398727,28809487836
2024-08-02,1.0,0.9999999987994451,1.000000001312666,28809487836
2024-08-03,1.0,0.9999999987920937,1.0000000013899473,28809487836
2024-08-04,1.0,0.999999998637633,1.000000001226567,28809487836
2024-08-05,1.0,0.9999999986707441,1.000000001255835,28809487836
2024-08-06,1.0,0.999999998744664,1.0000000012926593,28809487836
2024-08-07,1.0,0.9999999987878496,1.0000000013109573,28809487836
2024-08-08,1.0,0.9999999987087953,1.000000001314577,28809487836
2024-08-09,1.0,0.9999999988058703,1.0000000012159074,28809487836
2024-08-10,1.0,0.9999999987348376,1.0000000013168058,28809487836
2024-08-11,1.0,0.9999999986908313,1.0000000012346613,28809487836
2024-08-12,1.0,0.9999999987325258,1.0000000013494348,28809487836
2024-08-13,1.0,0.9999999986477515,1.0000000011333476,28809487836
2024-08-14,1.0,0.9999999987765938,1.0000000013675194,28809487836
2024-08-15,1.0,0.9999999988160574,1.0000000013426833,28809487836
2024-08-16,1.0,0.9999999985924055,1.000000001289726,28809487836
2024-08-17,1.0,0.9999999987423743,1.0000000013428816,28809487836
2024-08-18,1.0,0.9999999987358261,1.0000000013317671,28809487836
2024-08-19,1.0,0.9999999987621834,1.0000000013570194,28809487836
2024-08-20,1.0,0.9999999987782845,1.0000000012893555,28809487836
2024-08-21,1.0,0.9999999986642273,1.0000000012315797,28809487836
2024-08-22,1.0,0.9999999986496297,1.0000000012942218,28809487836
2024-08-23,1.0,0.9999999987422801,1.0000000013107573,28809487836
2024-08-24,1.0,0.9999999985946325,1.0000000013057664,28809487836
2024-08-25,1.0,0.9999999986315319,1.0000000011889931,28809487836
2024-08-26,1.0,0.9999999987305253,1.0000000013312027,28809487836
2024-09-10,1.949106336598325,0.22763096644681288,3.523691242916009,28809489369
2024-09-11,1.9619285666023438,0.3867819873829606,3.6286165695158066,28809489369
2024-09-12,1.9747507966063653,0.19070618859659227,3.6147598750162873,28809489369
2024-09-13,1.9875730266103855,0.324838375331593,3.679414991644154,28809489369
2024-09-14,2.000395256614406,0.49684331532143644,3.6679185442810267,28809489369
2024-09-15,2.013217486618426,0.4089460376168958,3.556694142720457,28809489369
2024-09-16,2.026039716622446,0.38875400994013865,3.7610536531604826,28809489369
2024-09-17,2.0388619466264677,0.29200087305474104,3.704151221627138,28809489369
2024-09-18,2.051684176630488,0.3347719895423692,3.77559849382235,28809489369
2024-09-19,2.064506406634508,0.3099726289842693,3.749630522621695,28809489369
2024-09-20,2.077328636638528,0.40061639495412554,3.675725427857172,28809489369
2024-09-21,2.0901508666425497,0.3643185227127027,3.692914508928148,28809489369
2024-09-22,2.1029730966465685,0.49290522294459443,3.6823056366198195,28809489369
2024-09-23,2.11579532665059,0.4435792034031412,3.7168226504475212,28809489369
2024-09-24,2.12861755665461,0.5040328008660462,3.7336174770184583,28809489369
2024-09-25,2.1414397866586303,0.3970105360469846,3.749144424875791,28809489369
2024-09-26,2.154262016662652,0.5712189454549818,3.7828795000435433,28809489369
2024-09-27,2.167084246666672,0.5271590786489361,3.856133676474133,28809489369
2024-09-28,2.179906476670692,0.5900834591501845,3.7927519851429867,28809489369
2024-09-29,2.1927287066747123,0.5622216123726034,3.936370728585575,28809489369
2024-09-30,2.2055509366787325,0.6116316313290562,4.017173391786334,28809489369
2024-10-01,2.2183731666827526,0.512056428425124,3.8631589275157308,28809489369
2024-10-02,2.231195396686774,0.5945198426856173,3.870048292260402,28809489369
2024-10-03,2.2440176266907943,0.45241103015082074,3.8542494065934125,28809489369
2024-10-04,2.2568398566948145,0.5371195514197118,3.906793587097453,28809489369
2024-10-05,2.269662086698836,0.6249283593714134,3.9633749342462137,28809489369
2024-10-06,2.2824843167028552,0.5855717591904024,4.01298406991159,28809489369
2024-10-07,2.2953065467068763,0.5531292404464142,3.813924700168603,28809489369
2024-09-03,1.2799855405150211,-0.45777377070332853,3.001299524345485,28809490329
2024-09-04,1.2992518262208463,-0.4097922871985876,3.1143309518053774,28809490329
2024-09-05,1.3185181119266698,-0.5027783143069217,3.033061757379717,28809490329
2024-09-06,1.3377843976324932,-0.4742493706202852,3.1099988599720465,28809490329
2024-09-07,1.3570506833383185,-0.3046693614984113,3.074558449600695,28809490329
2024-09-08,1.376316969044142,-0.3556918394078939,3.1103007841706933,28809490329
2024-09-09,1.3955832547499671,-0.35090848813388836,3.182063404437851,28809490329
2024-09-10,1.4148495404557888,-0.3340741647418128,3.0964628205845663,28809490329
2024-09-11,1.4341158261616123,-0.3931491443385844,3.1259307287055798,28809490329
2024-09-12,1.4533821118674375,-0.2162517290320226,3.2382734966423667,28809490329
2024-09-13,1.472648397573261,-0.2944367644410495,3.188360413981719,28809490329
2024-09-14,1.4919146832790844,-0.3013347013763876,3.318443666220827,28809490329
2024-09-15,1.5111809689849096,-0.36634955386646845,3.322359652295399,28809490329
2024-09-16,1.530447254690733,-0.23729624190497248,3.3447650875165635,28809490329
2024-09-17,1.5497135403965565,-0.1597792700747946,3.375670422690474,28809490329
2024-09-18,1.5689798261023817,-0.2775702424697476,3.213186490875353,28809490329
2024-09-19,1.5882461118082052,-0.3079069535372426,3.44534188377148,28809490329
2024-09-20,1.6075123975140304,-0.13133305452459135,3.292422390781756,28809490329
2024-09-21,1.6267786832198539,-0.14908524045805657,3.2994725133772733,28809490329
2024-09-22,1.646044968925679,0.051696500856989194,3.4401180695129567,28809490329
2024-09-23,1.6653112546315043,-0.19252210760495836,3.359205163662275,28809490329
2024-09-24,1.6845775403373278,-0.012273655323856445,3.5069752275010515,28809490329
2024-09-25,1.703843826043153,-0.05354706251577585,3.4870807235265047,28809490329
2024-09-26,1.7231101117489764,0.04561864144340872,3.428711143604055,28809490329
2024-09-27,1.7423763974547999,0.07430659269927477,3.5145920869271237,28809490329
2024-09-28,1.7616426831606251,-0.02099670028578371,3.5221707610604147,28809490329
2024-09-29,1.7809089688664486,0.07595487929809025,3.5426068951266414,28809490329
2024-09-30,1.8001752545722738,-0.05683096916367254,3.6152070820174322,28809490329
2025-02-18,6.259329053676127,3.7689985206992604,8.850719518465583,35760801349
2025-02-19,5.502547813347731,3.1872735256696934,8.257322457919072,35760801349
2025-02-20,4.1463013721878035,1.6576066189320742,6.491538411210512,35760801349
2025-02-21,2.1289032229334364,-0.46714337977429293,4.66467756011835,35760801349
2025-02-22,-0.593842727234775,-3.001564184761762,1.9786457783796971,35760801349
2025-02-23,-4.04575229430352,-6.431527475899948,-1.7659101498623797,35760801349
2025-02-24,-8.227827584761435,-10.668750193223758,-5.686953312986838,35760801349
2025-02-25,-13.116376122121242,-15.892829414277978,-10.68537544575443,35760801349
2025-02-26,-18.66176609597026,-21.043839733619922,-16.221050812373598,35760801349
2025-02-27,-24.78788581306719,-27.356438021923015,-22.322473677377754,35760801349
2025-02-28,-31.3923574076187,-33.84493613845255,-28.885617367875266,35760801349
2025-03-01,-38.347534760448696,-40.75314776697488,-35.616502234058075,35760801349
2025-03-02,-45.502293921140684,-48.04243510309861,-42.964614335065924,35760801349
2025-03-03,-52.6846017100042,-55.13615850515649,-50.01709459372555,35760801349
2025-03-04,-59.70482523387471,-62.13437397323587,-57.29997741699265,35760801349
2025-03-05,-66.35972243807328,-68.83135061811055,-63.88974856853707,35760801349
2025-03-06,-72.43703219962312,-74.79614862015927,-69.90825171829799,35760801349
2025-03-07,-77.72056249778537,-80.0756143403391,-75.07927242648402,35760801349
2025-03-08,-81.99565749204294,-84.36925940906248,-79.5675803959419,35760801349
2025-03-09,-85.05490946359735,-87.48580052113248,-82.53275079990173,35760801349
2025-03-10,-86.70397003283826,-88.93063182101758,-84.13996726968611,35760801349
2025-03-11,-86.76730726336257,-89.14643660263827,-84.18189641015957,35760801349
2025-03-12,-85.09375152225354,-87.68188355932114,-82.55732081134575,35760801349
2025-03-13,-81.56167348822999,-84.07371501462863,-79.00661004945916,35760801349
2025-03-14,-76.08364257707305,-78.6194065016959,-73.520907379398,35760801349
2025-03-15,-68.61042325246947,-71.0927745699973,-65.81457202768225,35760801349
2025-03-16,-59.134180055367594,-61.53463426648365,-56.76097119306767,35760801349
2025-03-17,-47.690779438603194,-50.31025529308588,-45.06311556099185,35760801349
2025-02-25,-30.143394438473848,-31.495020312584757,-28.844671788799232,35760801674
2025-02-26,-25.35220534542846,-26.723767871501998,-23.921783816712033,35760801674
2025-02-27,-19.109807144981012,-20.44665808391883,-17.781692688396234,35760801674
2025-02-28,-11.36513067987011,-12.707630728828294,-10.059392955633204,35760801674
2025-03-01,-2.1076385930616546,-3.393973375525566,-0.742823274481107,35760801674
2025-03-02,8.630422520935396,7.161293456163861,9.927776170531267,35760801674
2025-03-03,20.77280378190639,19.368882253775226,22.170191678774806,35760801674
2025-03-04,34.19912850962111,32.837510424170745,35.53415984829177,35760801674
2025-03-05,48.74589182898413,47.42429096708451,50.01843710362993,35760801674
2025-03-06,64.20858970062119,62.82975429607153,65.47002246315193,35760801674
2025-03-07,80.34495310365797,79.09751310535067,81.66242357676319,35760801674
2025-03-08,96.87923466497683,95.61512123731873,98.16645306361167,35760801674
2025-03-09,113.50746747665039,112.17979273080726,114.79938416640493,35760801674
2025-03-10,129.9035898944223,128.58032464798458,131.2631194491272,35760801674
2025-03-11,145.72630644558032,144.37053081349458,146.9692227280579,35760801674
2025-03-12,160.62653423219885,159.27700620540162,161.98874477851248,35760801674
2025-03-13,174.2552669607536,172.94105437179292,175.52419515432848,35760801674
2025-03-14,186.27167543679278,184.81634447148912,187.52523494956128,35760801674
2025-03-15,196.35125442002624,194.99810910113138,197.65049352716264,35760801674
2025-03-16,204.19382141159846,202.94018361777748,205.57038845958687,35760801674
2025-03-17,209.53117340089685,208.29334769446154,210.90254569115316,35760801674
2025-03-18,212.1342128644802,210.8884635804149,213.42589997729755,35760801674
2025-03-19,211.8193643040695,210.50559460814674,213.13051088309675,35760801674
2025-03-20,208.4541171192938,207.25399419973078,209.79341201032165,35760801674
2025-03-21,201.96154931138938,200.6719104119427,203.28798585130906,35760801674
2025-03-22,192.323708970649,190.96313960877464,193.66924803446895,35760801674
2025-03-23,179.58375618161045,178.35553911947383,180.95526293230233,35760801674
2025-03-24,163.84679626738702,162.61230095220503,165.2154771639785,35760801674
2025-02-25,2.708390881431789,1.1820489128486649,4.176878933804346,35760801996
2025-02-26,2.7105212905241127,1.2878757230697127,4.247402928482614,35760801996
2025-02-27,2.712651699616436,1.2355361898713118,4.292877875872456,35760801996
2025-02-28,2.7147821087087602,1.2489578200089229,4.280858815855124,35760801996
2025-03-01,2.716912517801084,1.13402029845014,4.155432386222213,35760801996
2025-03-02,2.7190429268934073,1.1664038870086528,4.286541945471127,35760801996
2025-03-03,2.7211733359857315,1.2418346038761088,4.218411244811813,35760801996
2025-03-04,2.723303745078055,1.2680476953527495,4.223672518645339,35760801996
2025-03-05,2.7254341541703786,1.2814047010130554,4.156178191618761,35760801996
2025-03-06,2.7275645632627024,1.0521747542037765,4.1924954531589576,35760801996
2025-03-07,2.729694972355026,1.2349550160960179,4.3057492081830375,35760801996
2025-03-08,2.73182538144735,1.2863872782500492,4.238598384910236,35760801996
2025-03-09,2.7339557905396736,1.1348331785469135,4.328778956594846,35760801996
2025-03-10,2.7360861996319974,1.2001161572597612,4.204836598087617,35760801996
2025-03-11,2.738216608724321,1.3188481447791311,4.302283165878159,35760801996
2025-03-12,2.740347017816645,1.2144657215859103,4.209807998295877,35760801996
2025-03-13,2.7424774269089687,1.3453446030821248,4.308292693683491,35760801996
2025-03-14,2.7446078360012924,1.2524718662112284,4.308598971209383,35760801996
2025-03-15,2.746738245093616,1.237479938292583,4.228518068910604,35760801996
2025-03-16,2.74886865418594,1.2518130159215135,4.2303731057589165,35760801996
2025-03-17,2.7509990632782637,1.129799906114266,4.295965916730771,35760801996
2025-03-18,2.7531294723705875,1.2027810947947968,4.172776894383994,35760801996
2025-03-19,2.7552598814629112,1.2058085337818347,4.282214219743127,35760801996
2025-03-20,2.7573902905552345,1.3106154194656805,4.34248408152714,35760801996
2025-03-21,2.7595206996475588,1.1794671076078789,4.262561172091173,35760801996
2025-03-22,2.7616511087398825,1.274260073879504,4.233997093543765,35760801996
2025-03-23,2.763781517832206,1.1546753938000498,4.239646340969252,35760801996
2025-03-24,2.76591192692453,1.1915993613315565,4.33348655968194,35760801996
2024-10-01,1.0,0.9999999987043122,1.0000000012163495,35760802857
2024-10-02,1.0,0.9999999985638346,1.0000000012221257,35760802857
2024-10-03,1.0,0.9999999986597572,1.0000000013107742,35760802857
2024-10-04,1.0,0.9999999987644451,1.0000000013312587,35760802857
2024-10-05,1.0,0.9999999986604031,1.0000000012283303,35760802857
2024-10-06,1.0,0.9999999987514117,1.0000000012948902,35760802857
2024-10-07,1.0,0.9999999987318685,1.0000000013230443,35760802857
2024-10-08,1.0,0.9999999986426636,1.0000000011105985,35760802857
2024-10-09,1.0,0.9999999986153645,1.000000001306981,35760802857
2024-10-10,1.0,0.9999999986564484,1.0000000013314823,35760802857
2024-10-11,1.0,0.9999999987844947,1.0000000013737511,35760802857
2024-10-12,1.0,0.9999999987608886,1.0000000013357784,35760802857
2024-10-13,1.0,0.9999999986711853,1.0000000013069033,35760802857
2024-10-14,1.0,0.9999999986780678,1.0000000012289727,35760802857
2024-10-15,1.0,0.9999999987305853,1.0000000012918233,35760802857
2024-10-16,1.0,0.9999999986512044,1.0000000012338244,35760802857
2024-10-17,1.0,0.9999999986500306,1.0000000011837307,35760802857
2024-10-18,1.0,0.9999999986641072,1.0000000012490131,35760802857
2024-10-19,1.0,0.9999999986567619,1.0000000013325414,35760802857
2024-10-20,1.0,0.9999999987504555,1.0000000013257848,35760802857
2024-10-21,1.0,0.9999999986559881,1.000000001303076,35760802857
2024-10-22,1.0,0.9999999987762905,1.0000000012927406,35760802857
2024-10-23,1.0,0.9999999986604234,1.0000000012815558,35760802857
2024-10-24,1.0,0.9999999986754692,1.0000000013907198,35760802857
2024-10-25,1.0,0.9999999986895308,1.000000001298827,35760802857
2024-10-26,1.0,0.9999999986279527,1.0000000012674513,35760802857
2024-10-27,1.0,0.9999999987529938,1.0000000013410595,35760802857
2024-10-28,1.0,0.9999999986968269,1.000000001251107,35760802857
2024-12-24,1.0,0.9999999986377948,1.000000001378202,35760803117
2024-12-25,1.0,0.9999999987087596,1.0000000012273804,35760803117
2024-12-26,1.0,0.9999999986773328,1.0000000012580754,35760803117
2024-12-27,1.0,0.9999999987078926,1.0000000012580228,35760803117
2024-12-28,1.0,0.9999999986917425,1.0000000012598051,35760803117
2024-12-29,1.0,0.9999999987852739,1.0000000013030244,35760803117
2024-12-30,1.0,0.999999998822028,1.0000000011665668,35760803117
2024-12-31,1.0,0.9999999986367138,1.000000001341572,35760803117
2025-01-01,1.0,0.9999999987334725,1.0000000012147432,35760803117
2025-01-02,1.0,0.9999999987852018,1.0000000012962948,35760803117
2025-01-03,1.0,0.9999999986537763,1.0000000013772852,35760803117
2025-01-04,1.0,0.9999999986349292,1.0000000012682224,35760803117
2025-01-05,1.0,0.999999998764548,1.0000000012996977,35760803117
2025-01-06,1.0,0.9999999987615948,1.0000000012460624,35760803117
2025-01-07,1.0,0.9999999986450544,1.000000001268657,35760803117
2025-01-08,1.0,0.9999999985818654,1.0000000012892438,35760803117
2025-01-09,1.0,0.9999999986608237,1.0000000012827466,35760803117
2025-01-10,1.0,0.9999999987254565,1.000000001286377,35760803117
2025-01-11,1.0,0.9999999987078354,1.000000001381526,35760803117
2025-01-12,1.0,0.9999999987803718,1.0000000012674854,35760803117
2025-01-13,1.0,0.9999999987903254,1.0000000013359953,35760803117
2025-01-14,1.0,0.9999999986525538,1.0000000012755277,35760803117
2025-01-15,1.0,0.9999999987749455,1.0000000012329517,35760803117
2025-01-16,1.0,0.999999998665945,1.0000000013790826,35760803117
2025-01-17,1.0,0.9999999986954837,1.000000001328196,35760803117
2025-01-18,1.0,0.9999999987340581,1.000000001314021,35760803117
2025-01-19,1.0,0.9999999987261005,1.0000000012303207,35760803117
2025-01-20,1.0,0.9999999987306661,1.0000000013270818,35760803117
2024-12-24,0.9825170197951563,0.9825170193754599,0.9825170202154234,35760803736
2024-12-25,0.9650344801636572,0.9650344796971227,0.9650344806365845,35760803736
2024-12-26,0.9475519405321586,0.9475519401068379,0.9475519410244642,35760803736
2024-12-27,0.93006940090066,0.9300694004314235,0.9300694013733206,35760803736
2024-12-28,0.9125868612691612,0.912586860833227,0.912586861789459,35760803736
2024-12-29,0.8951043216376624,0.8951043211565932,0.8951043221745103,35760803736
2024-12-30,0.8776217820061638,0.8776217815221399,0.8776217825107991,35760803736
2024-12-31,0.860139242374665,0.8601392418730192,0.860139242887783,35760803736
2025-01-01,0.8426567027431664,0.8426567022304254,0.8426567032640757,35760803736
2025-01-02,0.8251741631116674,0.8251741625560264,0.8251741636388272,35760803736
2025-01-03,0.8076916234801688,0.8076916229307641,0.8076916240483434,35760803736
2025-01-04,0.7902090838486702,0.7902090833148464,0.7902090844092323,35760803736
2025-01-05,0.7727265442171714,0.7727265436346106,0.7727265447490923,35760803736
2025-01-06,0.7552440045856725,0.7552440039755812,0.7552440052403763,35760803736
2025-01-07,0.7377614649541739,0.737761464336584,0.7377614656001976,35760803736
2025-01-08,0.7202789253226751,0.720278924713484,0.7202789260200065,35760803736
2025-01-09,0.7027963856911765,0.7027963850226517,0.7027963863468422,35760803736
2025-01-10,0.6853138460596777,0.6853138453376805,0.685313846876438,35760803736
2025-01-11,0.6678313064281789,0.6678313057559013,0.6678313072745531,35760803736
2025-01-12,0.6503487667966803,0.6503487660438466,0.6503487676693592,35760803736
2025-01-13,0.6328662271651817,0.6328662263248818,0.6328662281941557,35760803736
2025-01-14,0.6153836875336827,0.6153836866995022,0.615383688720873,35760803736
2025-01-15,0.5979011479021841,0.5979011469667846,0.5979011492568886,35760803736
2025-01-16,0.5804186082706855,0.5804186073102371,0.5804186096085582,35760803736
2025-01-17,0.5629360686391867,0.5629360677682643,0.5629360701805315,35760803736
2025-01-18,0.5454535290076878,0.5454535280295941,0.5454535307006944,35760803736
2025-01-19,0.5279709893761897,0.5279709880005031,0.5279709913755352,35760803736
2025-01-20,0.5104884497446909,0.5104884485074046,0.5104884520042289,35760803736
2025-01-07,1.0,0.9999999986989438,1.0000000013137058,35760804010
2025-01-08,1.0,0.9999999986662924,1.0000000012000607,35760804010
2025-01-09,1.0,0.9999999986779848,1.0000000013223396,35760804010
2025-01-10,1.0,0.9999999985987248,1.0000000014140162,35760804010
2025-01-11,1.0,0.9999999986268113,1.000000001482939,35760804010
2025-01-12,1.0,0.9999999986207317,1.000000001608847,35760804010
2025-01-13,1.0,0.9999999984631951,1.0000000016893733,35760804010
2025-01-14,1.0,0.9999999982729377,1.0000000017523332,35760804010
2025-01-15,1.0,0.9999999980062069,1.0000000020394448,35760804010
2025-01-16,1.0,0.9999999977913148,1.0000000021198698,35760804010
2025-01-17,1.0,0.9999999977273115,1.0000000023831337,35760804010
2025-01-18,1.0,0.9999999976816751,1.0000000027296783,35760804010
2025-01-19,1.0,0.9999999972480955,1.0000000032348013,35760804010
2025-01-20,1.0,0.999999996474427,1.0000000041136083,35760804010
2025-01-21,1.0,0.9999999966848638,1.0000000040785488,35760804010
2025-01-22,1.0,0.9999999955803015,1.0000000047100688,35760804010
2025-01-23,1.0,0.9999999953826246,1.0000000053998566,35760804010
2025-01-24,1.0,0.999999995076946,1.0000000059297245,35760804010
2025-01-25,1.0,0.9999999942018574,1.0000000065088261,35760804010
2025-01-26,1.0,0.9999999936649637,1.0000000069980024,35760804010
2025-01-27,1.0,0.9999999932740016,1.0000000075717963,35760804010
2025-01-28,1.0,0.9999999927706873,1.000000008636646,35760804010
2025-01-29,1.0,0.9999999919351659,1.0000000088724306,35760804010
2025-01-30,1.0,0.9999999920419147,1.0000000096821893,35760804010
2025-01-31,1.0,0.9999999905755578,1.0000000113647278,35760804010
2025-02-01,1.0,0.9999999904172786,1.000000011500325,35760804010
2025-02-02,1.0,0.9999999892223786,1.0000000120981285,35760804010
2025-02-03,1.0,0.9999999884484313,1.0000000134624951,35760804010
2025-03-04,11.681936894937127,6.380429555168174,17.152523489184883,35760804375
2025-03-05,11.685249660811095,5.856673684067571,17.453759544341292,35760804375
2025-03-06,11.688562426685063,6.309189805027644,16.69092611301827,35760804375
2025-03-07,11.691875192559035,6.007255961355704,17.207639330498818,35760804375
2025-03-08,11.695187958433003,6.009290589453634,17.41710339994665,35760804375
2025-03-09,11.698500724306975,6.015938642554159,17.237841071852632,35760804375
2025-03-10,11.701813490180943,6.157880494080704,17.71551710662396,35760804375
2025-03-11,11.70512625605491,5.769651729277042,17.331588017105524,35760804375
2025-03-12,11.708439021928882,6.009782233879001,17.277469250886863,35760804375
2025-03-13,11.71175178780285,6.324830248992906,17.13667893928635,35760804375
2025-03-14,11.715064553676818,6.47694495248491,17.477687484315965,35760804375
2025-03-15,11.71837731955079,6.195689096560577,17.804115571573085,35760804375
2025-03-16,11.721690085424758,5.8058979087224545,17.368114398817738,35760804375
2025-03-17,11.72500285129873,6.2328889242664545,17.476441565501208,35760804375
2025-03-18,11.728315617172697,5.686611386794063,17.152333634739115,35760804375
2025-03-19,11.731628383046665,5.855197289634477,17.333366908618892,35760804375
2025-03-20,11.734941148920637,6.037946020270776,16.866599829888298,35760804375
2025-03-21,11.738253914794605,5.56696862089038,17.329739150972735,35760804375
2025-03-22,11.741566680668573,5.975197565879276,16.795465552429103,35760804375
2025-03-23,11.744879446542544,5.817972170624436,17.130755142259925,35760804375
2025-03-24,11.748192212416512,6.152445565387156,17.369194782136894,35760804375
2025-03-25,11.75150497829048,6.321512366004907,17.08372821249369,35760804375
2025-03-26,11.754817744164452,5.76388462042556,17.592174825630398,35760804375
2025-03-27,11.75813051003842,6.713453655065611,17.297458914181824,35760804375
2025-03-28,11.761443275912391,6.07594746690799,17.362091307154778,35760804375
2025-03-29,11.76475604178636,6.5242061175919,17.439269414658547,35760804375
2025-03-30,11.768068807660331,6.570990116773962,17.003751717475645,35760804375
2025-03-31,11.771381573534299,5.618064894007571,17.77241807620028,35760804375
2025-03-04,3.5924333002546778,0.9487843356176443,6.515384341411009,35760804684
2025-03-05,3.587177012930702,0.765647224232787,6.723045598639901,35760804684
2025-03-06,3.5819207256067265,0.7018013679591868,6.4895403525628215,35760804684
2025-03-07,3.5766644382827506,0.633742527291044,6.521392102282767,35760804684
2025-03-08,3.5714081509587747,0.4870167732109488,6.66754824251355,35760804684
2025-03-09,3.5661518636347993,0.5991342527783458,6.5731718892365585,35760804684
2025-03-10,3.560895576310823,0.6763204677379117,6.673396116863128,35760804684
2025-03-11,3.555639288986848,0.4963571570035328,6.562055135366521,35760804684
2025-03-12,3.5503830016628712,0.5627313680547439,6.6474128572040465,35760804684
2025-03-13,3.545126714338896,0.7426551284947555,6.569878936051538,35760804684
2025-03-14,3.5398704270149204,0.6402580997890281,6.363983371059824,35760804684
2025-03-15,3.534614139690944,0.5397277606390196,6.48680094296186,35760804684
2025-03-16,3.5293578523669686,0.639501255968276,6.634140720391726,35760804684
2025-03-17,3.5241015650429923,0.7847550481189465,6.890538291641452,35760804684
2025-03-18,3.518845277719017,0.5643960310568528,6.265967105540982,35760804684
2025-03-19,3.5135889903950406,0.5940036200986959,6.35789839866431,35760804684
2025-03-20,3.5083327030710656,0.6415872591044418,6.326381801366377,35760804684
2025-03-21,3.5030764157470897,0.49450948511340664,6.241162954403821,35760804684
2025-03-22,3.4978201284231134,0.3114276086799751,6.505225772275041,35760804684
2025-03-23,3.492563841099138,0.5604199049874924,6.453222368764932,35760804684
2025-03-24,3.4873075537751617,0.5156991915696726,6.389878869648446,35760804684
2025-03-25,3.4820512664511862,0.597387822897328,6.218191244612889,35760804684
2025-03-26,3.476794979127211,0.721631413301694,6.458053174485152,35760804684
2025-03-27,3.471538691803235,0.381114836159857,6.484998815396715,35760804684
2025-03-28,3.466282404479259,0.5062572200907464,6.438886031328406,35760804684
2025-03-29,3.461026117155283,0.625057951788407,6.485011120221571,35760804684
2025-03-30,3.4557698298313073,0.5644944558126728,6.273488194711944,35760804684
2025-03-31,3.450513542507331,0.4577101709936122,6.4551172613454595,35760804684
2025-03-04,2.74497916967713,-2.6037747877556896,8.574018070883652,35760805289
2025-03-05,2.737957455568422,-3.3033020789457095,8.160409978163285,35760805289
2025-03-06,2.7309357414597155,-3.2574846303735074,8.529751554243767,35760805289
2025-03-07,2.7239140273510083,-3.0871260086996495,8.032348661454336,35760805289
2025-03-08,2.7168923132423,-3.29983708597438,8.105759684133348,35760805289
2025-03-09,2.709870599133593,-2.9047602276976487,7.9815784791786575,35760805289
2025-03-10,2.702848885024885,-2.3086360624062614,8.276114598018118,35760805289
2025-03-11,2.6958271709161785,-3.123386070314481,8.09711480535729,35760805289
2025-03-12,2.6888054568074713,-2.98491156782899,8.14358378775234,35760805289
2025-03-13,2.681783742698763,-2.5702937137820303,8.48944868260638,35760805289
2025-03-14,2.674762028590057,-2.686933576483755,8.058359742422736,35760805289
2025-03-15,2.6677403144813496,-2.4226140420913804,8.379334690348935,35760805289
2025-03-16,2.6607186003726415,-3.300330549913013,7.9753583887172015,35760805289
2025-03-17,2.6536968862639343,-2.6472684122543906,8.231150370770376,35760805289
2025-03-18,2.646675172155227,-2.748797357495352,8.502329157488385,35760805289
2025-03-19,2.63965345804652,-3.068016460466988,8.031705649687131,35760805289
2025-03-20,2.6326317439378126,-2.4043092464759135,8.150493855396773,35760805289
2025-03-21,2.6256100298291045,-2.5165586795456223,8.122372124882649,35760805289
2025-03-22,2.618588315720398,-3.2462077320880938,8.097720732891553,35760805289
2025-03-23,2.611566601611689,-3.0700445372277665,8.391996936007052,35760805289
2025-03-24,2.604544887502982,-2.5790729416594345,8.305013194437588,35760805289
2025-03-25,2.5975231733942756,-3.066739088649921,7.5265402530292755,35760805289
2025-03-26,2.5905014592855675,-2.964258707502349,8.105299294919325,35760805289
2025-03-27,2.5834797451768603,-3.1498834007376857,8.430428593811401,35760805289
2025-03-28,2.576458031068153,-2.850290528649461,8.243609461544555,35760805289
2025-03-29,2.569436316959446,-2.9826277525574327,7.999702236084124,35760805289
2025-03-30,2.5624146028507386,-3.013968702756346,8.457655286915676,35760805289
2025-03-31,2.5553928887420305,-3.031204403198487,7.926678687539883,35760805289
2025-03-04,4.976641006072407,3.150871138289092,6.708931203829407,35760805824
2025-03-05,4.980583382693581,3.3251121421537784,6.780890657230101,35760805824
2025-03-06,4.984525759314755,3.210343804163528,6.7527688087414806,35760805824
2025-03-07,4.988468135935928,3.2367104772370774,6.805087125806551,35760805824
2025-03-08,4.992410512557102,3.159599054985487,6.744574965486505,35760805824
2025-03-09,4.996352889178276,3.223879577060638,6.769818319578798,35760805824
2025-03-10,5.0002952657994495,3.326756638302006,6.802305957906166,35760805824
2025-03-11,5.004237642420623,3.1828376654025954,6.776344526034297,35760805824
2025-03-12,5.008180019041797,3.2744043834606513,6.719026764028772,35760805824
2025-03-13,5.012122395662971,3.193567952310332,6.729536101635134,35760805824
2025-03-14,5.016064772284144,3.2951840142048545,6.742287021614936,35760805824
2025-03-15,5.020007148905318,3.23651745677958,6.802560149486099,35760805824
2025-03-16,5.023949525526492,3.1938336195723465,6.75954455548406,35760805824
2025-03-17,5.027891902147665,3.3043434913450116,6.766599765324984,35760805824
2025-03-18,5.031834278768839,3.196718939125321,6.870319252274413,35760805824
2025-03-19,5.035776655390013,3.108963609308634,6.671198818253582,35760805824
2025-03-20,5.039719032011186,3.3041503285329954,6.840735559636146,35760805824
2025-03-21,5.04366140863236,3.282725572217464,6.710642225988662,35760805824
2025-03-22,5.047603785253534,3.300113898283047,6.85702597356796,35760805824
2025-03-23,5.0515461618747075,3.365107107997005,6.974065922252975,35760805824
2025-03-24,5.055488538495881,3.2563266768772126,6.796005103120548,35760805824
2025-03-25,5.059430915117055,3.3159536307029844,6.836674998793714,35760805824
2025-03-26,5.063373291738229,3.2510646211455403,6.787555072932109,35760805824
2025-03-27,5.067315668359402,3.435757021878951,6.773272943461236,35760805824
2025-03-28,5.071258044980576,3.344639827640341,6.88287192847399,35760805824
2025-03-29,5.07520042160175,3.3490061460671794,6.871303430917644,35760805824
2025-03-30,5.079142798222923,3.3177518293656485,6.836147374421373,35760805824
2025-03-31,5.083085174844097,3.295834172399079,6.789860239044339,35760805824
2025-01-28,1.0,0.9999999986862631,1.00000000128595,35760806147
2025-01-29,1.0,0.9999999987518683,1.0000000012285173,35760806147
2025-01-30,1.0,0.9999999987583987,1.0000000012819574,35760806147
2025-01-31,1.0,0.99999999870968,1.0000000013328263,35760806147
2025-02-01,1.0,0.9999999987989757,1.0000000013254307,35760806147
2025-02-02,1.0,0.9999999986711886,1.000000001279546,35760806147
2025-02-03,1.0,0.9999999987689564,1.000000001301469,35760806147
2025-02-04,1.0,0.9999999987346481,1.000000001401275,35760806147
2025-02-05,1.0,0.9999999988027305,1.0000000012926713,35760806147
2025-02-06,1.0,0.9999999987642098,1.0000000012839145,35760806147
2025-02-07,1.0,0.9999999987334866,1.0000000011852868,35760806147
2025-02-08,1.0,0.999999998723578,1.0000000012741204,35760806147
2025-02-09,1.0,0.9999999988169532,1.0000000014148116,35760806147
2025-02-10,1.0,0.9999999988382248,1.0000000013239898,35760806147
2025-02-11,1.0,0.9999999986115522,1.0000000012100962,35760806147
2025-02-12,1.0,0.9999999986800503,1.0000000012391734,35760806147
2025-02-13,1.0,0.9999999987323445,1.0000000012558314,35760806147
2025-02-14,1.0,0.9999999987230201,1.0000000012037817,35760806147
2025-02-15,1.0,0.9999999988081776,1.0000000012202495,35760806147
2025-02-16,1.0,0.9999999987253175,1.0000000013765464,35760806147
2025-02-17,1.0,0.9999999987151914,1.000000001315312,35760806147
2025-02-18,1.0,0.9999999987894438,1.000000001167192,35760806147
2025-02-19,1.0,0.9999999986994725,1.0000000012179575,35760806147
2025-02-20,1.0,0.9999999988348107,1.0000000013246653,35760806147
2025-02-21,1.0,0.9999999986676238,1.000000001318907,35760806147
2025-02-22,1.0,0.9999999987452247,1.0000000012266965,35760806147
2025-02-23,1.0,0.999999998616566,1.0000000012673962,35760806147
2025-02-24,1.0,0.9999999986793396,1.00000000120652,35760806147
2025-02-04,1.0,0.9999999987345586,1.0000000012076486,35760806772
2025-02-05,1.0,0.9999999987590589,1.0000000013458028,35760806772
2025-02-06,1.0,0.9999999987636535,1.000000001235644,35760806772
2025-02-07,1.0,0.9999999987279412,1.000000001324436,35760806772
2025-02-08,1.0,0.9999999987632945,1.0000000013536934,35760806772
2025-02-09,1.0,0.999999998699984,1.000000001261631,35760806772
2025-02-10,1.0,0.9999999987307844,1.0000000013238637,35760806772
2025-02-11,1.0,0.9999999987908069,1.0000000011404906,35760806772
2025-02-12,1.0,0.9999999987334491,1.0000000013313683,35760806772
2025-02-13,1.0,0.999999998684559,1.0000000012622958,35760806772
2025-02-14,1.0,0.9999999987325712,1.0000000013426056,35760806772
2025-02-15,1.0,0.9999999988233523,1.0000000012774146,35760806772
2025-02-16,1.0,0.9999999986827152,1.0000000012551018,35760806772
2025-02-17,1.0,0.9999999986010171,1.0000000011962629,35760806772
2025-02-18,1.0,0.9999999987085192,1.0000000013361887,35760806772
2025-02-19,1.0,0.9999999987136277,1.0000000012293053,35760806772
2025-02-20,1.0,0.9999999987522488,1.0000000012675472,35760806772
2025-02-21,1.0,0.9999999987897842,1.0000000013097017,35760806772
2025-02-22,1.0,0.9999999987150066,1.0000000012652615,35760806772
2025-02-23,1.0,0.9999999986918499,1.0000000013863894,35760806772
2025-02-24,1.0,0.9999999986559532,1.0000000012655366,35760806772
2025-02-25,1.0,0.9999999987234238,1.0000000012099515,35760806772
2025-02-26,1.0,0.9999999987330614,1.000000001292256,35760806772
2025-02-27,1.0,0.9999999987422519,1.0000000013816002,35760806772
2025-02-28,1.0,0.9999999987974623,1.000000001283237,35760806772
2025-03-01,1.0,0.9999999986065039,1.0000000013016241,35760806772
2025-03-02,1.0,0.9999999986753421,1.0000000013286652,35760806772
2025-03-03,1.0,0.9999999987666579,1.0000000013414239,35760806772
2024-12-24,1.0188532049005379,1.0188532047945578,1.018853205008945,35760807010
2024-12-25,1.0377070477576806,1.0377070476377273,1.0377070478605983,35760807010
2024-12-26,1.0565608906148238,1.0565608905013182,1.0565608907229778,35760807010
2024-12-27,1.0754147334719666,1.0754147333669362,1.0754147335913495,35760807010
2024-12-28,1.0942685763291093,1.0942685762143212,1.0942685764558195,35760807010
2024-12-29,1.113122419186252,1.1131224190578175,1.113122419296004,35760807010
2024-12-30,1.1319762620433953,1.1319762619232792,1.1319762621600058,35760807010
2024-12-31,1.150830104900538,1.1508301047789384,1.1508301050328404,35760807010
2025-01-01,1.1696839477576808,1.1696839476330767,1.169683947893703,35760807010
2025-01-02,1.1885377906148236,1.1885377904837273,1.1885377907606738,35760807010
2025-01-03,1.2073916334719668,1.2073916333362456,1.2073916336210442,35760807010
2025-01-04,1.2262454763291095,1.2262454761887784,1.226245476485346,35760807010
2025-01-05,1.2450993191862523,1.2450993190493997,1.2450993193474889,35760807010
2025-01-06,1.263953162043395,1.2639531618947861,1.2639531622091222,35760807010
2025-01-07,1.2828070049005378,1.2828070047367568,1.282807005088842,35760807010
2025-01-08,1.301660847757681,1.301660847582573,1.3016608479512846,35760807010
2025-01-09,1.3205146906148237,1.3205146904404301,1.3205146908506031,35760807010
2025-01-10,1.3393685334719665,1.3393685332633587,1.339368533763706,35760807010
2025-01-11,1.3582223763291092,1.3582223761116339,1.35822237676654,35760807010
2025-01-12,1.3770762191862524,1.3770762189229184,1.3770762197362794,35760807010
2025-01-13,1.3959300620433952,1.3959300615449797,1.3959300627504891,35760807010
2025-01-14,1.414783904900538,1.4147839042582815,1.4147839057839957,35760807010
2025-01-15,1.4336377477576807,1.4336377470727213,1.4336377487153085,35760807010
2025-01-16,1.4524915906148235,1.4524915897955615,1.4524915917381844,35760807010
2025-01-17,1.4713454334719667,1.4713454325321076,1.4713454348137947,35760807010
2025-01-18,1.4901992763291094,1.4901992751193591,1.4901992778474826,35760807010
2025-01-19,1.5090531191862522,1.5090531179186917,1.509053120769008,35760807010
2025-01-20,1.527906962043395,1.52790696059321,1.5279069638551876,35760807010
2025-02-18,6.078377239006355,1.564483699120123,10.287731926497381,35760807974
2025-02-19,6.0756029208530435,1.6444806639000977,10.668719128045089,35760807974
2025-02-20,6.072828602699733,1.6196835672624172,10.414821267350243,35760807974
2025-02-21,6.070054284546421,1.6380835197822978,10.372948981079395,35760807974
2025-02-22,6.0672799663931105,1.495554289667552,10.360223722391664,35760807974
2025-02-23,6.064505648239799,1.6218108809634944,10.489064910979183,35760807974
2025-02-24,6.061731330086488,1.5068831319726605,10.487554609413529,35760807974
2025-02-25,6.0589570119331775,1.6381070809950808,10.155539456611377,35760807974
2025-02-26,6.056182693779866,1.5874609157248343,10.389613117800168,35760807974
2025-02-27,6.053408375626554,1.5135001964158816,10.433434139775475,35760807974
2025-02-28,6.050634057473244,1.7296960453531625,10.691503927182767,35760807974
2025-03-01,6.047859739319933,1.375621984131479,10.442331004410933,35760807974
2025-03-02,6.045085421166621,1.5786168060570827,10.39597755589272,35760807974
2025-03-03,6.04231110301331,1.4128721189555862,10.58179876027478,35760807974
2025-03-04,6.039536784859998,1.7411986584050076,10.476428178492533,35760807974
2025-03-05,6.036762466706688,1.538656132810981,10.435736423845123,35760807974
2025-03-06,6.033988148553377,1.7659818852674987,10.575761342259373,35760807974
2025-03-07,6.031213830400065,1.9192501081120235,10.344096303498715,35760807974
2025-03-08,6.028439512246754,1.9342721467301143,10.464399004021772,35760807974
2025-03-09,6.025665194093444,1.8163604744395712,10.277904520184192,35760807974
2025-03-10,6.022890875940131,1.5171112066137746,10.421705821145398,35760807974
2025-03-11,6.02011655778682,1.4073772901632207,10.458554497155351,35760807974
2025-03-12,6.01734223963351,1.7358248157579175,10.265267170541739,35760807974
2025-03-13,6.014567921480198,1.7579432275592592,10.034526146292974,35760807974
2025-03-14,6.011793603326888,1.4346836239053222,10.462278699889906,35760807974
2025-03-15,6.009019285173577,1.5103879245324918,10.065417926503006,35760807974
2025-03-16,6.0062449670202644,1.6282658242275676,10.175306062482397,35760807974
2025-03-17,6.003470648866954,1.3742749032923103,10.089527187898042,35760807974
2025-01-21,1.2764156986017077,0.5240696189998966,1.958829800766259,35760808239
2025-01-22,1.2760827548952594,0.526180319800071,1.9844664926879751,35760808239
2025-01-23,1.2757498111888106,0.5637405985757201,1.9345570097022624,35760808239
2025-01-24,1.2754168674823623,0.5963458526972732,1.996312837640903,35760808239
2025-01-25,1.275083923775914,0.5965056681038706,2.0097915859725815,35760808239
2025-01-26,1.2747509800694652,0.5739121134872506,1.9685269439620203,35760808239
2025-01-27,1.2744180363630169,0.5911721741423348,1.9619986800758755,35760808239
2025-01-28,1.2740850926565686,0.5598115111259916,1.9673644492781541,35760808239
2025-01-29,1.2737521489501198,0.5928752461747727,1.9513271912891295,35760808239
2025-01-30,1.2734192052436715,0.5522410840401663,1.961209076195442,35760808239
2025-01-31,1.2730862615372232,0.5645686088344145,1.9816443642201764,35760808239
2025-02-01,1.2727533178307744,0.5628918888190266,1.9945800403074654,35760808239
2025-02-02,1.272420374124326,0.5461416677288427,1.9419395121352225,35760808239
2025-02-03,1.2720874304178773,0.6142996489093903,1.96964912057629,35760808239
2025-02-04,1.271754486711429,0.5280733539929938,1.9275103870842945,35760808239
2025-02-05,1.2714215430049807,0.5556515108213211,1.987601260121769,35760808239
2025-02-06,1.271088599298532,0.616517159759692,1.9488974864587223,35760808239
2025-02-07,1.2707556555920836,0.572122493953957,1.9909562749053389,35760808239
2025-02-08,1.2704227118856353,0.5819079190771969,2.01329477202016,35760808239
2025-02-09,1.2700897681791865,0.5784643560746389,1.9540676759601687,35760808239
2025-02-10,1.2697568244727382,0.5766787581260758,1.9686251173337306,35760808239
2025-02-11,1.2694238807662899,0.6167349862043334,2.010786412609762,35760808239
2025-02-12,1.269090937059841,0.6376724736415934,1.9714415507500294,35760808239
2025-02-13,1.2687579933533928,0.5655522944157566,1.9473505999296037,35760808239
2025-02-14,1.268425049646944,0.5742899937184772,1.951007293088172,35760808239
2025-02-15,1.2680921059404957,0.5765273213617537,1.9718063779353872,35760808239
2025-02-16,1.2677591622340474,0.6145757052456582,1.9171640656611186,35760808239
2025-02-17,1.2674262185275986,0.5504748484594382,1.952248357732763,35760808239
2025-02-18,3.3816220972949385,1.450190676380142,5.552436759571733,35760808866
2025-02-19,3.369634077309124,1.346502336464787,5.370250061673533,35760808866
2025-02-20,3.3576460573233087,1.3008644183902207,5.49321989508658,35760808866
2025-02-21,3.345658037337495,1.178980902398917,5.351630233352519,35760808866
2025-02-22,3.333670017351679,1.2346290916705767,5.342768444794182,35760808866
2025-02-23,3.3216819973658653,1.2577603285704073,5.391104285568565,35760808866
2025-02-24,3.30969397738005,1.2014784352725487,5.415890521755533,35760808866
2025-02-25,3.2977059573942356,1.1322140174947872,5.364079399269665,35760808866
2025-02-26,3.28571793740842,1.127793421941417,5.481018602261423,35760808866
2025-02-27,3.2737299174226067,1.331651605344232,5.338910156096997,35760808866
2025-02-28,3.2617418974367904,1.1856339232710789,5.297269048343461,35760808866
2025-03-01,3.249753877450977,1.2881694028951247,5.4793525162576096,35760808866
2025-03-02,3.2377658574651615,1.177105105571539,5.303693902509013,35760808866
2025-03-03,3.225777837479347,0.9905404181849954,5.270829221201258,35760808866
2025-03-04,3.2137898174935318,1.216115518755124,5.2643197555399155,35760808866
2025-03-05,3.201801797507718,0.9541238607388667,5.268185601909389,35760808866
2025-03-06,3.189813777521903,1.0843399126561004,5.225516634823987,35760808866
2025-03-07,3.1778257575360884,1.182485183483735,5.357603701981504,35760808866
2025-03-08,3.165837737550273,1.2339521902406643,5.085974028310743,35760808866
2025-03-09,3.1538497175644586,0.935532713891827,5.1022637383243366,35760808866
2025-03-10,3.1418616975786433,1.2985843240353223,5.002689340685722,35760808866
2025-03-11,3.1298736775928298,0.9731782171154774,5.092214672339718,35760808866
2025-03-12,3.1178856576070144,1.2305428342154945,5.275980935455916,35760808866
2025-03-13,3.1058976376212,1.1417521431813444,5.2537488636962495,35760808866
2025-03-14,3.0939096176353846,1.0292109586819527,5.161560271080509,35760808866
2025-03-15,3.081921597649571,1.0870610399827747,5.250141745960794,35760808866
2025-03-16,3.069933577663755,1.0454233930747776,5.080396890857516,35760808866
2025-03-17,3.0579455576779413,1.0988965766770777,5.141467497136721,35760808866
2025-01-28,5.003722538502387,5.0037225384973,5.003722538507848,35760809493
2025-01-29,5.007443085754792,5.007443085749281,5.0074430857603485,35760809493
2025-01-30,5.011163633007197,5.011163633001743,5.011163633012512,35760809493
2025-01-31,5.014884180259601,5.01488418025459,5.014884180265057,35760809493
2025-02-01,5.018604727512006,5.018604727506471,5.018604727517772,35760809493
2025-02-02,5.022325274764411,5.022325274758612,5.022325274769692,35760809493
2025-02-03,5.026045822016815,5.026045822010924,5.026045822022127,35760809493
2025-02-04,5.029766369269219,5.029766369263458,5.029766369274261,35760809493
2025-02-05,5.033486916521625,5.033486916515259,5.0334869165273,35760809493
2025-02-06,5.037207463774029,5.037207463768966,5.0372074637797795,35760809493
2025-02-07,5.040928011026433,5.0409280110209815,5.040928011032073,35760809493
2025-02-08,5.044648558278837,5.044648558273212,5.044648558284237,35760809493
2025-02-09,5.0483691055312425,5.0483691055256825,5.048369105536948,35760809493
2025-02-10,5.052089652783646,5.052089652777847,5.0520896527889265,35760809493
2025-02-11,5.055810200036051,5.055810200030457,5.055810200042184,35760809493
2025-02-12,5.059530747288456,5.059530747282311,5.059530747294631,35760809493
2025-02-13,5.06325129454086,5.063251294534794,5.063251294547788,35760809493
2025-02-14,5.066971841793265,5.066971841787876,5.066971841799647,35760809493
2025-02-15,5.07069238904567,5.070692389039794,5.070692389051693,35760809493
2025-02-16,5.074412936298074,5.074412936291625,5.074412936303906,35760809493
2025-02-17,5.078133483550478,5.078133483544205,5.078133483556723,35760809493
2025-02-18,5.081854030802882,5.081854030796659,5.081854030809792,35760809493
2025-02-19,5.085574578055287,5.085574578048542,5.08557457806159,35760809493
2025-02-20,5.089295125307691,5.08929512530103,5.089295125314109,35760809493
2025-02-21,5.093015672560096,5.093015672553046,5.093015672566574,35760809493
2025-02-22,5.096736219812501,5.096736219805483,5.096736219819309,35760809493
2025-02-23,5.100456767064905,5.100456767058439,5.100456767071511,35760809493
2025-02-24,5.10417731431731,5.104177314310541,5.104177314324567,35760809493
2025-01-07,2.0070767367211353,2.0070767366171083,2.0070767368181777,35760809723
2025-01-08,2.0141529565013645,2.0141529564055074,2.0141529565995,35760809723
2025-01-09,2.021229176281594,2.0212291761827643,2.0212291763813632,35760809723
2025-01-10,2.028305396061824,2.028305395955039,2.0283053961609676,35760809723
2025-01-11,2.035381615842053,2.0353816157382547,2.0353816159405054,35760809723
2025-01-12,2.0424578356222827,2.0424578355124487,2.0424578357234258,35760809723
2025-01-13,2.049534055402512,2.049534055291171,2.0495340554955117,35760809723
2025-01-14,2.0566102751827415,2.0566102750723396,2.056610275291014,35760809723
2025-01-15,2.063686494962971,2.063686494851509,2.0636864950739446,35760809723
2025-01-16,2.0707627147432004,2.0707627146202743,2.0707627148549927,35760809723
2025-01-17,2.07783893452343,2.077838934400296,2.077838934638377,35760809723
2025-01-18,2.0849151543036593,2.084915154179094,2.0849151544178626,35760809723
2025-01-19,2.091991374083889,2.091991373947997,2.091991374203543,35760809723
2025-01-20,2.099067593864118,2.0990675937287095,2.0990675939853163,35760809723
2025-01-21,2.1061438136443478,2.1061438134988286,2.1061438137644983,35760809723
2025-01-22,2.1132200334245774,2.113220033282627,2.1132200335643923,35760809723
2025-01-23,2.1202962532048066,2.120296253073028,2.120296253340953,35760809723
2025-01-24,2.1273724729850363,2.127372472827249,2.12737247312926,35760809723
2025-01-25,2.1344486927652655,2.1344486926069823,2.134448692911399,35760809723
2025-01-26,2.141524912545495,2.141524912390506,2.1415249126865925,35760809723
2025-01-27,2.148601132325725,2.148601132152208,2.1486011324998047,35760809723
2025-01-28,2.155677352105954,2.1556773519233365,2.1556773522817174,35760809723
2025-01-29,2.1627535718861837,2.162753571664941,2.162753572061939,35760809723
2025-01-30,2.169829791666413,2.169829791334995,2.1698297918745126,35760809723
2025-01-31,2.1769060114466425,2.176906011036884,2.1769060116460692,35760809723
2025-02-01,2.1839822312268717,2.1839822307034984,2.1839822315370956,35760809723
2025-02-02,2.1910584510071014,2.191058450404594,2.19105845146152,35760809723
2025-02-03,2.198134670787331,2.1981346700295803,2.1981346713197607,35760809723
2025-02-11,1.319548877466607,0.9756319322834184,1.6674053586772792,35760810624
2025-02-12,1.3169471396451269,0.9531192034793935,1.6528325361109861,35760810624
2025-02-13,1.3143454018236465,0.9590167549435475,1.6843527505612355,35760810624
2025-02-14,1.3117436640021662,0.9309099490553969,1.674332808295348,35760810624
2025-02-15,1.3091419261806858,0.9526158120194532,1.663211059528269,35760810624
2025-02-16,1.3065401883592056,0.9427084099468536,1.6652179383613257,35760810624
2025-02-17,1.3039384505377252,0.9486960029774959,1.6626033676594214,35760810624
2025-02-18,1.3013367127162447,0.9614689673658916,1.666119954538285,35760810624
2025-02-19,1.2987349748947645,0.9321054978721725,1.6627857516126214,35760810624
2025-02-20,1.296133237073284,0.9334191356260348,1.6539273736341726,35760810624
2025-02-21,1.2935314992518039,0.9457711093184897,1.6330060519641714,35760810624
2025-02-22,1.2909297614303235,0.929736736470495,1.62720860016476,35760810624
2025-02-23,1.2883280236088432,0.9199966361677354,1.6350132231938346,35760810624
2025-02-24,1.2857262857873628,0.9145797439130035,1.6740561222455301,35760810624
2025-02-25,1.2831245479658824,0.9382800494556034,1.6569791010076242,35760810624
2025-02-26,1.2805228101444022,0.9086843790342378,1.6399215079384275,35760810624
2025-02-27,1.2779210723229217,0.9150388423734648,1.6314797723516732,35760810624
2025-02-28,1.2753193345014415,0.9064310951796514,1.6218169608093758,35760810624
2025-03-01,1.2727175966799606,0.9297911831205705,1.6402250118230355,35760810624
2025-03-02,1.2701158588584804,0.9240203190051586,1.6261595975139655,35760810624
2025-03-03,1.267514121037,0.9033950359016869,1.6109271156177911,35760810624
2025-03-04,1.2649123832155198,0.9019205781405524,1.619652418472894,35760810624
2025-03-05,1.2623106453940394,0.8959226008989918,1.6058802346398253,35760810624
2025-03-06,1.2597089075725592,0.899789001750855,1.611292814424364,35760810624
2025-03-07,1.2571071697510787,0.8953346674794634,1.619272561083607,35760810624
2025-03-08,1.2545054319295983,0.9173831238576846,1.6191709261022453,35760810624
2025-03-09,1.251903694108118,0.8907769695519567,1.6097274644805295,35760810624
2025-03-10,1.2493019562866376,0.8881989255517808,1.6115705584255549,35760810624
2025-02-18,12.483231433487747,9.708958027823314,15.77582978674568,35760811216
2025-02-19,12.4964741932191,8.99829000512827,15.5718286614406,35760811216
2025-02-20,12.509716952950455,9.081253359223355,15.563824432131106,35760811216
2025-02-21,12.522959712681812,9.329249702901878,15.761389734480524,35760811216
2025-02-22,12.536202472413168,9.323719685544438,15.782520489822764,35760811216
2025-02-23,12.549445232144521,9.450194582678993,15.789341365508834,35760811216
2025-02-24,12.562687991875876,9.41876482712841,15.929515279766102,35760811216
2025-02-25,12.575930751607231,9.507383494488328,16.294325407275288,35760811216
2025-02-26,12.589173511338586,9.423167105794423,15.841273406934896,35760811216
2025-02-27,12.60241627106994,9.185883041294497,15.784382703537416,35760811216
2025-02-28,12.615659030801297,9.398244963738625,15.813654581487853,35760811216
2025-03-01,12.628901790532652,9.292297565043322,15.83242920915845,35760811216
2025-03-02,12.642144550264007,9.289382407839177,15.820350856692531,35760811216
2025-03-03,12.65538730999536,9.416323687919972,15.957132435633467,35760811216
2025-03-04,12.668630069726717,9.420757642015783,15.797450504372973,35760811216
2025-03-05,12.681872829458072,9.764411764765024,16.087965111730284,35760811216
2025-03-06,12.695115589189427,9.402352381363208,15.973449756408453,35760811216
2025-03-07,12.70835834892078,9.51850597848157,16.047873424366106,35760811216
2025-03-08,12.721601108652138,9.410661323658424,16.053605830925576,35760811216
2025-03-09,12.734843868383493,9.52988482101668,16.030184627955748,35760811216
2025-03-10,12.748086628114848,9.349338799558891,16.008218918871975,35760811216
2025-03-11,12.761329387846201,9.398897304116078,15.938997946371238,35760811216
2025-03-12,12.774572147577558,9.401030607337573,16.015258341556716,35760811216
2025-03-13,12.787814907308912,9.80656771186176,16.110259668604797,35760811216
2025-03-14,12.801057667040265,9.287890880119777,16.08030743458256,35760811216
2025-03-15,12.814300426771622,9.474773058788715,15.838375704829804,35760811216
2025-03-16,12.827543186502977,9.444120174790248,15.928008840872419,35760811216
2025-03-17,12.840785946234332,9.65428061972734,16.128013662428742,35760811216
2023-10-31,2.126091936693122,2.1260919352298155,2.126091938188564,30181290347
2023-11-01,2.252185363281521,2.2521853617618555,2.2521853648020715,30181290347
2023-11-02,2.378278789869924,2.3782787884490273,2.3782787913912236,30181290347
2023-11-03,2.5043722164583233,2.5043722150151524,2.5043722180060546,30181290347
2023-11-04,2.6304656430467226,2.6304656415253054,2.6304656445182286,30181290347
2023-11-05,2.756559069635122,2.7565590680585204,2.7565590710971697,30181290347
2023-11-06,2.882652496223523,2.882652494652529,2.882652497688292,30181290347
2023-11-07,3.008745922811922,3.0087459211787437,3.0087459242878998,30181290347
2023-11-08,3.1348393494003233,3.1348393477852046,3.134839350986584,30181290347
2023-11-09,3.2609327759887226,3.260932774387643,3.260932777487768,30181290347
2023-11-10,3.3870262025771236,3.387026200988299,3.387026204114345,30181290347
2023-11-11,3.513119629165523,3.513119627576746,3.513119630833369,30181290347
2023-11-12,3.639213055753922,3.6392130540171195,3.639213057425965,30181290347
2023-11-13,3.7653064823423215,3.7653064804159704,3.7653064840526467,30181290347
2023-11-14,3.8913999089307225,3.8913999070195393,3.891399910654375,30181290347
2023-11-15,4.017493335519124,4.017493333590058,4.017493337316025,30181290347
2023-11-16,4.143586762107523,4.143586760269999,4.143586763953824,30181290347
2023-11-17,4.269680188695922,4.269680186654315,4.269680190469906,30181290347
2023-11-18,4.395773615284321,4.395773613198224,4.395773617240374,30181290347
2023-11-19,4.5218670418727225,4.521867039735977,4.521867043756462,30181290347
2023-11-20,4.6479604684611235,4.6479604663788034,4.647960470420582,30181290347
2023-11-21,4.774053895049523,4.774053892745756,4.774053897170779,30181290347
2023-11-22,4.900147321637922,4.900147319452399,4.900147323759925,30181290347
2023-11-23,5.026240748226321,5.026240745806948,5.0262407505143845,30181290347
2023-11-24,5.1523341748147224,5.152334172255513,5.152334177043369,30181290347
2023-11-25,5.278427601403122,5.278427598825245,5.278427603685187,30181290347
2023-11-26,5.404521027991523,5.404521025242218,5.404521030287385,30181290347
2023-11-27,5.530614454579922,5.53061445178378,5.530614456878625,30181290347
2024-10-15,3.939945058920251,1.5278646772732543,6.419672278509391,35797749988
2024-10-16,3.944022354487083,1.5818656089789174,6.400444157588641,35797749988
2024-10-17,3.948099650053916,1.633266266904665,6.325322194022254,35797749988
2024-10-18,3.9521769456207485,1.7449791748990238,6.152100187914398,35797749988
2024-10-19,3.9562542411875805,1.5087301973719736,6.389627340982632,35797749988
2024-10-20,3.960331536754413,1.5112822726802793,6.315163599129324,35797749988
2024-10-21,3.964408832321246,1.463272134259214,6.176338612450061,35797749988
2024-10-22,3.968486127888078,1.389819871225204,6.333861581422206,35797749988
2024-10-23,3.9725634234549103,1.4906990462106025,6.338631329690875,35797749988
2024-10-24,3.9766407190217423,1.502605348810895,6.363667424560033,35797749988
2024-10-25,3.980718014588575,1.5884582005994052,6.297515496640429,35797749988
2024-10-26,3.984795310155407,1.6366273137590512,6.399612517926354,35797749988
2024-10-27,3.98887260572224,1.6660616175536076,6.326183406148987,35797749988
2024-10-28,3.992949901289072,1.399284994317151,6.31363097458212,35797749988
2024-10-29,3.997027196855905,1.4638053449590755,6.453345164930761,35797749988
2024-10-30,4.001104492422737,1.6073111722410967,6.612919576417865,35797749988
2024-10-31,4.00518178798957,1.589654051206625,6.303177942376416,35797749988
2024-11-01,4.009259083556402,1.5916074646599392,6.401980056229068,35797749988
2024-11-02,4.013336379123235,1.6742752304602686,6.349425455465986,35797749988
2024-11-03,4.017413674690067,1.6060303231299846,6.552645326245694,35797749988
2024-11-04,4.021490970256899,1.4911728020525228,6.417756951778824,35797749988
2024-11-05,4.025568265823732,1.7772554950916286,6.422455963878074,35797749988
2024-11-06,4.029645561390565,1.751098179216561,6.24373308600671,35797749988
2024-11-07,4.033722856957396,1.6080235718952192,6.443855668203236,35797749988
2024-11-08,4.037800152524229,1.6539335668567732,6.478748670575152,35797749988
2024-11-09,4.0418774480910615,1.5748091487329148,6.648678074523513,35797749988
2024-11-10,4.0459547436578935,1.656741402197451,6.411082875440978,35797749988
2024-11-11,4.050032039224726,1.8586661911743618,6.598902964825226,35797749988
2025-03-04,4.707523562223691,1.646767315624111,8.186146455112326,4475480724
2025-03-05,4.783191121719848,1.3910782514164484,8.17792776223263,4475480724
2025-03-06,4.858858681216005,1.762183623180987,8.241409046968348,4475480724
2025-03-07,4.934526240712162,1.6455592664220668,8.011056586428289,4475480724
2025-03-08,5.0101938002083175,1.5815100207886053,8.152953479804085,4475480724
2025-03-09,5.085861359704478,1.8011986453700664,8.549175961480282,4475480724
2025-03-10,5.1615289192006335,1.8769635880970845,8.57954011372269,4475480724
2025-03-11,5.237196478696792,1.9968080515494804,8.806945741530216,4475480724
2025-03-12,5.3128640381929495,2.1453512532698906,8.560023766157222,4475480724
2025-03-13,5.388531597689107,1.886962109508387,8.572391805858086,4475480724
2025-03-14,5.464199157185264,2.1077468344113206,8.571415900737849,4475480724
2025-03-15,5.539866716681419,2.275905190123523,8.998413843526675,4475480724
2025-03-16,5.615534276177576,2.306536805115456,9.079578827873592,4475480724
2025-03-17,5.691201835673733,2.188761967749351,8.97118324525141,4475480724
2025-03-18,5.76686939516989,2.4703424725026024,8.92857758029876,4475480724
2025-03-19,5.842536954666049,2.415250822591933,9.143598553148683,4475480724
2025-03-20,5.918204514162206,2.7036395481967856,9.36938160016577,4475480724
2025-03-21,5.993872073658362,2.5547298851542153,9.266961684353353,4475480724
2025-03-22,6.069539633154519,2.618373248706017,9.482167199190197,4475480724
2025-03-23,6.145207192650676,2.8151334264617383,9.532627843807768,4475480724
2025-03-24,6.220874752146831,2.933914875010775,9.686388240159275,4475480724
2025-03-25,6.296542311642988,3.1292382827746197,9.638877604835484,4475480724
2025-03-26,6.3722098711391455,3.088920034808446,9.634199288775829,4475480724
2025-03-27,6.447877430635303,2.966122025479136,9.849542908657074,4475480724
2025-03-28,6.52354499013146,3.1581557197989603,9.985552499371076,4475480724
2025-03-29,6.599212549627615,3.3837428515185937,9.937170508240012,4475480724
2025-03-30,6.6748801091237775,3.4279588256165012,10.265732267054076,4475480724
2025-03-31,6.750547668619935,3.343436511560076,10.010006505679653,4475480724
2023-11-14,1.0,0.9999999985986587,1.0000000012316859,30227761388
2023-11-15,1.0,0.9999999986865453,1.0000000013346086,30227761388
2023-11-16,1.0,0.9999999987772009,1.0000000012610022,30227761388
2023-11-17,1.0,0.9999999988231157,1.0000000012223722,30227761388
2023-11-18,1.0,0.9999999987221577,1.000000001219688,30227761388
2023-11-19,1.0,0.9999999987052101,1.0000000013385002,30227761388
2023-11-20,1.0,0.999999998768492,1.000000001287569,30227761388
2023-11-21,1.0,0.9999999986601454,1.0000000013534984,30227761388
2023-11-22,1.0,0.9999999987409887,1.0000000012894956,30227761388
2023-11-23,1.0,0.9999999986998255,1.0000000013063755,30227761388
2023-11-24,1.0,0.9999999987011458,1.0000000012884673,30227761388
2023-11-25,1.0,0.9999999987064296,1.0000000012856871,30227761388
2023-11-26,1.0,0.9999999987586802,1.0000000012440777,30227761388
2023-11-27,1.0,0.9999999987987965,1.0000000013309105,30227761388
2023-11-28,1.0,0.9999999987319605,1.0000000012408843,30227761388
2023-11-29,1.0,0.9999999986751139,1.0000000012336347,30227761388
2023-11-30,1.0,0.9999999987715354,1.0000000012561394,30227761388
2023-12-01,1.0,0.999999998795578,1.000000001355003,30227761388
2023-12-02,1.0,0.9999999985961299,1.0000000013299044,30227761388
2023-12-03,1.0,0.9999999987378854,1.0000000013077672,30227761388
2023-12-04,1.0,0.9999999988351973,1.0000000012403933,30227761388
2023-12-05,1.0,0.9999999987998786,1.0000000013250856,30227761388
2023-12-06,1.0,0.9999999986897714,1.0000000013136212,30227761388
2023-12-07,1.0,0.9999999987403517,1.0000000013080868,30227761388
2023-12-08,1.0,0.9999999988019067,1.000000001318662,30227761388
2023-12-09,1.0,0.9999999987315695,1.0000000012492931,30227761388
2023-12-10,1.0,0.9999999987482313,1.000000001235523,30227761388
2023-12-11,1.0,0.9999999987549713,1.000000001290995,30227761388
2025-01-21,-41.21758875790534,-41.21758876428144,-41.21758875111779,30227761828
2025-01-22,-40.195975619816025,-40.19597562652958,-40.19597561288796,30227761828
2025-01-23,-39.03668485668477,-39.03668486398422,-39.03668484949493,30227761828
2025-01-24,-37.757366102291435,-37.75736611002852,-37.75736609478922,30227761828
2025-01-25,-36.380576818258305,-36.38057682630972,-36.38057681073099,30227761828
2025-01-26,-34.93308260893076,-34.933082617431566,-34.93308260057573,30227761828
2025-01-27,-33.44492605671064,-33.444926065807785,-33.444926048453944,30227761828
2025-01-28,-31.948281554907187,-31.94828156442941,-31.94828154557565,30227761828
2025-01-29,-30.476122667839505,-30.476122677518386,-30.47612265871195,30227761828
2025-01-30,-29.06073721059688,-29.06073722175718,-29.060737200209566,30227761828
2025-01-31,-27.732133199050864,-27.7321332122143,-27.732133189064314,30227761828
2025-02-01,-26.516385751314264,-26.51638576457027,-26.51638573953494,30227761828
2025-02-02,-25.433980636168883,-25.433980650789938,-25.433980621206103,30227761828
2025-02-03,-24.49821419814717,-24.498427856041438,-24.498061198877433,30227761828
2025-02-04,-23.71371161948911,-23.71406096175525,-23.71331578110051,30227761828
2025-02-05,-23.075125736978745,-23.07592438555726,-23.074521013853346,30227761828
2025-02-06,-22.566076801482772,-22.567261800243053,-22.565179314361675,30227761828
2025-02-07,-22.15838960215962,-22.159848462799133,-22.157153518151148,30227761828
2025-02-08,-21.811678292835886,-21.813504373516796,-21.8101083512173,30227761828
2025-02-09,-21.47332114712033,-21.475790680528622,-21.47132057193885,30227761828
2025-02-10,-21.07885748840826,-21.08199995087449,-21.076027028756368,30227761828
2025-02-11,-20.552827420546926,-20.55676114329134,-20.54959280194882,30227761828
2025-02-12,-19.810062016836987,-19.81479451194631,-19.806335550959265,30227761828
2025-02-13,-18.75741765267579,-18.762872228969247,-18.753075621652272,30227761828
2025-02-14,-17.29593359331767,-17.30191340547011,-17.291071175035825,30227761828
2025-02-15,-15.323377193618429,-15.3299796634464,-15.317943655404411,30227761828
2025-02-16,-12.737126603162313,-12.744242900713347,-12.730938020972287,30227761828
2025-02-17,-9.437327150109118,-9.445318238969685,-9.430534286272165,30227761828
2024-09-03,9.455194525322682,7.6411929010915225,11.278236411832376,30227763865
2024-09-04,9.672509716988454,7.910936755440168,11.377440669180801,30227763865
2024-09-05,9.88982490865423,8.047722889966252,11.748620332170413,30227763865
2024-09-06,10.107140100320013,8.220233756325008,11.850524938660133,30227763865
2024-09-07,10.324455291985785,8.475484599561394,12.070766808938647,30227763865
2024-09-08,10.541770483651561,8.733026953659506,12.3726972744191,30227763865
2024-09-09,10.759085675317333,9.115880567987254,12.70855552247867,30227763865
2024-09-10,10.97640086698311,9.144134513610018,12.78330094471428,30227763865
2024-09-11,11.193716058648874,9.464538216717205,12.987592927943897,30227763865
2024-09-12,11.411031250314647,9.670628706585436,13.162159652652164,30227763865
2024-09-13,11.628346441980423,9.833053446047295,13.507571145926725,30227763865
2024-09-14,11.845661633646213,10.287420317148126,13.622857481445138,30227763865
2024-09-15,12.062976825311988,10.284418179297543,13.839881062912083,30227763865
2024-09-16,12.280292016977754,10.495376805305629,14.174725150842498,30227763865
2024-09-17,12.497607208643526,10.65997727770965,14.211433239781135,30227763865
2024-09-18,12.714922400309302,10.86236408193109,14.571381978689422,30227763865
2024-09-19,12.932237591975074,11.244986552591824,14.685768852340864,30227763865
2024-09-20,13.14955278364085,11.22918676489799,14.953736545542597,30227763865
2024-09-21,13.366867975306622,11.562737564208296,15.177473534292568,30227763865
2024-09-22,13.584183166972405,11.910704526641386,15.278403683631847,30227763865
2024-09-23,13.801498358638181,12.020106985106024,15.632604193354538,30227763865
2024-09-24,14.018813550303953,12.226544021366278,15.833075429670652,30227763865
2024-09-25,14.236128741969726,12.573834664606022,15.967982942858763,30227763865
2024-09-26,14.453443933635501,12.721603223935487,16.24723164752415,30227763865
2024-09-27,14.670759125301277,12.838991302167274,16.465857831072633,30227763865
2024-09-28,14.888074316967042,13.158934607155969,16.779973921622787,30227763865
2024-09-29,15.105389508632815,13.305784535036187,16.968515394106607,30227763865
2024-09-30,15.322704700298605,13.601559492392049,17.168254252018183,30227763865
2024-08-27,3.019164562056886,3.0191645615150953,3.0191645626688457,30227765347
2024-08-28,3.038350866404878,3.0383508658374914,3.038350867023775,30227765347
2024-08-29,3.0575371707528727,3.057537170212301,3.0575371713397925,30227765347
2024-08-30,3.076723475100866,3.0767234745335803,3.076723475638583,30227765347
2024-08-31,3.095909779448858,3.095909778842285,3.0959097800081756,30227765347
2024-09-01,3.1150960837968515,3.1150960832057843,3.115096084341716,30227765347
2024-09-02,3.1342823881448463,3.1342823875609467,3.134282388702623,30227765347
2024-09-03,3.1534686924928383,3.153468691899176,3.153468693060091,30227765347
2024-09-04,3.1726549968408317,3.1726549963263775,3.1726549973802545,30227765347
2024-09-05,3.191841301188824,3.1918413006323747,3.191841301760429,30227765347
2024-09-06,3.211027605536817,3.2110276049353863,3.211027606152549,30227765347
2024-09-07,3.230213909884812,3.230213909264228,3.2302139104662144,30227765347
2024-09-08,3.249400214232804,3.2494002136653797,3.2494002148219687,30227765347
2024-09-09,3.2685865185807974,3.2685865179938434,3.26858651914513,30227765347
2024-09-10,3.287772822928791,3.287772822288905,3.287772823498905,30227765347
2024-09-11,3.306959127276784,3.306959126676271,3.306959127879201,30227765347
2024-09-12,3.3261454316247776,3.326145431026673,3.326145432186203,30227765347
2024-09-13,3.345331735972771,3.345331735375038,3.345331736559503,30227765347
2024-09-14,3.364518040320763,3.3645180397686034,3.364518040927914,30227765347
2024-09-15,3.3837043446687565,3.383704344052447,3.383704345252195,30227765347
2024-09-16,3.402890649016751,3.4028906484625367,3.4028906496132665,30227765347
2024-09-17,3.4220769533647433,3.42207695278404,3.4220769539467737,30227765347
2024-09-18,3.4412632577127367,3.441263257132911,3.4412632583214195,30227765347
2024-09-19,3.4604495620607287,3.4604495614927218,3.4604495626678644,30227765347
2024-09-20,3.4796358664087235,3.4796358658145876,3.479635867008318,30227765347
2024-09-21,3.498822170756717,3.498822170101559,3.498822171348436,30227765347
2024-09-22,3.5180084751047094,3.518008474466367,3.5180084757095793,30227765347
2024-09-23,3.5371947794527028,3.537194778801657,3.537194780046531,30227765347
2024-08-27,5.958620106394081,3.6255323857653967,8.195640733439683,3022776581
2024-08-28,5.965878133938601,3.6401915889842122,8.124424866052623,3022776581
2024-08-29,5.973136161483121,3.7040003528261476,8.36065586451748,3022776581
2024-08-30,5.980394189027641,3.7402950997936983,8.242148434583063,3022776581
2024-08-31,5.987652216572162,3.7123983009017625,8.347498894091611,3022776581
2024-09-01,5.994910244116682,3.6460985611175505,8.426059489905603,3022776581
2024-09-02,6.002168271661202,3.577503240946014,8.234743364102462,3022776581
2024-09-03,6.009426299205723,3.717401802109205,8.365800616502522,3022776581
2024-09-04,6.0166843267502435,3.6076457302507783,8.30842304190205,3022776581
2024-09-05,6.023942354294763,3.683719548576013,8.349307977890676,3022776581
2024-09-06,6.031200381839285,3.9309487443583144,8.16530555974064,3022776581
2024-09-07,6.0384584093838045,3.6794870309221976,8.511922555719266,3022776581
2024-09-08,6.045716436928325,3.605820980684033,8.260719439870813,3022776581
2024-09-09,6.052974464472846,3.8391680486453135,8.367500773037026,3022776581
2024-09-10,6.060232492017365,3.590028322795661,8.205500327473244,3022776581
2024-09-11,6.067490519561886,3.7096031754135366,8.363730523281644,3022776581
2024-09-12,6.074748547106406,3.8333852814257856,8.338866007700295,3022776581
2024-09-13,6.082006574650927,3.955537460437067,8.222815883315324,3022776581
2024-09-14,6.089264602195447,3.954214594759437,8.424741537343843,3022776581
2024-09-15,6.096522629739967,3.6975710025536657,8.386723498422448,3022776581
2024-09-16,6.103780657284488,3.778109039094081,8.533253506793454,3022776581
2024-09-17,6.111038684829008,3.7349324779140005,8.443252062316992,3022776581
2024-09-18,6.118296712373528,3.834517571530362,8.529707322649374,3022776581
2024-09-19,6.125554739918049,3.755459454591966,8.417215631830707,3022776581
2024-09-20,6.1328127674625685,3.973013298505026,8.346611846955254,3022776581
2024-09-21,6.140070795007089,3.7231700160121908,8.507162936071278,3022776581
2024-09-22,6.14732882255161,3.7771006360564128,8.600793477030434,3022776581
2024-09-23,6.15458685009613,3.9363776810099798,8.512016960543336,3022776581
2025-01-21,-6.344109718620928,-8.344855435804888,-4.4923157895514985,30227766812
2025-01-22,-6.416198095894716,-8.565164447903783,-4.345048272422879,30227766812
2025-01-23,-6.488286473168504,-8.561044433945959,-4.515002117826687,30227766812
2025-01-24,-6.560374850442283,-8.462682696173042,-4.691103707456698,30227766812
2025-01-25,-6.6324632277160696,-8.75847000584062,-4.636802411045154,30227766812
2025-01-26,-6.704551604989856,-8.675006173881233,-4.680811927085883,30227766812
2025-01-27,-6.776639982263644,-8.867084425083407,-4.827952265165689,30227766812
2025-01-28,-6.848728359537432,-8.813395314167103,-4.825717079553597,30227766812
2025-01-29,-6.920816736811219,-8.877415002444481,-5.069102645660257,30227766812
2025-01-30,-6.992905114084998,-9.087470733804592,-4.98005950921028,30227766812
2025-01-31,-7.064993491358784,-9.084171929898574,-5.05113711032872,30227766812
2025-02-01,-7.137081868632572,-9.129860870174037,-5.031572790429588,30227766812
2025-02-02,-7.2091702459063605,-9.241122728144063,-5.233638251461541,30227766812
2025-02-03,-7.281258623180147,-9.38976389602796,-5.412083360272916,30227766812
2025-02-04,-7.353347000453933,-9.365598872327295,-5.217793061693167,30227766812
2025-02-05,-7.425435377727721,-9.392506866201769,-5.447956947338368,30227766812
2025-02-06,-7.497523755001501,-9.458982320156226,-5.58915539908858,30227766812
2025-02-07,-7.569612132275289,-9.631179203447202,-5.547325745963979,30227766812
2025-02-08,-7.641700509549075,-9.617255312686007,-5.651611634581572,30227766812
2025-02-09,-7.7137888868228615,-9.882348698830821,-5.733888420928519,30227766812
2025-02-10,-7.78587726409665,-9.851185027157719,-5.7066196795343425,30227766812
2025-02-11,-7.857965641370438,-9.868136637295807,-5.752109705912337,30227766812
2025-02-12,-7.930054018644217,-9.975280513941836,-6.082718669482245,30227766812
2025-02-13,-8.002142395918003,-9.985570331856758,-5.981879006336324,30227766812
2025-02-14,-8.07423077319179,-10.126239124891514,-5.984316838739422,30227766812
2025-02-15,-8.146319150465578,-10.139897053149726,-6.069292989959483,30227766812
2025-02-16,-8.218407527739366,-10.180378764563665,-6.193925379158,30227766812
2025-02-17,-8.290495905013152,-10.303163790900774,-6.277696215879324,30227766812
2025-01-14,3.696194824712158,3.696194824561528,3.696194824861297,3022776731
2025-01-15,3.686947958982679,3.68694795883833,3.6869479591282754,3022776731
2025-01-16,3.677701093253203,3.6777010931058074,3.677701093395163,3022776731
2025-01-17,3.6684542275237253,3.6684542273680165,3.668454227667812,3022776731
2025-01-18,3.6592073617942478,3.6592073616479386,3.659207361937998,3022776731
2025-01-19,3.6499604960647702,3.6499604959138616,3.649960496217353,3022776731
2025-01-20,3.6407136303352927,3.640713630182273,3.640713630484467,3022776731
2025-01-21,3.631466764605815,3.6314667644541343,3.6314667647612913,3022776731
2025-01-22,3.6222198988763377,3.6222198987192527,3.6222198990288272,3022776731
2025-01-23,3.61297303314686,3.6129730329823464,3.612973033303555,3022776731
2025-01-24,3.6037261674173826,3.6037261672608913,3.6037261675794134,3022776731
2025-01-25,3.594479301687905,3.5944793015269942,3.594479301837601,3022776731
2025-01-26,3.585232435958429,3.5852324357994347,3.5852324361163737,3022776731
2025-01-27,3.57598557022895,3.5759855700697667,3.5759855704005803,3022776731
2025-01-28,3.5667387044994725,3.5667387043304495,3.566738704663557,3022776731
2025-01-29,3.557491838769995,3.5574918386032106,3.557491838935119,3022776731
2025-01-30,3.548244973040519,3.5482449728772725,3.548244973209181,3022776731
2025-01-31,3.53899810731104,3.5389981071660097,3.538998107487708,3022776731
2025-02-01,3.5297512415815624,3.5297512414163412,3.5297512417561387,3022776731
2025-02-02,3.520504375852086,3.5205043756923953,3.5205043760096264,3022776731
2025-02-03,3.5112575101226087,3.511257509959111,3.511257510292863,3022776731
2025-02-04,3.50201064439313,3.5020106442289554,3.5020106445714774,3022776731
2025-02-05,3.4927637786636536,3.4927637784874253,3.492763778830513,3022776731
2025-02-06,3.483516912934176,3.4835169127461767,3.4835169131147183,3022776731
2025-02-07,3.4742700472046986,3.4742700470306573,3.4742700473857813,3022776731
2025-02-08,3.4650231814752197,3.465023181273279,3.4650231816533132,3022776731
2025-02-09,3.4557763157457435,3.4557763155606813,3.4557763159360544,3022776731
2025-02-10,3.446529450016266,3.4465294498322634,3.4465294502076405,3022776731
2024-09-03,1.0057931617121816,1.0057931609844568,1.0057931624369207,30227767831
2024-09-04,1.0115671120224543,1.0115671113079596,1.0115671127813253,30227767831
2024-09-05,1.0173410623327261,1.0173410616429106,1.0173410630229354,30227767831
2024-09-06,1.023115012642998,1.0231150119241506,1.0231150133685418,30227767831
2024-09-07,1.0288889629532707,1.0288889622764048,1.0288889637261358,30227767831
2024-09-08,1.0346629132635425,1.0346629125491322,1.0346629139925663,30227767831
2024-09-09,1.0404368635738144,1.0404368628295293,1.0404368643216724,30227767831
2024-09-10,1.046210813884087,1.0462108131981935,1.04621081466549,30227767831
2024-09-11,1.051984764194359,1.0519847634944666,1.051984764900585,30227767831
2024-09-12,1.0577587145046308,1.0577587137403457,1.0577587152327348,30227767831
2024-09-13,1.0635326648149026,1.0635326640853715,1.0635326655028783,30227767831
2024-09-14,1.0693066151251744,1.069306614371563,1.06930661581743,30227767831
2024-09-15,1.0750805654354463,1.0750805646721293,1.0750805661383676,30227767831
2024-09-16,1.08085451574572,1.0808545150765374,1.0808545164738543,30227767831
2024-09-17,1.0866284660559917,1.0866284653140768,1.0866284667814605,30227767831
2024-09-18,1.0924024163662636,1.0924024156395908,1.0924024170928537,30227767831
2024-09-19,1.0981763666765354,1.0981763659167207,1.0981763674329297,30227767831
2024-09-20,1.1039503169868072,1.1039503162930075,1.1039503177437389,30227767831
2024-09-21,1.109724267297079,1.1097242665276839,1.1097242680222124,30227767831
2024-09-22,1.1154982176073518,1.1154982168327179,1.115498218345452,30227767831
2024-09-23,1.1212721679176236,1.121272167173272,1.12127216864677,30227767831
2024-09-24,1.1270461182278955,1.1270461173885722,1.1270461190139902,30227767831
2024-09-25,1.1328200685381682,1.1328200677354678,1.1328200692842043,30227767831
2024-09-26,1.13859401884844,1.1385940180861387,1.1385940195258462,30227767831
2024-09-27,1.1443679691587119,1.1443679684490873,1.1443679698787133,30227767831
2024-09-28,1.1501419194689846,1.1501419187504194,1.1501419202237428,30227767831
2024-09-29,1.1559158697792569,1.1559158690593836,1.1559158705365873,30227767831
2024-09-30,1.1616898200895287,1.1616898193254623,1.1616898208164295,30227767831
2024-12-24,3.7982610853365286,2.581585138396952,5.113181987187627,30227768349
2024-12-25,3.8062811969610535,2.432600713583567,5.1672055752029165,30227768349
2024-12-26,3.8143013085855784,2.5326578890002076,5.096249430517411,30227768349
2024-12-27,3.822321420210102,2.5851339059766585,5.1111636206413555,30227768349
2024-12-28,3.830341531834627,2.4982505053935435,5.144190797395009,30227768349
2024-12-29,3.838361643459152,2.4600773752653535,5.2237842320457935,30227768349
2024-12-30,3.846381755083677,2.541725620398186,5.112199030107471,30227768349
2024-12-31,3.8544018667082,2.5183300645547053,5.193564884950503,30227768349
2025-01-01,3.862421978332725,2.5725060951921224,5.211372516958663,30227768349
2025-01-02,3.87044208995725,2.60761351880273,5.16188487698402,30227768349
2025-01-03,3.878462201581773,2.5732625481683318,5.196096401823086,30227768349
2025-01-04,3.886482313206298,2.574217526216008,5.190260209574751,30227768349
2025-01-05,3.8945024248308227,2.613001645455809,5.1839621370032605,30227768349
2025-01-06,3.9025225364553475,2.594206387155143,5.103254923195033,30227768349
2025-01-07,3.9105426480798715,2.536222385630831,5.201774785103192,30227768349
2025-01-08,3.9185627597043973,2.6238122860778472,5.164721567212086,30227768349
2025-01-09,3.9265828713289213,2.6391622543914077,5.134291481078868,30227768349
2025-01-10,3.934602982953446,2.6266024092961686,5.236784750047786,30227768349
2025-01-11,3.94262309457797,2.7230372016253224,5.253091842414857,30227768349
2025-01-12,3.950643206202495,2.6681772095446212,5.1509542147347736,30227768349
2025-01-13,3.95866331782702,2.7355045550118215,5.266935441018462,30227768349
2025-01-14,3.9666834294515447,2.7397833863307532,5.210229841306669,30227768349
2025-01-15,3.9747035410760696,2.693172685837166,5.257599140937257,30227768349
2025-01-16,3.9827236527005927,2.6688581761314247,5.285162730959246,30227768349
2025-01-17,3.9907437643251176,2.7293019911376493,5.319168802632449,30227768349
2025-01-18,3.9987638759496424,2.6618382687481357,5.372827177095911,30227768349
2025-01-19,4.006783987574167,2.710000882426902,5.300794405283041,30227768349
2025-01-20,4.01480409919869,2.7628495271652223,5.204464346765618,30227768349
2025-01-21,-3.556764524170792,-6.286646754655563,-0.7630096532797389,30227768888
2025-01-22,-3.604926754193008,-6.638366375529385,-0.754468562849596,30227768888
2025-01-23,-3.653088984215221,-6.6229406028175,-0.9080430481271569,30227768888
2025-01-24,-3.70125121423744,-6.569866075957773,-0.8490814201135081,30227768888
2025-01-25,-3.749413444259656,-6.670443173651739,-0.8908974102766534,30227768888
2025-01-26,-3.797575674281872,-6.698792455245752,-0.9167912624621088,30227768888
2025-01-27,-3.845737904304088,-6.565642575280981,-1.0082970080082343,30227768888
2025-01-28,-3.8939001343263038,-6.767859860435905,-0.9654034198895705,30227768888
2025-01-29,-3.942062364348517,-6.713781597406018,-1.1588710535001137,30227768888
2025-01-30,-3.990224594370733,-6.94440890629516,-0.8895923239299434,30227768888
2025-01-31,-4.0383868243929495,-6.935380727231902,-1.0106317020124322,30227768888
2025-02-01,-4.086549054415168,-7.169097223732044,-1.2363805432133101,30227768888
2025-02-02,-4.134711284437384,-7.068643169726266,-1.3283995835967348,30227768888
2025-02-03,-4.182873514459597,-7.016083298759897,-1.2862856775211546,30227768888
2025-02-04,-4.231035744481813,-6.961138740673257,-1.4168570953489692,30227768888
2025-02-05,-4.279197974504029,-7.07978274168977,-1.4031218523234532,30227768888
2025-02-06,-4.327360204526245,-7.071397295239948,-1.2569746395698986,30227768888
2025-02-07,-4.375522434548461,-7.138388742979804,-1.3531806611204125,30227768888
2025-02-08,-4.423684664570675,-7.101840717311904,-1.5323297360346209,30227768888
2025-02-09,-4.471846894592893,-7.497533607147535,-1.7827029293380454,30227768888
2025-02-10,-4.520009124615109,-7.358243078337448,-1.6527877896969503,30227768888
2025-02-11,-4.568171354637325,-7.5728659628802735,-1.6945354836127224,30227768888
2025-02-12,-4.616333584659541,-7.626634880622038,-1.7318740858181794,30227768888
2025-02-13,-4.664495814681757,-7.555584015846981,-1.830944124703103,30227768888
2025-02-14,-4.7126580447039705,-7.436590588777475,-1.9079572895610328,30227768888
2025-02-15,-4.7608202747261865,-7.574698169647796,-1.740713702979225,30227768888
2025-02-16,-4.8089825047484025,-7.8602676141568795,-1.903186669357689,30227768888
2025-02-17,-4.857144734770621,-7.681124313631626,-1.9001923125683136,30227768888
2024-09-10,2.5478523307833587,0.4520678366142203,4.562336710876444,30227769326
2024-09-11,2.5293226533546687,0.5416572694412061,4.502925786374455,30227769326
2024-09-12,2.510792975925982,0.4433155552528914,4.525534935412031,30227769326
2024-09-13,2.4922632984972974,0.46134026194480765,4.5329824455770025,30227769326
2024-09-14,2.4737336210686127,0.6616845972368307,4.577556658678433,30227769326
2024-09-15,2.4552039436399227,0.530854348154165,4.526851356960125,30227769326
2024-09-16,2.436674266211236,0.4002118783423237,4.406625046957212,30227769326
2024-09-17,2.4181445887825497,0.27435209441369457,4.416583935711684,30227769326
2024-09-18,2.399614911353863,0.33298383037769946,4.461849005932189,30227769326
2024-09-19,2.381085233925175,0.29470785136757666,4.35094394854527,30227769326
2024-09-20,2.36255555649649,0.2862354224129353,4.33244335476671,30227769326
2024-09-21,2.3440258790678037,0.49076831585374203,4.430755703206205,30227769326
2024-09-22,2.325496201639117,0.22088850540129687,4.216676208951773,30227769326
2024-09-23,2.306966524210429,0.2182952431346422,4.285837188109809,30227769326
2024-09-24,2.2884368467817406,0.29059546787698576,4.367389506095715,30227769326
2024-09-25,2.269907169353056,0.33478863655977015,4.290911571460031,30227769326
2024-09-26,2.2513774919243676,0.335875125291077,4.179479197168636,30227769326
2024-09-27,2.2328478144956794,0.16925344899721095,4.102119481078333,30227769326
2024-09-28,2.2143181370669947,0.11291019018018139,4.27468115700232,30227769326
2024-09-29,2.19578845963831,0.17234269255107468,4.30246562104694,30227769326
2024-09-30,2.1772587822096217,0.1637674910091891,4.206194832602825,30227769326
2024-10-01,2.1587291047809334,0.14982806559960146,4.142610155573514,30227769326
2024-10-02,2.140199427352247,0.13734556081865595,4.102859115667467,30227769326
2024-10-03,2.1216697499235604,0.15557327475913177,4.200743130766563,30227769326
2024-10-04,2.103140072494874,0.1386231167217261,4.023556992193327,30227769326
2024-10-05,2.0846103950661874,0.17188678449766182,4.169652186832631,30227769326
2024-10-06,2.066080717637501,0.12089107682440987,4.162904530178966,30227769326
2024-10-07,2.0475510402088144,0.10728345387053952,3.9391078311647014,30227769326
2024-09-10,2.1428587199999996,2.1428587199998868,2.1428587200001146,30227769849
2024-09-11,2.2857157800000003,2.285715779762569,2.285715780829922,30227769849
2024-09-12,2.42857284,2.428572838404655,2.4285728425479913,30227769849
2024-09-13,2.5714299,2.571429896565742,2.571429905027165,30227769849
2024-09-14,2.71428696,2.7142869541364023,2.714286968134844,30227769849
2024-09-15,2.85714402,2.857144010385338,2.857144031745883,30227769849
2024-09-16,3.0000010799999997,3.0000010668708184,3.000001095193776,30227769849
2024-09-17,3.1428581399999995,3.1428581234104405,3.142858159921766,30227769849
2024-09-18,3.2857151999999994,3.285715179400695,3.285715223696769,30227769849
2024-09-19,3.4285722599999993,3.4285722344375125,3.428572288788717,30227769849
2024-09-20,3.57142932,3.5714292897408315,3.5714293550761176,30227769849
2024-09-21,3.71428638,3.7142863454357307,3.714286422054578,30227769849
2024-09-22,3.8571434399999998,3.857143401178111,3.8571434865609757,30227769849
2024-09-23,4.0000005,4.00000045704959,4.00000055287225,30227769849
2024-09-24,4.1428575599999995,4.142857511499606,4.142857618445104,30227769849
2024-09-25,4.285714619999999,4.285714565724331,4.285714684909247,30227769849
2024-09-26,4.428571679999999,4.428571620253587,4.428571750314557,30227769849
2024-09-27,4.57142874,4.571428671849615,4.571428818643354,30227769849
2024-09-28,4.7142858,4.714285724582802,4.714285886465633,30227769849
2024-09-29,4.85714286,4.857142777820589,4.857142952767691,30227769849
2024-09-30,4.99999992,4.9999998307155735,5.000000021717498,30227769849
2024-10-01,5.14285698,5.142856881940188,5.142857090390414,30227769849
2024-10-02,5.285714039999999,5.285713932912404,5.2857141592564805,30227769849
2024-10-03,5.4285711,5.428570984624408,5.42857122712911,30227769849
2024-10-04,5.571428159999999,5.5714280381902554,5.571428295172473,30227769849
2024-10-05,5.71428522,5.714285091722479,5.714285361224877,30227769849
2024-10-06,5.857142279999999,5.857142145417235,5.857142430603906,30227769849
2024-10-07,5.99999934,5.9999991991280535,5.999999500306574,30227769849
2024-08-13,2.53923024267655,1.967461418671491,3.121297799903605,30323747828
2024-08-14,2.5393476407913265,1.953242312779791,3.1314892469747457,30323747828
2024-08-15,2.539465038906103,2.0180534455056556,3.1048019251115546,30323747828
2024-08-16,2.53958243702088,1.98947554685456,3.1030274819503765,30323747828
2024-08-17,2.539699835135657,1.9901568081739343,3.116119948686113,30323747828
2024-08-18,2.539817233250434,1.9991271642789845,3.1437473578124133,30323747828
2024-08-19,2.5399346313652105,1.9937474697350208,3.1273749639157638,30323747828
2024-08-20,2.5400520294799875,1.970736734540673,3.0820152228962954,30323747828
2024-08-21,2.540169427594764,1.9266291089112195,3.141086704082972,30323747828
2024-08-22,2.540286825709541,1.9817470359701743,3.1165226602421496,30323747828
2024-08-23,2.540404223824318,1.9963014020375232,3.1030781931404645,30323747828
2024-08-24,2.5405216219390945,1.9577535129272003,3.0641037820924852,30323747828
2024-08-25,2.5406390200538715,1.9516319622797893,3.062901407730053,30323747828
2024-08-26,2.540756418168648,1.951383341784531,3.091183272717429,30323747828
2024-08-27,2.5408738162834252,1.9490810942992183,3.1235469868457746,30323747828
2024-08-28,2.540991214398202,1.936081750388596,3.069921874098924,30323747828
2024-08-29,2.5411086125129785,1.9625628939948974,3.081841771039563,30323747828
2024-08-30,2.5412260106277555,1.9673238092095287,3.096972911074417,30323747828
2024-08-31,2.541343408742532,1.995031899080553,3.1148127220743436,30323747828
2024-09-01,2.5414608068573092,1.982858327122511,3.0916401781117293,30323747828
2024-09-02,2.541578204972086,1.9447671869783945,3.1188822286761972,30323747828
2024-09-03,2.541695603086863,1.9851861461628069,3.1241113058578294,30323747828
2024-09-04,2.5418130012016396,1.9940950004535756,3.143855986468802,30323747828
2024-09-05,2.541930399316416,2.0265930241224424,3.1241025454757216,30323747828
2024-09-06,2.5420477974311932,1.9875897442599237,3.111798173491539,30323747828
2024-09-07,2.54216519554597,1.9701695450504872,3.1021416628683944,30323747828
2024-09-08,2.542282593660747,1.9816073546835742,3.1202756060166736,30323747828
2024-09-09,2.5423999917755236,1.9702844162695123,3.0915245883861417,30323747828
2025-01-28,7.957819494538383,7.675121226143744,8.220212663844839,30323761316
2025-01-29,7.994438423107641,7.725485947413461,8.273726207482982,30323761316
2025-01-30,8.0310573516769,7.750177448207252,8.30418642190826,30323761316
2025-01-31,8.067676280246157,7.779768314525824,8.330720081771926,30323761316
2025-02-01,8.104295208815419,7.825758111470778,8.3840950250178,30323761316
2025-02-02,8.140914137384677,7.880306150740869,8.420794080068129,30323761316
2025-02-03,8.177533065953938,7.907612445082157,8.469564727309995,30323761316
2025-02-04,8.214151994523196,7.938763351353766,8.47841302615156,30323761316
2025-02-05,8.250770923092453,7.977718978303119,8.540190483987269,30323761316
2025-02-06,8.287389851661715,8.023760562170866,8.569046432907864,30323761316
2025-02-07,8.324008780230972,8.05675613576853,8.574499785959587,30323761316
2025-02-08,8.36062770880023,8.07592017031912,8.638640338248699,30323761316
2025-02-09,8.397246637369488,8.129548020774397,8.682260987892363,30323761316
2025-02-10,8.43386556593875,8.159605898191293,8.693289143839156,30323761316
2025-02-11,8.470484494508007,8.214401051229885,8.755119174050384,30323761316
2025-02-12,8.507103423077272,8.23670947227178,8.780875365941961,30323761316
2025-02-13,8.54372235164653,8.257526162005348,8.806751030104557,30323761316
2025-02-14,8.580341280215787,8.301835969500484,8.860333160597795,30323761316
2025-02-15,8.616960208785045,8.341150541909096,8.895550608646849,30323761316
2025-02-16,8.653579137354306,8.368406247378813,8.92070047822086,30323761316
2025-02-17,8.690198065923564,8.410637491619632,8.981091962847044,30323761316
2025-02-18,8.726816994492822,8.462641155204045,9.006124454937524,30323761316
2025-02-19,8.76343592306208,8.499926789164919,9.039436209340417,30323761316
2025-02-20,8.80005485163134,8.538566877004639,9.079346063599216,30323761316
2025-02-21,8.836673780200602,8.57635778636819,9.117615224089581,30323761316
2025-02-22,8.87329270876986,8.588777824476686,9.150996138495325,30323761316
2025-02-23,8.909911637339118,8.640128057144524,9.174853245093013,30323761316
2025-02-24,8.946530565908377,8.674711109381015,9.214107431646577,30323761316
2024-08-27,1.9449019068263995,1.53435198417967,2.3422732366074928,30323764884
2024-08-28,1.9297182978131522,1.541608214431138,2.3486394261784764,30323764884
2024-08-29,1.9145346887999066,1.509105147474456,2.3612374432877794,30323764884
2024-08-30,1.899351079786662,1.505556434947677,2.350522326819067,30323764884
2024-08-31,1.8841674707734155,1.4899564090206248,2.330868163882151,30323764884
2024-09-01,1.868983861760169,1.4752592661132837,2.294572847492336,30323764884
2024-09-02,1.8538002527469235,1.4320130482614275,2.2494509545818686,30323764884
2024-09-03,1.838616643733677,1.4111351679113386,2.250871259093727,30323764884
2024-09-04,1.8234330347204324,1.4187672776165585,2.235820670331521,30323764884
2024-09-05,1.808249425707186,1.382761188948614,2.19565757901448,30323764884
2024-09-06,1.7930658166939395,1.397181274411826,2.2117017240400307,30323764884
2024-09-07,1.777882207680694,1.3526686530904863,2.1862875149333423,30323764884
2024-09-08,1.7626985986674493,1.3648357652556091,2.15900977445649,30323764884
2024-09-09,1.747514989654201,1.349723677893922,2.1632798127341264,30323764884
2024-09-10,1.7323313806409564,1.3382646690375914,2.1512939749752773,30323764884
2024-09-11,1.7171477716277108,1.3176710775394513,2.127010767693633,30323764884
2024-09-12,1.7019641626144644,1.304322955156261,2.11600951673469,30323764884
2024-09-13,1.686780553601218,1.2549821021873946,2.0794305759075002,30323764884
2024-09-14,1.6715969445879733,1.2372982981489322,2.0894242313252236,30323764884
2024-09-15,1.6564133355747268,1.2401189145419256,2.0510457537956692,30323764884
2024-09-16,1.6412297265614813,1.2218561387981595,2.057073980936831,30323764884
2024-09-17,1.626046117548234,1.20748806969909,2.0173575079795847,30323764884
2024-09-18,1.6108625085349884,1.2144864186275566,2.0312015900551152,30323764884
2024-09-19,1.5956788995217437,1.1706270027390577,2.014758851896444,30323764884
2024-09-20,1.5804952905084972,1.1704909351308752,1.9756865898518188,30323764884
2024-09-21,1.5653116814952508,1.1499680020062795,1.970334914460595,30323764884
2024-09-22,1.5501280724820052,1.1476424989605607,1.9293142297995216,30323764884
2024-09-23,1.534944463468758,1.1269266320066706,1.9705272313911686,30323764884
2025-02-25,1.5536341454376545,0.5619144004600001,2.5544198739075057,4486038235
2025-02-26,1.6239542342539677,0.5741419042205496,2.624228669382487,4486038235
2025-02-27,1.6942743230702817,0.6173445191064162,2.6707053150224582,4486038235
2025-02-28,1.7645944118865975,0.7933761642164019,2.7359222735255737,4486038235
2025-03-01,1.8349145007029106,0.8231398691200642,2.797125343517996,4486038235
2025-03-02,1.9052345895192246,0.9195201943252066,2.8495835394381266,4486038235
2025-03-03,1.9755546783355387,0.9781325762189693,2.905737744234322,4486038235
2025-03-04,2.045874767151852,1.1154099540808344,3.047772059201208,4486038235
2025-03-05,2.116194855968165,1.1144981309591928,3.1583058349575555,4486038235
2025-03-06,2.186514944784479,1.2157182056402975,3.186869258244191,4486038235
2025-03-07,2.256835033600794,1.2681212397080972,3.328145748298259,4486038235
2025-03-08,2.327155122417107,1.3020673893514643,3.341447668430108,4486038235
2025-03-09,2.397475211233421,1.3905057530791574,3.353866154049752,4486038235
2025-03-10,2.467795300049734,1.4438414619253916,3.47120246089973,4486038235
2025-03-11,2.538115388866048,1.557957559939859,3.5697658582400997,4486038235
2025-03-12,2.6084354776823613,1.6389899302118183,3.7055007879043442,4486038235
2025-03-13,2.6787555664986753,1.719543857682898,3.6968570233894713,4486038235
2025-03-14,2.749075655314991,1.7253676989261146,3.7780748382316736,4486038235
2025-03-15,2.8193957441313042,1.8630575853242857,3.781855119888375,4486038235
2025-03-16,2.8897158329476182,1.8460451722766296,3.913938228640079,4486038235
2025-03-17,2.9600359217639314,2.002101312042673,3.9251455286463086,4486038235
2025-03-18,3.0303560105802454,2.054688926885112,4.054158309416372,4486038235
2025-03-19,3.1006760993965585,1.9974931881986357,4.077714338613653,4486038235
2025-03-20,3.1709961882128725,2.16540801111062,4.133191374678556,4486038235
2025-03-21,3.2413162770291875,2.178670647953092,4.280006745741752,4486038235
2025-03-22,3.3116363658455006,2.295496596990972,4.256946291226609,4486038235
2025-03-23,3.3819564546618137,2.4166664900353143,4.3546775231985295,4486038235
2025-03-24,3.4522765434781286,2.3740502494163636,4.336214832431991,4486038235
2024-12-31,3.8800613226734244,1.5699408992309127,6.11022490846487,36407064097
2025-01-01,3.879968784123627,1.5759400438176163,6.3327818668274,36407064097
2025-01-02,3.8798762455738296,1.7482936547678993,5.873575290152585,36407064097
2025-01-03,3.879783707024033,1.7636300923423207,6.135139243725184,36407064097
2025-01-04,3.879691168474236,1.6372181062609668,6.1160986616018755,36407064097
2025-01-05,3.8795986299244385,1.560911905555311,6.1447750912595644,36407064097
2025-01-06,3.8795060913746413,1.570151786969383,6.085764602184554,36407064097
2025-01-07,3.8794135528248446,1.609884203168932,6.040107041181554,36407064097
2025-01-08,3.879321014275047,1.3941150206571948,6.063896271516027,36407064097
2025-01-09,3.87922847572525,1.4604754805432816,6.168739486645928,36407064097
2025-01-10,3.879135937175453,1.6569352999533957,6.0723477236902665,36407064097
2025-01-11,3.879043398625656,1.5697010461014247,6.225319384626462,36407064097
2025-01-12,3.8789508600758587,1.572969487689737,5.970167044632839,36407064097
2025-01-13,3.878858321526062,1.746165753828072,6.152102355920972,36407064097
2025-01-14,3.8787657829762643,1.6423403376284371,5.9346651370051875,36407064097
2025-01-15,3.878673244426467,1.6397654415677125,5.868737884349131,36407064097
2025-01-16,3.8785807058766704,1.7145650196906508,6.260280427815631,36407064097
2025-01-17,3.8784881673268727,1.79308371869036,6.1534545778888985,36407064097
2025-01-18,3.878395628777076,1.6146144809031977,6.0646564979698265,36407064097
2025-01-19,3.878303090227279,1.7653624902492635,6.075077873043423,36407064097
2025-01-20,3.878210551677482,1.6028529250896466,6.243722298755176,36407064097
2025-01-21,3.8781180131276844,1.585391779993059,6.099420774966068,36407064097
2025-01-22,3.8780254745778877,1.4959816170057536,6.055644806315698,36407064097
2025-01-23,3.8779329360280905,1.6982318332184005,6.19593590776121,36407064097
2025-01-24,3.8778403974782933,1.5832591052370362,6.248313752378515,36407064097
2025-01-25,3.8777478589284957,1.5877835713928223,6.107391794326764,36407064097
2025-01-26,3.8776553203786994,1.8397460626703106,6.113740062157525,36407064097
2025-01-27,3.8775627818289014,1.6593144433279634,5.88299914350293,36407064097
2025-02-25,10.3234533372129,3.334401323782381,17.50182030360289,36442662378
2025-02-26,10.326873290860316,3.391980616300371,17.026589634476142,36442662378
2025-02-27,10.330293244507732,2.8019997361828817,17.018842754982444,36442662378
2025-02-28,10.333713198155149,3.355605500182553,17.25922661674349,36442662378
2025-03-01,10.337133151802563,3.7943599728473147,18.046120020825,36442662378
2025-03-02,10.340553105449981,3.1416357732153997,16.84531207075441,36442662378
2025-03-03,10.343973059097396,2.801468852599025,17.13096035886794,36442662378
2025-03-04,10.347393012744813,3.1390034482992903,16.810709439139224,36442662378
2025-03-05,10.350812966392228,3.4744845587507434,17.350833669589726,36442662378
2025-03-06,10.354232920039644,3.533755699853307,17.169133585519248,36442662378
2025-03-07,10.35765287368706,3.085628078504497,17.096597390248146,36442662378
2025-03-08,10.361072827334477,3.1710313033672723,17.71849824528903,36442662378
2025-03-09,10.364492780981893,3.1912949469872527,17.749798912705177,36442662378
2025-03-10,10.367912734629307,2.886509014173948,17.118488522964306,36442662378
2025-03-11,10.371332688276723,3.4397065836782312,17.505183074268544,36442662378
2025-03-12,10.37475264192414,3.336674139134437,17.79821119025557,36442662378
2025-03-13,10.378172595571556,3.487690235846759,17.389115972897915,36442662378
2025-03-14,10.381592549218972,3.7718055985200887,17.19733587862299,36442662378
2025-03-15,10.385012502866388,3.4913852496116164,17.089403796005413,36442662378
2025-03-16,10.388432456513804,2.8312235581928475,16.61340673854382,36442662378
2025-03-17,10.39185241016122,2.999572831793806,17.194653672820195,36442662378
2025-03-18,10.395272363808637,2.7366243694108072,17.745325812456265,36442662378
2025-03-19,10.398692317456053,2.870159124475252,17.282072630378693,36442662378
2025-03-20,10.40211227110347,2.2660102580809576,17.39154332895449,36442662378
2025-03-21,10.405532224750885,3.1828528986233517,17.689836443819967,36442662378
2025-03-22,10.408952178398302,3.876256705428696,17.368969233164037,36442662378
2025-03-23,10.412372132045718,3.3894195614985625,17.555783660892413,36442662378
2025-03-24,10.415792085693134,3.5033421745579267,17.664785922258982,36442662378
2025-01-07,3.016547389352279,-0.3483835476643073,6.425096287768081,36442913739
2025-01-08,3.0141917158738485,-0.39074431706142915,6.306306287255713,36442913739
2025-01-09,3.011836042395418,-0.5578384719215174,6.284199888033465,36442913739
2025-01-10,3.009480368916987,-0.2360133952743778,6.1561116979209825,36442913739
2025-01-11,3.0071246954385566,-0.19741108041695907,6.473781095650106,36442913739
2025-01-12,3.0047690219601257,-0.39115672760015363,6.490784165585222,36442913739
2025-01-13,3.0024133484816953,-0.4485649619214323,6.384902148503974,36442913739
2025-01-14,3.000057675003265,-0.5820796864398112,6.450714864601212,36442913739
2025-01-15,2.997702001524834,-0.43008098695370045,6.51082063040986,36442913739
2025-01-16,2.995346328046403,-0.2642772496643884,6.529027898117758,36442913739
2025-01-17,2.9929906545679725,-0.43475119867995693,6.291943231474221,36442913739
2025-01-18,2.990634981089542,-0.48184599684346197,6.657081994974336,36442913739
2025-01-19,2.988279307611111,-0.5088446546347787,6.37562749176764,36442913739
2025-01-20,2.9859236341326802,-0.25194788030899334,6.41364621565681,36442913739
2025-01-21,2.98356796065425,-0.7038874598870063,6.563769430156499,36442913739
2025-01-22,2.9812122871758193,-0.3690101307394668,6.23004034016619,36442913739
2025-01-23,2.9788566136973884,-0.393890154154328,6.381814933145645,36442913739
2025-01-24,2.976500940218958,-0.3404883926248654,6.458676185475628,36442913739
2025-01-25,2.974145266740527,-0.3413804577405403,6.249675632384031,36442913739
2025-01-26,2.9717895932620966,-0.4180458545398374,6.3731545031091335,36442913739
2025-01-27,2.969433919783666,-0.5474152781913653,6.308516856099745,36442913739
2025-01-28,2.967078246305235,-0.40259336872150475,6.420657648475051,36442913739
2025-01-29,2.9647225728268047,-0.3793934768272886,6.544269917477753,36442913739
2025-01-30,2.962366899348374,-0.5201658214434807,6.343941444929808,36442913739
2025-01-31,2.9600112258699434,-0.66077653948037,6.460814261489746,36442913739
2025-02-01,2.957655552391513,-0.3363070829912058,6.36271814556229,36442913739
2025-02-02,2.955299878913082,-0.49227400505597324,6.499025802705905,36442913739
2025-02-03,2.9529442054346515,-0.260049026095152,6.363974360352979,36442913739
2025-02-25,0.3688582875498223,-0.5562671991900586,1.28643178480852,38280841811
2025-02-26,0.3670691898078886,-0.5270715980912574,1.2917692202285926,38280841811
2025-02-27,0.3652800920659548,-0.5614782919944484,1.268694314272833,38280841811
2025-02-28,0.3634909943240212,-0.47495097553738364,1.2818421714153767,38280841811
2025-03-01,0.3617018965820876,-0.5526852118903219,1.2357515802904862,38280841811
2025-03-02,0.3599127988401539,-0.5769438028297785,1.2932022773149603,38280841811
2025-03-03,0.35812370109822034,-0.5723998041236467,1.2708778509577756,38280841811
2025-03-04,0.35633460335628653,-0.5621766478607282,1.304371459629863,38280841811
2025-03-05,0.35454550561435294,-0.5119249164302562,1.3258726164486636,38280841811
2025-03-06,0.35275640787241924,-0.6494916481947605,1.2584619815287925,38280841811
2025-03-07,0.35096731013048565,-0.6144735665045246,1.2943770317098517,38280841811
2025-03-08,0.34917821238855207,-0.6371846312041198,1.3214110767615197,38280841811
2025-03-09,0.34738911464661837,-0.6595117285370606,1.2803483507755242,38280841811
2025-03-10,0.34560001690468456,-0.615652549038015,1.2681056892631,38280841811
2025-03-11,0.34381091916275097,-0.538831328398925,1.269282540744239,38280841811
2025-03-12,0.3420218214208174,-0.5601997845440023,1.293762863355168,38280841811
2025-03-13,0.3402327236788837,-0.6152899389990253,1.279927137879546,38280841811
2025-03-14,0.3384436259369501,-0.6706812676061495,1.2379039970729007,38280841811
2025-03-15,0.3366545281950163,-0.6583332039012895,1.210256522343289,38280841811
2025-03-16,0.3348654304530826,-0.5834577855071738,1.2802722931796646,38280841811
2025-03-17,0.333076332711149,-0.5513629550871183,1.3309071272062656,38280841811
2025-03-18,0.3312872349692154,-0.5682775235221782,1.2569527500441122,38280841811
2025-03-19,0.32949813722728183,-0.7000712469191835,1.2107570931174378,38280841811
2025-03-20,0.3277090394853479,-0.5781763980209211,1.3055773437892753,38280841811
2025-03-21,0.3259199417434143,-0.6203260511175879,1.1832937275411204,38280841811
2025-03-22,0.32413084400148073,-0.6083968441396344,1.2332338724510092,38280841811
2025-03-23,0.32234174625954715,-0.6896234014537926,1.2262671830732097,38280841811
2025-03-24,0.32055264851761345,-0.5589830106138657,1.2868231413855369,38280841811
2024-08-13,1.0,0.9999999986943658,1.000000001355929,31260538389
2024-08-14,1.0,0.9999999987077781,1.00000000127125,31260538389
2024-08-15,1.0,0.999999998819381,1.0000000013280128,31260538389
2024-08-16,1.0,0.9999999986730627,1.000000001199141,31260538389
2024-08-17,1.0,0.9999999986807404,1.0000000012516024,31260538389
2024-08-18,1.0,0.9999999986425933,1.0000000013149821,31260538389
2024-08-19,1.0,0.999999998699865,1.0000000012028527,31260538389
2024-08-20,1.0,0.9999999987341498,1.0000000012649626,31260538389
2024-08-21,1.0,0.9999999987026873,1.000000001260907,31260538389
2024-08-22,1.0,0.9999999987107667,1.0000000012904149,31260538389
2024-08-23,1.0,0.999999998736717,1.000000001233532,31260538389
2024-08-24,1.0,0.9999999987332692,1.0000000013243338,31260538389
2024-08-25,1.0,0.9999999987112425,1.000000001367439,31260538389
2024-08-26,1.0,0.9999999987769035,1.0000000012790986,31260538389
2024-08-27,1.0,0.9999999987075038,1.0000000013875114,31260538389
2024-08-28,1.0,0.9999999987404868,1.0000000012630406,31260538389
2024-08-29,1.0,0.9999999986727474,1.0000000012928558,31260538389
2024-08-30,1.0,0.9999999986927095,1.0000000012080081,31260538389
2024-08-31,1.0,0.9999999986451088,1.000000001306468,31260538389
2024-09-01,1.0,0.9999999987185885,1.0000000013421746,31260538389
2024-09-02,1.0,0.9999999987773799,1.0000000012726222,31260538389
2024-09-03,1.0,0.999999998744021,1.000000001263334,31260538389
2024-09-04,1.0,0.9999999986099055,1.0000000012582941,31260538389
2024-09-05,1.0,0.9999999988253635,1.0000000013107897,31260538389
2024-09-06,1.0,0.9999999986560357,1.0000000012939771,31260538389
2024-09-07,1.0,0.9999999988020443,1.000000001344756,31260538389
2024-09-08,1.0,0.9999999987065699,1.0000000012989947,31260538389
2024-09-09,1.0,0.9999999987960356,1.000000001234402,31260538389
2025-01-07,1.0015975894712958,1.0015975894708715,1.0015975894716964,31260608522
2025-01-08,1.0015975893488471,1.0015975893484024,1.001597589349278,31260608522
2025-01-09,1.001597589226398,1.0015975892259277,1.0015975892268514,31260608522
2025-01-10,1.0015975891039488,1.0015975891035067,1.0015975891044382,31260608522
2025-01-11,1.0015975889815,1.0015975889810036,1.0015975889819946,31260608522
2025-01-12,1.001597588859051,1.0015975888586088,1.0015975888595599,31260608522
2025-01-13,1.0015975887366022,1.0015975887361035,1.0015975887371116,31260608522
2025-01-14,1.001597588614153,1.0015975886136288,1.001597588614702,31260608522
2025-01-15,1.001597588491704,1.0015975884911332,1.0015975884922699,31260608522
2025-01-16,1.0015975883692552,1.0015975883687145,1.001597588369836,31260608522
2025-01-17,1.001597588246806,1.0015975882462254,1.0015975882474395,31260608522
2025-01-18,1.0015975881243573,1.0015975881237316,1.0015975881251105,31260608522
2025-01-19,1.0015975880019081,1.0015975880012447,1.001604629881704,31260608522
2025-01-20,1.0015975878794592,1.0015975878787406,1.0016285171776553,31260608522
2025-01-21,1.0015975877570102,1.0015975877561418,1.0016455396220223,31260608522
2025-01-22,1.0015975876345613,1.0015899465516225,1.0016621691762657,31260608522
2025-01-23,1.0015975875121124,1.0015690863370996,1.001678550131088,31260608522
2025-01-24,1.0015975873896632,1.0015421942367553,1.0017191343907006,31260608522
2025-01-25,1.0015975872672143,1.0015013399307808,1.001749397639899,31260608522
2025-01-26,1.0015975871447653,1.0014593487470496,1.0017750195840478,31260608522
2025-01-27,1.0015975870223164,1.001434251758604,1.0018105648415518,31260608522
2025-01-28,1.0015975868998674,1.0014056545381849,1.0018524595979115,31260608522
2025-01-29,1.0015975867774185,1.0013612571431638,1.0018928128589186,31260608522
2025-01-30,1.0015975866549693,1.001313353705193,1.0019100204788571,31260608522
2025-01-31,1.0015975865325204,1.001278275064633,1.0019398652492677,31260608522
2025-02-01,1.0015975864100715,1.001241554779059,1.0019604268573086,31260608522
2025-02-02,1.0015975862876225,1.0011921786125924,1.0019890898357422,31260608522
2025-02-03,1.0015975861651736,1.001128194465431,1.002064364753752,31260608522
2024-12-03,15.356695211844091,15.35669521166264,15.35669521204364,31305483427
2024-12-04,15.439153939912517,15.439153939732,15.439153940111126,31305483427
2024-12-05,15.521612667980941,15.521612667784265,15.521612668188801,31305483427
2024-12-06,15.604071396049367,15.604071395844962,15.604071396263432,31305483427
2024-12-07,15.686530124117791,15.686530123911451,15.686530124336583,31305483427
2024-12-08,15.768988852186217,15.768988851970615,15.768988852390711,31305483427
2024-12-09,15.851447580254641,15.85144758004376,15.851447580485603,31305483427
2024-12-10,15.933906308323067,15.93390630810154,15.933906308577027,31305483427
2024-12-11,16.01636503639149,16.016365036170836,16.0163650366416,31305483427
2024-12-12,16.098823764459915,16.098823764220707,16.098823764714005,31305483427
2024-12-13,16.181282492528343,16.181282492304234,16.1812824928054,31305483427
2024-12-14,16.263741220596767,16.26374122032762,16.263741220883606,31305483427
2024-12-15,16.34619994866519,16.346199948398603,16.34619994897291,31305483427
2024-12-16,16.428658676733615,16.4286586764381,16.428658677044318,31305483427
2024-12-17,16.511117404802043,16.511117404511744,16.51111740516782,31305483427
2024-12-18,16.593576132870467,16.593576132541905,16.593576133252707,31305483427
2024-12-19,16.67603486093889,16.67603486057824,16.676034869408046,31305483427
2024-12-20,16.758493589007315,16.75849267797656,16.758495205811236,31305483427
2024-12-21,16.84095231707574,16.840948407636606,16.84095751865927,31305483427
2024-12-22,16.923411045144167,16.9234033093846,16.9234198030236,31305483427
2024-12-23,17.00586977321259,17.005855766250203,17.00588332734847,31305483427
2024-12-24,17.08832850128102,17.088310250527787,17.088344188401496,31305483427
2024-12-25,17.170787229349443,17.17076166072355,17.170809698964693,31305483427
2024-12-26,17.253245957417867,17.25321508989069,17.253278217369672,31305483427
2024-12-27,17.33570468548629,17.335670389147417,17.335746841978768,31305483427
2024-12-28,17.41816341355472,17.41812269787635,17.418210846665428,31305483427
2024-12-29,17.50062214162314,17.50057610534159,17.50067624924748,31305483427
2024-12-30,17.58308086969157,17.58302878765701,17.58313744093436,31305483427
2024-12-24,-4.120582251433224,-5.078545219451978,-3.122464784482099,31315209729
2024-12-25,-4.261502314937436,-5.29934016082866,-3.2414676868716934,31315209729
2024-12-26,-4.444312984346061,-5.470412711974747,-3.4089955444032136,31315209729
2024-12-27,-4.66426928282365,-5.598720844177586,-3.7239539714195664,31315209729
2024-12-28,-4.91614231886336,-5.9041487382105915,-3.9793158098413803,31315209729
2024-12-29,-5.194420321622759,-6.2060977340080035,-4.159759371599956,31315209729
2024-12-30,-5.49349458526837,-6.497431182072544,-4.504715066421172,31315209729
2024-12-31,-5.807824872971836,-6.777487373813887,-4.798557682697681,31315209729
2025-01-01,-6.132080146482595,-7.155498516481556,-5.125242463472324,31315209729
2025-01-02,-6.461251860326499,-7.551466206934605,-5.4178128642260015,31315209729
2025-01-03,-6.790738443430607,-7.833585571037182,-5.824729652880781,31315209729
2025-01-04,-7.116400923500298,-8.035648238649026,-6.140422884921781,31315209729
2025-01-05,-7.434590891839816,-8.399557953115048,-6.503490540454718,31315209729
2025-01-06,-7.742153105958307,-8.690214225771674,-6.699588596780992,31315209729
2025-01-07,-8.03640595927922,-9.041325705849173,-7.050133470868093,31315209729
2025-01-08,-8.31510377591906,-9.312717019814114,-7.301326273630807,31315209729
2025-01-09,-8.576385400589958,-9.620844049660676,-7.523955879288734,31315209729
2025-01-10,-8.818713838682278,-9.821540329031006,-7.894717862409305,31315209729
2025-01-11,-9.040811759936805,-10.007323890664296,-8.026623936269651,31315209729
2025-01-12,-9.241597517876986,-10.257736799872907,-8.240570813417667,31315209729
2025-01-13,-9.4201259758481,-10.410189320548415,-8.477788258358773,31315209729
2025-01-14,-9.575537891578684,-10.575883604180188,-8.60905251845375,31315209729
2025-01-15,-9.707020924944771,-10.75315589440052,-8.71622030009399,31315209729
2025-01-16,-9.813784534648969,-10.81188967037859,-8.784632585018043,31315209729
2025-01-17,-9.89505015574583,-10.864751360549711,-8.841719927072456,31315209729
2025-01-18,-9.95005714007776,-10.980707201449942,-8.98000629511999,31315209729
2025-01-19,-9.978084040113375,-11.013947806632157,-8.92437011231803,31315209729
2025-01-20,-9.978483952373118,-10.991686242992332,-8.98223804740552,31315209729
2023-09-26,1.2449115332975818,0.7335671618360284,1.724706105777698,31376614032
2023-09-27,1.179246245803117,0.6717672573436412,1.7063523159751617,31376614032
2023-09-28,1.1135809583086531,0.62001869851562,1.5909630708457176,31376614032
2023-09-29,1.0479156708141883,0.5210575283275339,1.5475708652673958,31376614032
2023-09-30,0.982250383319724,0.4695293470953335,1.4787275201680032,31376614032
2023-10-01,0.9165850958252597,0.4280916463677636,1.4158321710435933,31376614032
2023-10-02,0.850919808330795,0.3842113180872753,1.343041201061248,31376614032
2023-10-03,0.7852545208363311,0.2959437901932435,1.2474319454511065,31376614032
2023-10-04,0.7195892333418672,0.21497634745628127,1.2267427093370076,31376614032
2023-10-05,0.6539239458474029,0.19265003269277453,1.1655423977634523,31376614032
2023-10-06,0.5882586583529386,0.10473722356118509,1.0808449890728327,31376614032
2023-10-07,0.5225933708584738,0.00328792862222318,0.9749677803139146,31376614032
2023-10-08,0.4569280833640099,-0.021947457280101213,0.9263660526795332,31376614032
2023-10-09,0.39126279586954604,-0.07026233879694158,0.9053232958785035,31376614032
2023-10-10,0.3255975083750813,-0.160877486733959,0.8351170647166856,31376614032
2023-10-11,0.25993222088061696,-0.22859628344223518,0.754821885158725,31376614032
2023-10-12,0.19426693338615264,-0.2914121379208113,0.7067927874354583,31376614032
2023-10-13,0.12860164589168788,-0.3682173122470058,0.5838764514015556,31376614032
2023-10-14,0.06293635839722489,-0.4077353320217946,0.5531711264019473,31376614032
2023-10-15,-0.002728929097239874,-0.5169632586526531,0.48852229094588095,31376614032
2023-10-16,-0.0683942165917042,-0.5673056397459029,0.39431827567242106,31376614032
2023-10-17,-0.1340595040861685,-0.6622576321674365,0.3718742329731792,31376614032
2023-10-18,-0.19972479158063328,-0.6614277811319493,0.32111145047927314,31376614032
2023-10-19,-0.26539007907509715,-0.7772277573436258,0.23696840391809643,31376614032
2023-10-20,-0.3310553665695619,-0.8041434862115352,0.14329663455742722,31376614032
2023-10-21,-0.3967206540640258,-0.8882154913762522,0.08775975699502551,31376614032
2023-10-22,-0.4623859415584901,-0.9597093699558008,0.05129210677801847,31376614032
2023-10-23,-0.5280512290529544,-1.0304833418523218,-0.03406935087272949,31376614032
2025-01-14,1.5484238619089223,-0.86566620274046,3.7723134304674546,31603725134
2025-01-15,1.542663538114714,-0.9833621184663573,4.058761465315714,31603725134
2025-01-16,1.5369032143205057,-0.7704626716563928,3.839995481390291,31603725134
2025-01-17,1.5311428905262978,-1.0991888535588925,3.908260980822376,31603725134
2025-01-18,1.5253825667320895,-0.917919188541695,4.022888367537324,31603725134
2025-01-19,1.5196222429378816,-0.853613545546148,3.958438199082507,31603725134
2025-01-20,1.5138619191436729,-1.0515759789533061,3.947651347178377,31603725134
2025-01-21,1.508101595349465,-0.9172380453509766,3.953034013811681,31603725134
2025-01-22,1.5023412715552573,-0.8846980153424854,3.855192025845047,31603725134
2025-01-23,1.496580947761049,-1.0647553684207933,3.802365089402541,31603725134
2025-01-24,1.4908206239668407,-1.1089305426751073,3.9526177057517784,31603725134
2025-01-25,1.485060300172633,-0.821516270695659,3.9042010381867436,31603725134
2025-01-26,1.4792999763784247,-0.9023599440715926,3.8292769495270433,31603725134
2025-01-27,1.4735396525842168,-0.8467872231611275,3.911953692078086,31603725134
2025-01-28,1.467779328790009,-1.0016251242582415,3.9151179847852315,31603725134
2025-01-29,1.4620190049958002,-1.0016919859125073,3.801345749211179,31603725134
2025-01-30,1.4562586812015923,-1.0376214670361321,3.888804488118779,31603725134
2025-01-31,1.450498357407384,-1.0360708023494138,3.7405400404672773,31603725134
2025-02-01,1.4447380336131763,-0.8855343476253541,3.6863145170796523,31603725134
2025-02-02,1.438977709818968,-0.9859685470111202,4.018337390025765,31603725134
2025-02-03,1.4332173860247597,-0.641616417503654,3.6996329806359545,31603725134
2025-02-04,1.427457062230552,-1.0176084654143536,3.793730896054472,31603725134
2025-02-05,1.4216967384363441,-0.9881148319469382,3.751646755664623,31603725134
2025-02-06,1.4159364146421354,-1.0543027281603052,3.6839749914950413,31603725134
2025-02-07,1.4101760908479275,-0.9759664281879212,3.8164478682713514,31603725134
2025-02-08,1.4044157670537196,-1.2365008079299993,3.7329429672609344,31603725134
2025-02-09,1.398655443259511,-0.9722031652327627,3.7660936980905357,31603725134
2025-02-10,1.3928951194653034,-1.1441980760367776,3.61753859388612,31603725134
2023-06-06,1.0,0.999999998745222,1.0000000012780437,3691275758
2023-06-07,1.0,0.9999999987352485,1.0000000012841408,3691275758
2023-06-08,1.0,0.9999999987360478,1.000000001359066,3691275758
2023-06-09,1.0,0.9999999986274539,1.0000000012529087,3691275758
2023-06-10,1.0,0.9999999985784562,1.0000000014366563,3691275758
2023-06-11,1.0,0.9999999986559716,1.0000000014104535,3691275758
2023-06-12,1.0,0.9999999985058222,1.0000000013984074,3691275758
2023-06-13,1.0,0.9999999985482585,1.0000000015499904,3691275758
2023-06-14,1.0,0.9999999985285948,1.000000001635596,3691275758
2023-06-15,1.0,0.9999999984267156,1.0000000017262765,3691275758
2023-06-16,1.0,0.9999999983320147,1.0000000018779498,3691275758
2023-06-17,1.0,0.9999999980458498,1.000000001810288,3691275758
2023-06-18,1.0,0.9999999980439076,1.0000000021080873,3691275758
2023-06-19,1.0,0.9999999978562663,1.0000000021245046,3691275758
2023-06-20,1.0,0.9999999976997138,1.0000000023319364,3691275758
2023-06-21,1.0,0.9999999975424345,1.000000002528973,3691275758
2023-06-22,1.0,0.9999999974779206,1.0000000027647977,3691275758
2023-06-23,1.0,0.9999999971303908,1.0000000029784606,3691275758
2023-06-24,1.0,0.9999999968958577,1.0000000032501442,3691275758
2023-06-25,1.0,0.9999999962255052,1.0000000036779817,3691275758
2023-06-26,1.0,0.999999996038074,1.0000000041547745,3691275758
2023-06-27,1.0,0.9999999958164695,1.0000000041917976,3691275758
2023-06-28,1.0,0.9999999953580674,1.0000000046795958,3691275758
2023-06-29,1.0,0.9999999951995011,1.00000000488897,3691275758
2023-06-30,1.0,0.999999995050239,1.0000000051524627,3691275758
2023-07-01,1.0,0.9999999938949231,1.000000005569395,3691275758
2023-07-02,1.0,0.999999993968312,1.0000000060450656,3691275758
2023-07-03,1.0,0.999999993056327,1.000000006571117,3691275758
2024-07-30,1.0,0.9999999987494044,1.0000000013509749,36918045023
2024-07-31,1.0,0.9999999987039088,1.0000000013513153,36918045023
2024-08-01,1.0,0.9999999987101061,1.0000000012621384,36918045023
2024-08-02,1.0,0.9999999987245984,1.0000000012706407,36918045023
2024-08-03,1.0,0.9999999987450059,1.0000000012846373,36918045023
2024-08-04,1.0,0.9999999987516867,1.0000000013305312,36918045023
2024-08-05,1.0,0.9999999987390434,1.0000000013064554,36918045023
2024-08-06,1.0,0.9999999986905994,1.000000001249277,36918045023
2024-08-07,1.0,0.9999999987167076,1.0000000012400883,36918045023
2024-08-08,1.0,0.9999999986025256,1.000000001205313,36918045023
2024-08-09,1.0,0.9999999987164201,1.0000000013072015,36918045023
2024-08-10,1.0,0.9999999987072636,1.0000000014025234,36918045023
2024-08-11,1.0,0.9999999986063218,1.0000000013207826,36918045023
2024-08-12,1.0,0.9999999986920077,1.000000001272525,36918045023
2024-08-13,1.0,0.999999998667686,1.0000000012815753,36918045023
2024-08-14,1.0,0.9999999987067099,1.000000001268127,36918045023
2024-08-15,1.0,0.9999999987233631,1.0000000012997312,36918045023
2024-08-16,1.0,0.9999999987314989,1.0000000012261618,36918045023
2024-08-17,1.0,0.9999999987198843,1.0000000012738688,36918045023
2024-08-18,1.0,0.9999999986565916,1.0000000012801402,36918045023
2024-08-19,1.0,0.9999999987875908,1.0000000012531796,36918045023
2024-08-20,1.0,0.9999999987179935,1.000000001199179,36918045023
2024-08-21,1.0,0.9999999987720677,1.0000000013490302,36918045023
2024-08-22,1.0,0.9999999987571317,1.0000000013032349,36918045023
2024-08-23,1.0,0.9999999986752119,1.0000000012090149,36918045023
2024-08-24,1.0,0.9999999986511856,1.0000000013302055,36918045023
2024-08-25,1.0,0.9999999986589521,1.000000001284039,36918045023
2024-08-26,1.0,0.9999999986795106,1.0000000013422865,36918045023
2024-11-26,0.4671763559312878,-0.1041740129373475,1.073366527286706,36923304973
2024-11-27,0.4637411676212201,-0.1299091656290871,1.022248081969452,36923304973
2024-11-28,0.46030597931115236,-0.18570462000230809,1.0457383648216145,36923304973
2024-11-29,0.45687079100108496,-0.09528874949219313,0.99891018359109,36923304973
2024-11-30,0.4534356026910169,-0.1528049288105943,1.0267443169763968,36923304973
2024-12-01,0.4500004143809495,-0.12814930183488832,1.0207844384793443,36923304973
2024-12-02,0.4465652260708818,-0.16394392619014375,1.037489852413303,36923304973
2024-12-03,0.4431300377608137,-0.1315641176211155,1.0405658168275376,36923304973
2024-12-04,0.43969484945074633,-0.17217426670867095,1.027396180610876,36923304973
2024-12-05,0.43625966114067827,-0.14575412474319283,1.072338160646885,36923304973
2024-12-06,0.4328244728306109,-0.14303328268984639,1.054013735295101,36923304973
2024-12-07,0.42938928452054315,-0.19697465594249844,0.9966465721664955,36923304973
2024-12-08,0.4259540962104751,-0.18807149073971746,0.9779833526034203,36923304973
2024-12-09,0.4225189079004077,-0.1491872636823175,1.0300208570700629,36923304973
2024-12-10,0.41908371959033996,-0.18178316012671622,0.9979450010941379,36923304973
2024-12-11,0.41564853128027224,-0.12044543593100668,0.9822163194982106,36923304973
2024-12-12,0.4122133429702045,-0.2003464154219746,0.9943451533235254,36923304973
2024-12-13,0.4087781546601371,-0.1842677626001033,0.988569160803905,36923304973
2024-12-14,0.40534296635006906,-0.17638733407866733,0.9743594910559823,36923304973
2024-12-15,0.40190777804000133,-0.17067433900029508,1.006924236092063,36923304973
2024-12-16,0.39847258972993393,-0.2414857123779186,0.9704112571215253,36923304973
2024-12-17,0.3950374014198659,-0.21984960854846888,1.0293626311701118,36923304973
2024-12-18,0.3916022131097985,-0.17858325007883097,0.9635311838052912,36923304973
2024-12-19,0.38816702479973075,-0.18152897905824164,0.9666633701185792,36923304973
2024-12-20,0.3847318364896627,-0.21421419363840807,0.9787626655034241,36923304973
2024-12-21,0.3812966481795953,-0.221227897925944,0.9710665195420595,36923304973
2024-12-22,0.37786145986952724,-0.25055068320094454,0.9737728114434148,36923304973
2024-12-23,0.37442627155945984,-0.18656032033073564,1.0419836920083885,36923304973
2024-12-03,1.5107204836732036,1.5107204831853371,1.5107204841934607,3692477582
2024-12-04,1.5079404951017512,1.5079404946023423,1.507940495600185,3692477582
2024-12-05,1.5051605065302989,1.5051605060465307,1.5051605070520246,3692477582
2024-12-06,1.5023805179588465,1.5023805174543141,1.502380518460559,3692477582
2024-12-07,1.499600529387394,1.4996005288545782,1.499600529950617,3692477582
2024-12-08,1.4968205408159416,1.496820540307815,1.4968205413151547,3692477582
2024-12-09,1.4940405522444893,1.4940405517341582,1.4940405527381302,3692477582
2024-12-10,1.4912605636730367,1.4912605631369151,1.491260564192579,3692477582
2024-12-11,1.4884805751015844,1.4884805745885141,1.4884805756394568,3692477582
2024-12-12,1.485700586530132,1.4857005860092516,1.4857005870575537,3692477582
2024-12-13,1.4829205979586795,1.482920597427279,1.4829205984842102,3692477582
2024-12-14,1.4801406093872271,1.4801406088713553,1.4801406099370416,3692477582
2024-12-15,1.4773606208157748,1.4773606202803342,1.4773606213472679,3692477582
2024-12-16,1.4745806322443222,1.4745806317272876,1.474580632811714,3692477582
2024-12-17,1.4718006436728701,1.4718006431182509,1.471800644167891,3692477582
2024-12-18,1.4690206551014175,1.4690206545805735,1.4690206556376613,3692477582
2024-12-19,1.466240666529965,1.4662406659734457,1.4662406670475614,3692477582
2024-12-20,1.4634606779585129,1.4634606773902055,1.4634606784976067,3692477582
2024-12-21,1.4606806893870603,1.4606806888063057,1.4606806899488551,3692477582
2024-12-22,1.4579007008156077,1.4579007002792663,1.4579007013459573,3692477582
2024-12-23,1.4551207122441554,1.4551207116400804,1.4551207128140327,3692477582
2024-12-24,1.452340723672703,1.4523407231180379,1.4523407241800905,3692477582
2024-12-25,1.4495607351012505,1.4495607345132107,1.4495607356571663,3692477582
2024-12-26,1.4467807465297982,1.4467807459327304,1.4467807471167067,3692477582
2024-12-27,1.4440007579583458,1.444000757345723,1.44400075851216,3692477582
2024-12-28,1.4412207693868935,1.4412207688134446,1.4412207699496489,3692477582
2024-12-29,1.438440780815443,1.438440780236622,1.4384407814152675,3692477582
2024-12-30,1.4356607922439903,1.435660791635429,1.4356607928515315,3692477582
2024-07-23,2.982995068892162,2.982995068793863,2.9829950689990024,36924792617
2024-07-24,2.965965339828214,2.9659653397219685,2.9659653399282746,36924792617
2024-07-25,2.9489356107642672,2.9489356106612803,2.948935610864313,36924792617
2024-07-26,2.9319058817003203,2.931905881599054,2.9319058818043695,36924792617
2024-07-27,2.9148761526363707,2.914876152522898,2.914876152738594,36924792617
2024-07-28,2.897846423572423,2.8978464234638404,2.8978464236824695,36924792617
2024-07-29,2.8808166945084768,2.8808166944018407,2.8808166946114238,36924792617
2024-07-30,2.863786965444527,2.863786965336607,2.8637869655533748,36924792617
2024-07-31,2.8467572363805793,2.8467572362778633,2.8467572364861877,36924792617
2024-08-01,2.8297275073166315,2.8297275072142414,2.8297275074404,36924792617
2024-08-02,2.8126977782526836,2.8126977781452167,2.812697778365309,36924792617
2024-08-03,2.7956680491887367,2.795668049090788,2.7956680492960206,36924792617
2024-08-04,2.778638320124788,2.778638320013902,2.7786383202370453,36924792617
2024-08-05,2.7616085910608392,2.7616085909564654,2.76160859116817,36924792617
2024-08-06,2.744578861996893,2.7445788618932507,2.744578862102583,36924792617
2024-08-07,2.7275491329329444,2.727549132824987,2.7275491330453914,36924792617
2024-08-08,2.7105194038689966,2.7105194037651197,2.7105194039756153,36924792617
2024-08-09,2.6934896748050488,2.6934896747013295,2.6934896749106634,36924792617
2024-08-10,2.676459945741099,2.6764599456423865,2.6764599458455316,36924792617
2024-08-11,2.659430216677153,2.659430216570063,2.659430216784854,36924792617
2024-08-12,2.6424004876132052,2.6424004875045206,2.642400487723015,36924792617
2024-08-13,2.6253707585492556,2.625370758445694,2.6253707586670147,36924792617
2024-08-14,2.6083410294853087,2.6083410293815863,2.6083410295925478,36924792617
2024-08-15,2.5913113004213617,2.5913113003199357,2.59131130052964,36924792617
2024-08-16,2.574281571357414,2.5742815712399922,2.5742815714646503,36924792617
2024-08-17,2.557251842293465,2.557251842186068,2.557251842412686,36924792617
2024-08-18,2.5402221132295164,2.540222113123443,2.540222113341072,36924792617
2024-08-19,2.5231923841655703,2.5231923840618062,2.523192384274701,36924792617
2025-01-28,1.2667924781977793,0.9235825937445006,1.6123030438084727,39231034278
2025-01-29,1.268392424365928,0.8706497436752786,1.6442041059839023,39231034278
2025-01-30,1.2699923705340763,0.9093034175291423,1.6354855393855263,39231034278
2025-01-31,1.271592316702225,0.8881230425181608,1.6624059189179896,39231034278
2025-02-01,1.2731922628703733,0.8880397028086483,1.6250632958566897,39231034278
2025-02-02,1.2747922090385218,0.8930976921168644,1.6513197901560515,39231034278
2025-02-03,1.2763921552066706,0.8930608321271201,1.6392892392043732,39231034278
2025-02-04,1.277992101374819,0.9105136152349886,1.6471323387561436,39231034278
2025-02-05,1.2795920475429674,0.89819719407056,1.683604318220316,39231034278
2025-02-06,1.2811919937111158,0.9051986802751608,1.6637551268627848,39231034278
2025-02-07,1.2827919398792644,0.886460272951036,1.7007029683113986,39231034278
2025-02-08,1.284391886047413,0.8806928445318432,1.6692026648181801,39231034278
2025-02-09,1.2859918322155615,0.902150066796392,1.6811212588505242,39231034278
2025-02-10,1.2875917783837099,0.9135956944984958,1.6796869587264687,39231034278
2025-02-11,1.2891917245518583,0.9035076041409206,1.666438359546857,39231034278
2025-02-12,1.290791670720007,0.9019528544862679,1.6973605789036708,39231034278
2025-02-13,1.2923916168881555,0.8943090151957588,1.6860603427313383,39231034278
2025-02-14,1.293991563056304,0.8943361161872329,1.6651605807010037,39231034278
2025-02-15,1.2955915092244523,0.9470173582121759,1.6578909455127593,39231034278
2025-02-16,1.2971914553926007,0.8946060913746983,1.6988332390187455,39231034278
2025-02-17,1.2987914015607493,0.9134012353393942,1.6988368916900274,39231034278
2025-02-18,1.300391347728898,0.9188030874985762,1.666605788287627,39231034278
2025-02-19,1.3019912938970464,0.8951943666416728,1.6967179335614369,39231034278
2025-02-20,1.303591240065195,0.927049571180169,1.669873172633215,39231034278
2025-02-21,1.3051911862333432,0.9393609165237943,1.6800667834677727,39231034278
2025-02-22,1.306791132401492,0.9237228657112172,1.6866800674150473,39231034278
2025-02-23,1.3083910785696404,0.9309072857478858,1.6866122967917556,39231034278
2025-02-24,1.3099910247377888,0.9124095964689453,1.7042173099756273,39231034278
2025-02-25,4.559643924480842,3.742351274738101,5.363909100248512,39233855712
2025-02-26,4.566904605494595,3.7810743324196188,5.358512227226963,39233855712
2025-02-27,4.574165286508347,3.7236402645637336,5.403013173791489,39233855712
2025-02-28,4.581425967522098,3.8115832677079613,5.339541912188331,39233855712
2025-03-01,4.58868664853585,3.737669484234303,5.467633980618401,39233855712
2025-03-02,4.595947329549602,3.7362342532749957,5.40785409807222,39233855712
2025-03-03,4.603208010563353,3.706135355137154,5.406807635419369,39233855712
2025-03-04,4.610468691577105,3.731333129406168,5.36792375047663,39233855712
2025-03-05,4.617729372590857,3.8179098591497893,5.567012310702208,39233855712
2025-03-06,4.624990053604609,3.728396943615306,5.451098664488468,39233855712
2025-03-07,4.632250734618361,3.7740589245134153,5.458787100047462,39233855712
2025-03-08,4.639511415632112,3.815006184091013,5.435439286515201,39233855712
2025-03-09,4.646772096645863,3.769553185445564,5.4735240891872525,39233855712
2025-03-10,4.654032777659616,3.800978720040465,5.485212797909259,39233855712
2025-03-11,4.661293458673367,3.7763733529195282,5.557248075533275,39233855712
2025-03-12,4.668554139687119,3.8180448976288117,5.47018513195034,39233855712
2025-03-13,4.675814820700871,3.86064302377691,5.534317128507837,39233855712
2025-03-14,4.683075501714623,3.7778908045868937,5.474071569599069,39233855712
2025-03-15,4.690336182728374,3.803944465618095,5.530779276192928,39233855712
2025-03-16,4.697596863742126,3.840513243758471,5.504760013632334,39233855712
2025-03-17,4.704857544755877,3.836749004187992,5.57079397603011,39233855712
2025-03-18,4.71211822576963,3.88803903834786,5.5303644126385505,39233855712
2025-03-19,4.719378906783382,3.924191327776824,5.5682188501791865,39233855712
2025-03-20,4.726639587797133,3.886123152540132,5.563268751618089,39233855712
2025-03-21,4.733900268810885,3.9005066429949307,5.594616701130443,39233855712
2025-03-22,4.7411609498246365,3.9170502716597477,5.518142952334159,39233855712
2025-03-23,4.748421630838388,3.8954481745679503,5.588526144362791,39233855712
2025-03-24,4.75568231185214,4.011657084076263,5.602810800298834,39233855712
2025-02-25,1.3236528119246933,0.38038991179414006,2.2673660696347855,40790539263
2025-02-26,1.353931400166926,0.3404302110357303,2.342995338866901,40790539263
2025-02-27,1.3842099884091592,0.42211347178430014,2.3406991347013926,40790539263
2025-02-28,1.4144885766513928,0.43817233012957296,2.3279553344194555,40790539263
2025-03-01,1.444767164893626,0.47747314607205626,2.423887378711844,40790539263
2025-03-02,1.4750457531358587,0.5328385236907849,2.3897856107652844,40790539263
2025-03-03,1.505324341378092,0.6390948697400675,2.4663783895022093,40790539263
2025-03-04,1.5356029296203246,0.6284150023545517,2.4821853649851637,40790539263
2025-03-05,1.5658815178625582,0.6287378231612281,2.5830599928804707,40790539263
2025-03-06,1.596160106104791,0.6060063152067762,2.585592708232322,40790539263
2025-03-07,1.6264386943470237,0.7160922417361958,2.6403822709630695,40790539263
2025-03-08,1.6567172825892582,0.6783399628880887,2.5823241071080143,40790539263
2025-03-09,1.686995870831491,0.7534102530686334,2.6739620315707877,40790539263
2025-03-10,1.7172744590737237,0.7700123889736976,2.674262341065145,40790539263
2025-03-11,1.7475530473159564,0.8588282891624224,2.6725181604356836,40790539263
2025-03-12,1.7778316355581891,0.8844237196491873,2.7508628012378638,40790539263
2025-03-13,1.8081102238004227,0.8299670528280543,2.6946909247540063,40790539263
2025-03-14,1.8383888120426555,0.914572150643976,2.875112288154562,40790539263
2025-03-15,1.868667400284889,0.8811289295719643,2.876454575415366,40790539263
2025-03-16,1.8989459885271227,0.9927577087995245,2.8605184233947822,40790539263
2025-03-17,1.9292245767693554,0.9532705665965823,2.95669444854213,40790539263
2025-03-18,1.9595031650115882,0.9704757556637518,2.900939830725908,40790539263
2025-03-19,1.989781753253821,1.0856705260127955,2.9950849427864203,40790539263
2025-03-20,2.0200603414960545,1.039668643867667,2.9645745887831376,40790539263
2025-03-21,2.0503389297382872,1.1215888118448958,2.9711969348098024,40790539263
2025-03-22,2.08061751798052,1.089040412453429,3.0305431808423586,40790539263
2025-03-23,2.1108961062227536,1.0966215529681433,3.0689247138563505,40790539263
2025-03-24,2.141174694464987,1.1411504026782946,3.0036521694215073,40790539263
2025-02-11,1.524062544951532,0.04877511136879525,2.9667715680052313,41273568359
2025-02-12,1.5275226689531822,0.005841202348900403,3.052487648889464,41273568359
2025-02-13,1.5309827929548325,-0.07965605924807136,3.0763038127118363,41273568359
2025-02-14,1.5344429169564824,0.021510042886695484,2.9894458778175355,41273568359
2025-02-15,1.5379030409581322,0.040577248914346116,2.9833363177993597,41273568359
2025-02-16,1.5413631649597825,0.05605407395395335,3.0589372557691603,41273568359
2025-02-17,1.5448232889614328,-0.024481508616189467,2.9403870206358755,41273568359
2025-02-18,1.5482834129630831,0.00034001219767640855,3.0222004473082524,41273568359
2025-02-19,1.5517435369647334,0.06407697555721927,3.1073682135481566,41273568359
2025-02-20,1.5552036609663833,-0.0033119992093495997,2.981135354706588,41273568359
2025-02-21,1.5586637849680336,0.06874034989056266,3.144493157040787,41273568359
2025-02-22,1.5621239089696835,0.05037522647102979,3.027734874584325,41273568359
2025-02-23,1.5655840329713342,0.08421392025942448,2.9900585990210256,41273568359
2025-02-24,1.569044156972984,0.05612484816947459,3.0281062879966587,41273568359
2025-02-25,1.5725042809746343,0.09626441763998936,3.02539062683199,41273568359
2025-02-26,1.5759644049762846,0.04442350152357801,2.9673275618119197,41273568359
2025-02-27,1.579424528977935,0.08466534646992455,3.0861896571459155,41273568359
2025-02-28,1.5828846529795848,0.10402163100008792,3.0475922539574407,41273568359
2025-03-01,1.5863447769812347,0.14568615995954512,3.108191107072329,41273568359
2025-03-02,1.589804900982885,0.059170244310636666,3.0723469630502267,41273568359
2025-03-03,1.5932650249845353,0.09809014115418165,2.956745748887016,41273568359
2025-03-04,1.5967251489861851,0.11703070611407417,3.150980697088455,41273568359
2025-03-05,1.6001852729878354,0.1465925866177631,3.1091309498158606,41273568359
2025-03-06,1.6036453969894853,0.11489064934202209,3.070880760996333,41273568359
2025-03-07,1.6071055209911356,0.2657193389508108,3.082054845148546,41273568359
2025-03-08,1.6105656449927859,0.14286752691245008,3.165032016982844,41273568359
2025-03-09,1.6140257689944362,0.12760734877377342,3.1664217648531934,41273568359
2025-03-10,1.617485892996086,-0.048899041567823195,3.11289248345041,41273568359
2024-11-26,2.875257195061368,1.2927333392328746,4.388482471226949,36952764350
2024-11-27,2.875346341634748,1.2431756333258808,4.5068898111044025,36952764350
2024-11-28,2.8754354882081277,1.3163885213397915,4.427098532099579,36952764350
2024-11-29,2.8755246347815078,1.3281852984930755,4.445177614596256,36952764350
2024-11-30,2.8756137813548874,1.2526299085696755,4.374368392558327,36952764350
2024-12-01,2.8757029279282675,1.2610624107270596,4.450072816249789,36952764350
2024-12-02,2.875792074501647,1.2181844646450282,4.568745448988077,36952764350
2024-12-03,2.8758812210750273,1.3738069081376645,4.412028022356108,36952764350
2024-12-04,2.875970367648407,1.2075324844036108,4.605466676338736,36952764350
2024-12-05,2.876059514221787,1.304290108239581,4.359203181554745,36952764350
2024-12-06,2.876148660795167,1.326862496689486,4.506497965182775,36952764350
2024-12-07,2.8762378073685473,1.381252512234015,4.5536611155391,36952764350
2024-12-08,2.876326953941927,1.1014415587417965,4.3637329469901305,36952764350
2024-12-09,2.8764161005153066,1.2201105928516398,4.566536992985633,36952764350
2024-12-10,2.8765052470886867,1.172996242607419,4.41552428447294,36952764350
2024-12-11,2.876594393662067,1.371487206349023,4.488637487135374,36952764350
2024-12-12,2.8766835402354465,1.3115455507846372,4.425949561387551,36952764350
2024-12-13,2.876772686808826,1.1903807728281866,4.544700495234737,36952764350
2024-12-14,2.8768618333822062,1.2005613219112246,4.321435124868562,36952764350
2024-12-15,2.8769509799555864,1.155934662204855,4.563452449387178,36952764350
2024-12-16,2.8770401265289665,1.3494516033083053,4.552666049821404,36952764350
2024-12-17,2.877129273102346,1.355333743109297,4.442541968692109,36952764350
2024-12-18,2.8772184196757262,1.2372096785762572,4.382293412783786,36952764350
2024-12-19,2.877307566249106,1.2721353211252142,4.507205944129833,36952764350
2024-12-20,2.877396712822486,1.23524080505467,4.487485390326105,36952764350
2024-12-21,2.8774858593958657,1.2446852696901058,4.505098015001269,36952764350
2024-12-22,2.8775750059692458,1.3201265888901375,4.5146939563529,36952764350
2024-12-23,2.8776641525426254,1.3758017662604003,4.567838292940723,36952764350
2024-06-18,2.161431513772161,1.6309598931542657,2.769414011950956,36952921551
2024-06-19,2.2145776368848598,1.6624211997015177,2.7906240778060454,36952921551
2024-06-20,2.2677237599975566,1.7502706321205168,2.823371881264169,36952921551
2024-06-21,2.320869883110255,1.74838473063492,2.8957018779320203,36952921551
2024-06-22,2.374016006222952,1.8027074001654992,2.892978186055165,36952921551
2024-06-23,2.4271621293356507,1.8708391527784327,3.0106452858077692,36952921551
2024-06-24,2.4803082524483484,1.9458762192720274,3.048559840015496,36952921551
2024-06-25,2.533454375561047,1.9886858463020467,3.0893289078465895,36952921551
2024-06-26,2.5866004986737448,2.035310550516062,3.1912235562403866,36952921551
2024-06-27,2.6397466217864434,2.0741564591340396,3.1968528709846846,36952921551
2024-06-28,2.69289274489914,2.145452138746111,3.2703317101185228,36952921551
2024-06-29,2.746038868011837,2.176962925578824,3.3354164248651488,36952921551
2024-06-30,2.7991849911245357,2.2666848724957895,3.373048967187872,36952921551
2024-07-01,2.8523311142372334,2.2264906819507364,3.4393383783071627,36952921551
2024-07-02,2.9054772373499294,2.334389958601147,3.491531348991617,36952921551
2024-07-03,2.958623360462628,2.4190889326186906,3.503866667905837,36952921551
2024-07-04,3.011769483575325,2.437520992217853,3.542771091361496,36952921551
2024-07-05,3.0649156066880234,2.5009564139593365,3.638814444479753,36952921551
2024-07-06,3.1180617298007203,2.5261203507712864,3.6885830495865237,36952921551
2024-07-07,3.1712078529134207,2.5914535217903425,3.7310435698082722,36952921551
2024-07-08,3.2243539760261175,2.673208507026633,3.7761734412758168,36952921551
2024-07-09,3.277500099138816,2.7118905407346645,3.9156956966677012,36952921551
2024-07-10,3.330646222251513,2.768241196418765,3.885797051501173,36952921551
2024-07-11,3.3837923453642116,2.8102674246052195,3.9865646955454195,36952921551
2024-07-12,3.4369384684769084,2.879131480630397,3.9911540866778967,36952921551
2024-07-13,3.4900845915896053,2.9349141651525326,4.0817790402478655,36952921551
2024-07-14,3.5432307147023057,2.954759237801324,4.136771226823894,36952921551
2024-07-15,3.5963768378150025,3.0220741493843377,4.166208457260622,36952921551
2025-03-04,2.848603915413682,1.6451587457874393,4.178960709464661,36952968358
2025-03-05,2.850311481549232,1.6064060405971556,4.2084848281262905,36952968358
2025-03-06,2.8520190476847818,1.5563678614408254,4.183356183494429,36952968358
2025-03-07,2.8537266138203314,1.6475739000020062,4.227233618407852,36952968358
2025-03-08,2.8554341799558816,1.5959822306602904,4.166688098018339,36952968358
2025-03-09,2.8571417460914317,1.5364437559042596,4.142751351925586,36952968358
2025-03-10,2.8588493122269814,1.4698240967497929,4.108272203772682,36952968358
2025-03-11,2.860556878362531,1.5995379194637405,4.046815838655417,36952968358
2025-03-12,2.8622644444980807,1.599758533781102,4.220607782759392,36952968358
2025-03-13,2.863972010633631,1.6233000826455697,4.0444600763045955,36952968358
2025-03-14,2.86567957676918,1.671547914777205,4.0500944433339034,36952968358
2025-03-15,2.86738714290473,1.5676088371665424,4.0910222895132495,36952968358
2025-03-16,2.8690947090402803,1.6299883346183137,4.086911172065619,36952968358
2025-03-17,2.87080227517583,1.6020598329124656,4.15906239388775,36952968358
2025-03-18,2.8725098413113797,1.494047927262715,4.142628639918175,36952968358
2025-03-19,2.8742174074469293,1.656454843053325,4.002426068535522,36952968358
2025-03-20,2.875924973582479,1.564232165536243,4.243848002094435,36952968358
2025-03-21,2.877632539718029,1.5102039385960468,4.116532573360922,36952968358
2025-03-22,2.879340105853579,1.699115160040621,4.151256321586479,36952968358
2025-03-23,2.881047671989129,1.556902842759818,4.126329103791405,36952968358
2025-03-24,2.8827552381246786,1.5601822348192558,4.131067807581934,36952968358
2025-03-25,2.8844628042602283,1.5688722354844333,4.1666939188115695,36952968358
2025-03-26,2.8861703703957784,1.6693391449732082,4.121272327462491,36952968358
2025-03-27,2.887877936531328,1.6509348756070448,4.265638957628323,36952968358
2025-03-28,2.8895855026668773,1.6501714803435228,4.090153062002644,36952968358
2025-03-29,2.891293068802428,1.7163221917739975,4.177365135092299,36952968358
2025-03-30,2.8930006349379775,1.5498722342819342,4.159905355097184,36952968358
2025-03-31,2.894708201073527,1.6054726913734387,4.131937639260436,36952968358
2025-03-04,7.989709805261559,4.90478389628373,11.078942722221683,42834137936
2025-03-05,8.005566900520716,4.934417042546266,11.075710866483732,42834137936
2025-03-06,8.021423995779873,4.835378932209036,10.997073331725828,42834137936
2025-03-07,8.03728109103903,4.683671472011446,11.107390920413513,42834137936
2025-03-08,8.053138186298188,4.97444797495507,11.190279468838963,42834137936
2025-03-09,8.068995281557346,5.122145444669039,11.224955475525396,42834137936
2025-03-10,8.084852376816503,4.940723935612494,11.285188650178984,42834137936
2025-03-11,8.10070947207566,4.974308966123561,11.088538683349322,42834137936
2025-03-12,8.116566567334818,5.192033590761312,11.07261041181675,42834137936
2025-03-13,8.132423662593975,5.086141695373286,11.172504498866953,42834137936
2025-03-14,8.148280757853133,4.892842319362787,11.189806597814771,42834137936
2025-03-15,8.16413785311229,4.9108131809252376,11.292116452491895,42834137936
2025-03-16,8.179994948371448,5.100933953144501,11.273382740242754,42834137936
2025-03-17,8.195852043630605,4.8749815864154,11.156568746664258,42834137936
2025-03-18,8.211709138889763,4.901761908851167,11.304379960628205,42834137936
2025-03-19,8.22756623414892,5.101994079461741,11.28929657985584,42834137936
2025-03-20,8.243423329408078,5.093755816982573,11.405148114299386,42834137936
2025-03-21,8.259280424667235,5.177844489135086,11.47699931443564,42834137936
2025-03-22,8.275137519926393,5.337344230312407,11.226834294002654,42834137936
2025-03-23,8.29099461518555,5.227107774602794,11.361206028955054,42834137936
2025-03-24,8.306851710444707,4.9254837750738005,11.457836640820807,42834137936
2025-03-25,8.322708805703865,5.169157008249018,11.351112565022389,42834137936
2025-03-26,8.338565900963022,5.150649736357284,11.2380406549702,42834137936
2025-03-27,8.35442299622218,5.151743460982795,11.675043096320925,42834137936
2025-03-28,8.370280091481337,5.210199982683503,11.391010004628694,42834137936
2025-03-29,8.386137186740495,5.113201804848308,11.46280124902482,42834137936
2025-03-30,8.401994281999652,5.28366503435209,11.396115267370622,42834137936
2025-03-31,8.41785137725881,5.276917296094384,11.425003600435357,42834137936
2025-02-11,1.0018291915364457,1.0018291915361826,1.001829191536705,42931108441
2025-02-12,1.0036576216522757,1.003657621652009,1.0036576216525628,42931108441
2025-02-13,1.005486051768106,1.0054860517678468,1.0054860517683768,42931108441
2025-02-14,1.007314481883936,1.0073144818836592,1.0073144818842152,42931108441
2025-02-15,1.0091429119997661,1.009142911999492,1.0091429120000255,42931108441
2025-02-16,1.0109713421155961,1.0109713421152928,1.0109713421158628,42931108441
2025-02-17,1.0127997722314264,1.0127997722311364,1.0127997722316968,42931108441
2025-02-18,1.0146282023472564,1.0146282023469644,1.0146282023475468,42931108441
2025-02-19,1.0164566324630866,1.0164566324628077,1.0164566324633781,42931108441
2025-02-20,1.0182850625789166,1.0182850625786317,1.0182850625792363,42931108441
2025-02-21,1.0201134926947468,1.0201134926944562,1.0201134926950208,42931108441
2025-02-22,1.0219419228105768,1.0219419228102915,1.0219419228108746,42931108441
2025-02-23,1.023770352926407,1.023770352926111,1.0237703529266775,42931108441
2025-02-24,1.025598783042237,1.0255987830419202,1.0255987830425253,42931108441
2025-02-25,1.0274272131580673,1.0274272131577542,1.0274272131583355,42931108441
2025-02-26,1.0292556432738975,1.0292556432735906,1.0292556432741888,42931108441
2025-02-27,1.0310840733897275,1.0310840733894415,1.0310840733900495,42931108441
2025-02-28,1.0329125035055577,1.032912503505264,1.032912503505879,42931108441
2025-03-01,1.0347409336213877,1.0347409336210407,1.0347409336216813,42931108441
2025-03-02,1.036569363737218,1.0365693637369007,1.0365693637375313,42931108441
2025-03-03,1.038397793853048,1.038397793852726,1.0383977938533502,42931108441
2025-03-04,1.0402262239688782,1.0402262239685665,1.0402262239692137,42931108441
2025-03-05,1.0420546540847082,1.0420546540843978,1.0420546540850077,42931108441
2025-03-06,1.0438830842005384,1.0438830842002045,1.0438830842008489,42931108441
2025-03-07,1.0457115143163684,1.0457115143160467,1.0457115143166744,42931108441
2025-03-08,1.0475399444321987,1.0475399444318687,1.0475399444325362,42931108441
2025-03-09,1.0493683745480284,1.049368374547685,1.049368374548361,42931108441
2025-03-10,1.0511968046638587,1.0511968046635296,1.0511968046641864,42931108441
2025-01-21,2.152873282402126,2.1528732822098995,2.152873282602642,32527221461
2025-01-22,2.1537778338984603,2.153777833687392,2.1537778341013976,32527221461
2025-01-23,2.1546823853947945,2.1546823851890844,2.154682385595628,32527221461
2025-01-24,2.1555869368911287,2.155586936682393,2.155586937085146,32527221461
2025-01-25,2.156491488387463,2.1564914881954236,2.156491488593906,32527221461
2025-01-26,2.1573960398837975,2.1573960396912435,2.157396040080906,32527221461
2025-01-27,2.1583005913801316,2.158300591180799,2.1583005915813698,32527221461
2025-01-28,2.159205142876466,2.1592051426704395,2.1592051430854635,32527221461
2025-01-29,2.1601096943728,2.160109694169624,2.1601096945771308,32527221461
2025-01-30,2.161014245869134,2.1610142456476162,2.161014246070695,32527221461
2025-01-31,2.1619187973654683,2.1619187971533993,2.1619187975687213,32527221461
2025-02-01,2.162823348861803,2.1628233486520094,2.162823349054595,32527221461
2025-02-02,2.163727900358137,2.1637279001318874,2.163727900559642,32527221461
2025-02-03,2.1646324518544713,2.1646324516399824,2.1646324520553475,32527221461
2025-02-04,2.1655370033508055,2.165537003147311,2.1655370035601162,32527221461
2025-02-05,2.1664415548471396,2.1664415546288045,2.1664415550521356,32527221461
2025-02-06,2.167346106343474,2.1673461061342074,2.167346106539737,32527221461
2025-02-07,2.168250657839808,2.1682506576225338,2.1682506580441876,32527221461
2025-02-08,2.169155209336142,2.169155209083121,2.169155209548927,32527221461
2025-02-09,2.1700597608324768,2.1700597606073395,2.1700597610420065,32527221461
2025-02-10,2.170964312328811,2.1709643120982576,2.1709643125502915,32527221461
2025-02-11,2.171868863825145,2.1718688636123664,2.171868864028963,32527221461
2025-02-12,2.1727734153214793,2.172773415074043,2.17277341553193,32527221461
2025-02-13,2.1736779668178134,2.1736779665878436,2.1736779670208706,32527221461
2025-02-14,2.1745825183141476,2.174582518073323,2.1745825185232,32527221461
2025-02-15,2.175487069810481,2.1754870695845283,2.1754870700264086,32527221461
2025-02-16,2.1763916213068155,2.1763916210827774,2.176391621514941,32527221461
2025-02-17,2.1772961728031497,2.1772961725588615,2.177296173018571,32527221461
2025-02-25,19.042106145310903,14.701321584524926,23.425090943310934,32527222047
2025-02-26,18.006628421894366,13.5769012398548,22.788129491314614,32527222047
2025-02-27,16.7947863040526,11.927846140927235,21.483337324943136,32527222047
2025-02-28,15.418749738175123,10.991421162063212,20.016901991080125,32527222047
2025-03-01,13.895373827606097,9.541250408830487,18.37905785065099,32527222047
2025-03-02,12.245846900171315,7.444567422354491,16.532755342644446,32527222047
2025-03-03,10.495194832936033,5.9574961164600815,15.315800677687788,32527222047
2025-03-04,8.671652526464657,3.9239151712568625,13.22226562016273,32527222047
2025-03-05,6.80591776696848,2.2646865237152136,11.508319743365602,32527222047
2025-03-06,4.930306701351853,0.2694536463573789,9.669121015886235,32527222047
2025-03-07,3.0778336520635743,-1.4852884443539318,7.4273357773990965,32527222047
2025-03-08,1.2812409005733887,-3.226128295143888,5.799494948867639,32527222047
2025-03-09,-0.4279937281482944,-4.818264462464054,3.898706096441217,32527222047
2025-03-10,-2.0206422215932616,-6.581816444334601,2.3749463183026944,32527222047
2025-03-11,-3.470674827588647,-8.013784943696963,1.0858871649790778,32527222047
2025-03-12,-4.7561420251128546,-9.167115657681123,0.08669818020117437,32527222047
2025-03-13,-5.859961608820157,-10.577565981483257,-1.7213886019791205,32527222047
2025-03-14,-6.770584500566724,-11.245658811855511,-2.1871742952300064,32527222047
2025-03-15,-7.482515745759681,-11.75508223560541,-3.2192245057543594,32527222047
2025-03-16,-7.996670752204796,-12.499421901745551,-3.649144152192513,32527222047
2025-03-17,-8.320551095093382,-12.886739837473625,-3.7359785530203555,32527222047
2025-03-18,-8.468229032991612,-12.514436804370586,-3.7656527538765823,32527222047
2025-03-19,-8.460135129472462,-12.685948886685589,-3.6220043181030506,32527222047
2025-03-20,-8.322648908624913,-12.888655658422024,-3.9019158523188717,32527222047
2025-03-21,-8.087498138902195,-12.732058602281535,-3.1053540302831317,32527222047
2025-03-22,-7.790977977530382,-12.158506872523603,-3.1326816747534316,32527222047
2025-03-23,-7.4730066564316395,-12.297037193338234,-2.7039021577826903,32527222047
2025-03-24,-7.1760394910498455,-11.82914110135318,-2.531064040958693,32527222047
2024-12-10,4.615772926237236,3.6803327995368833,5.658499765747499,32527222347
2024-12-11,4.633757447038091,3.689390836112486,5.590377581905715,32527222347
2024-12-12,4.651741967838946,3.679094716255906,5.655269541349676,32527222347
2024-12-13,4.669726488639801,3.6679904936724435,5.623359678364594,32527222347
2024-12-14,4.687711009440658,3.735749441125513,5.698080745901508,32527222347
2024-12-15,4.705695530241513,3.7866107689942394,5.606787743273251,32527222347
2024-12-16,4.72368005104237,3.8099520094763246,5.647056477251973,32527222347
2024-12-17,4.741664571843227,3.7942518067990276,5.6801744023200005,32527222347
2024-12-18,4.75964909264408,3.864567445619241,5.756521404875445,32527222347
2024-12-19,4.777633613444937,3.7135295467868144,5.771712098806165,32527222347
2024-12-20,4.795618134245792,3.8658134376711315,5.757193514728256,32527222347
2024-12-21,4.813602655046649,3.7865996204017898,5.75454688303221,32527222347
2024-12-22,4.831587175847504,3.9356459547663585,5.758247718815932,32527222347
2024-12-23,4.8495716966483595,3.9109872436786923,5.842154863478051,32527222347
2024-12-24,4.867556217449215,3.909470942380776,5.8212842192100105,32527222347
2024-12-25,4.8855407382500715,3.9768172809509483,5.79856314833643,32527222347
2024-12-26,4.903525259050928,3.9006401641134705,5.891579865721317,32527222347
2024-12-27,4.9215097798517835,3.9777091660852273,5.944185682529834,32527222347
2024-12-28,4.939494300652639,4.013201629585118,5.882271965577794,32527222347
2024-12-29,4.957478821453494,4.0005716413550845,5.901028314807077,32527222347
2024-12-30,4.975463342254351,3.972361511784948,5.878999136200186,32527222347
2024-12-31,4.993447863055206,4.087878292156173,5.8987095373441285,32527222347
2025-01-01,5.011432383856063,4.151724752146006,5.913228118843277,32527222347
2025-01-02,5.0294169046569195,4.047166868504057,5.970035809144993,32527222347
2025-01-03,5.047401425457773,4.125985105474799,6.005354340190564,32527222347
2025-01-04,5.06538594625863,4.008759687501126,5.975784774535007,32527222347
2025-01-05,5.083370467059485,4.084961034007957,6.0974471741924985,32527222347
2025-01-06,5.101354987860342,4.11083691204666,6.065717129100648,32527222347
2024-08-27,2.386395550945349,1.230609390994474,3.510161581237482,3252722291
2024-08-28,2.4039303561407026,1.1784310724385663,3.6105441135175367,3252722291
2024-08-29,2.421465161336055,1.193523189736498,3.4867981801924395,3252722291
2024-08-30,2.4389999665314077,1.254420967935141,3.628402937163308,3252722291
2024-08-31,2.4565347717267603,1.245254236300156,3.604523980189711,3252722291
2024-09-01,2.4740695769221137,1.321908634563997,3.6237087449319216,3252722291
2024-09-02,2.491604382117467,1.3387134413775004,3.629440445053812,3252722291
2024-09-03,2.5091391873128206,1.305876022231935,3.614972182943379,3252722291
2024-09-04,2.526673992508174,1.341379939516536,3.7267173539489455,3252722291
2024-09-05,2.5442087977035266,1.3758836640633052,3.7791949984478825,3252722291
2024-09-06,2.56174360289888,1.408090067562918,3.7335029797522186,3252722291
2024-09-07,2.5792784080942317,1.4156759405395392,3.711864260531425,3252722291
2024-09-08,2.596813213289585,1.435996403241115,3.764696443121764,3252722291
2024-09-09,2.6143480184849386,1.4165138939297428,3.860927600476177,3252722291
2024-09-10,2.631882823680292,1.4132083054820321,3.8055864462762723,3252722291
2024-09-11,2.6494176288756455,1.4388851362451172,3.7550950803106984,3252722291
2024-09-12,2.666952434070998,1.5064742598385767,3.858884247998688,3252722291
2024-09-13,2.6844872392663515,1.5266023827238948,3.848873807252598,3252722291
2024-09-14,2.702022044461705,1.4760197841927705,3.794982130238501,3252722291
2024-09-15,2.7195568496570566,1.6035916069993577,3.9687623623061437,3252722291
2024-09-16,2.73709165485241,1.5441534883204333,3.930345908856258,3252722291
2024-09-17,2.7546264600477635,1.6534550672502717,3.9061075916286394,3252722291
2024-09-18,2.772161265243116,1.5995928537925854,3.8733119808523613,3252722291
2024-09-19,2.7896960704384695,1.5355638397942875,3.9773194688872087,3252722291
2024-09-20,2.807230875633823,1.6396284725292636,3.9821773193172203,3252722291
2024-09-21,2.8247656808291763,1.6951692864378451,4.018079537131453,3252722291
2024-09-22,2.842300486024528,1.7324139225860822,3.9964027331899277,3252722291
2024-09-23,2.8598352912198814,1.634098584106034,3.987704603199356,3252722291
2024-11-26,0.4641210203590898,-0.8724539635204593,1.8097408389855871,32643461542
2024-11-27,0.46068975586425315,-0.7728183017967444,1.7788643021230048,32643461542
2024-11-28,0.4572584913694165,-0.7722175327624183,1.7439932260276563,32643461542
2024-11-29,0.4538272268745798,-0.850719179643217,1.8367078010161195,32643461542
2024-11-30,0.45039596237974316,-0.854119210298153,1.8254304994978217,32643461542
2024-12-01,0.44696469788490617,-0.8817313651420804,1.754300892714869,32643461542
2024-12-02,0.4435334333900695,-0.8676900662138405,1.7813729761911137,32643461542
2024-12-03,0.44010216889523285,-0.7719959782022057,1.8020618993345867,32643461542
2024-12-04,0.4366709044003962,-0.9625345715338866,1.7260659856039704,32643461542
2024-12-05,0.4332396399055595,-0.8087830670143448,1.8830356724861277,32643461542
2024-12-06,0.42980837541072286,-0.9987290746489247,1.8018492558665433,32643461542
2024-12-07,0.4263771109158862,-0.9099861382549131,1.7529213634418428,32643461542
2024-12-08,0.42294584642104954,-0.9216264272418773,1.6484503509602018,32643461542
2024-12-09,0.4195145819262129,-0.9154815219390119,1.684575045930869,32643461542
2024-12-10,0.4160833174313762,-0.9273110786293826,1.8604034730200423,32643461542
2024-12-11,0.4126520529365392,-0.960619185943178,1.8061152320802132,32643461542
2024-12-12,0.40922078844170257,-0.9880047107924931,1.6686958308347917,32643461542
2024-12-13,0.4057895239468659,-0.8878678948861856,1.6444314777996194,32643461542
2024-12-14,0.4023582594520289,-0.8855003673491841,1.6852366960442349,32643461542
2024-12-15,0.39892699495719225,-0.7522186197040654,1.736091635953743,32643461542
2024-12-16,0.3954957304623556,-0.9688928503155622,1.7313062448313898,32643461542
2024-12-17,0.3920644659675186,-0.9696316361720633,1.7162845797211996,32643461542
2024-12-18,0.38863320147268193,-0.9517312766182191,1.6736691745033392,32643461542
2024-12-19,0.38520193697784527,-0.9024068940240546,1.7291593228328592,32643461542
2024-12-20,0.3817706724830086,-0.9639608934475787,1.7692432138890815,32643461542
2024-12-21,0.37833940798817195,-0.9945278258581509,1.6800023132556328,32643461542
2024-12-22,0.3749081434933353,-0.8263554819691167,1.749900239680591,32643461542
2024-12-23,0.3714768789984986,-0.8277038655277814,1.5962170665893094,32643461542
2024-10-22,3.1079553688848853,1.6544210240015997,4.401589856771321,32644385273
2024-10-23,3.117045859932047,1.7492588324797906,4.575551351710664,32644385273
2024-10-24,3.1261363509792077,1.5761539403944127,4.649627645181477,32644385273
2024-10-25,3.1352268420263694,1.7074129493937997,4.421773753176911,32644385273
2024-10-26,3.14431733307353,1.789223947755385,4.478084007908263,32644385273
2024-10-27,3.1534078241206918,1.7084360963613294,4.403627780837187,32644385273
2024-10-28,3.1624983151678525,1.8491162784374091,4.604761413558214,32644385273
2024-10-29,3.1715888062150146,1.7150415917386177,4.582086552876423,32644385273
2024-10-30,3.180679297262176,1.7700111576544473,4.622904553138777,32644385273
2024-10-31,3.189769788309337,1.7097972640278818,4.585512989836748,32644385273
2024-11-01,3.1988602793564986,1.7195385609577059,4.526799416261097,32644385273
2024-11-02,3.20795077040366,1.8858798394947827,4.488651291117948,32644385273
2024-11-03,3.217041261450821,1.699889776168653,4.616625321387258,32644385273
2024-11-04,3.2261317524979822,1.8271284083724735,4.610850205930914,32644385273
2024-11-05,3.2352222435451434,1.848038858412854,4.647372037262075,32644385273
2024-11-06,3.2443127345923046,1.812976926864332,4.672634505879766,32644385273
2024-11-07,3.253403225639466,1.7357220128424644,4.67182396736978,32644385273
2024-11-08,3.262493716686627,1.8355847531709282,4.646556663956244,32644385273
2024-11-09,3.2715842077337887,1.9225159418179054,4.624642447327253,32644385273
2024-11-10,3.28067469878095,1.8731594729373666,4.72062829510225,32644385273
2024-11-11,3.289765189828111,1.8749352810145328,4.695958498064953,32644385273
2024-11-12,3.2988556808752723,1.9556631660153496,4.631253588031412,32644385273
2024-11-13,3.3079461719224335,1.9148389972257305,4.703703290122889,32644385273
2024-11-14,3.3170366629695947,1.8820426469076343,4.717397121858244,32644385273
2024-11-15,3.326127154016756,1.9859781052439363,4.600123496442187,32644385273
2024-11-16,3.335217645063917,1.8783365333626274,4.743376084071443,32644385273
2024-11-17,3.3443081361110782,1.9845970395762742,4.642855791937252,32644385273
2024-11-18,3.3533986271582394,1.947118248532909,4.85040621166037,32644385273
2024-10-08,1.4877517598568017,0.6344678363054111,2.415931482247431,32644501966
2024-10-09,1.4874148282102315,0.5828850650599587,2.3233048844628055,32644501966
2024-10-10,1.4870778965636613,0.6136071485559541,2.39778054975455,32644501966
2024-10-11,1.486740964917091,0.621361745798962,2.3814974671870566,32644501966
2024-10-12,1.4864040332705208,0.6411394332667305,2.284419647945451,32644501966
2024-10-13,1.4860671016239506,0.5689410940015466,2.363806663462463,32644501966
2024-10-14,1.4857301699773804,0.6194254886942703,2.350333694752391,32644501966
2024-10-15,1.4853932383308102,0.5162511593401481,2.323398465181527,32644501966
2024-10-16,1.48505630668424,0.6423666531136026,2.4042932412252753,32644501966
2024-10-17,1.4847193750376697,0.6063763332317703,2.395927011488235,32644501966
2024-10-18,1.4843824433910995,0.6048162274679695,2.379909795982631,32644501966
2024-10-19,1.4840455117445293,0.5599853600449696,2.3299505881029385,32644501966
2024-10-20,1.483708580097959,0.5589324030734435,2.382658964488098,32644501966
2024-10-21,1.483371648451389,0.6802515165183852,2.3658209526090133,32644501966
2024-10-22,1.4830347168048188,0.5912605166750872,2.3351904024260364,32644501966
2024-10-23,1.4826977851582486,0.5763477512632049,2.3599380216869568,32644501966
2024-10-24,1.4823608535116783,0.5763607272417626,2.3819598483409354,32644501966
2024-10-25,1.4820239218651081,0.5801592933940759,2.3297376497372735,32644501966
2024-10-26,1.481686990218538,0.5973348111246563,2.3235564617952913,32644501966
2024-10-27,1.4813500585719677,0.5639581637043687,2.3719736089078105,32644501966
2024-10-28,1.4810131269253974,0.5982709058443988,2.43600884012117,32644501966
2024-10-29,1.4806761952788272,0.5957353906407497,2.3548404904727747,32644501966
2024-10-30,1.480339263632257,0.5524281936635009,2.408881597738415,32644501966
2024-10-31,1.4800023319856868,0.6486238238410663,2.378660454117446,32644501966
2024-11-01,1.4796654003391165,0.5594274182303759,2.388546760995828,32644501966
2024-11-02,1.4793284686925463,0.600171324799692,2.333833258119198,32644501966
2024-11-03,1.478991537045976,0.5852464203441573,2.378179832054856,32644501966
2024-11-04,1.4786546053994059,0.650277841959549,2.336470078290418,32644501966
2025-02-11,0.5473896824956297,-1.5463391638787602,2.7457451923551788,32644518750
2025-02-12,0.5447483566013023,-1.6511466716383494,2.5230037569618076,32644518750
2025-02-13,0.5421070307069749,-1.5296359812883409,2.4676590732513715,32644518750
2025-02-14,0.5394657048126477,-1.5772712659064863,2.70155365762876,32644518750
2025-02-15,0.53682437891832,-1.60927330901578,2.726345097247739,32644518750
2025-02-16,0.5341830530239928,-1.388609500032212,2.6233639769092334,32644518750
2025-02-17,0.5315417271296652,-1.6171616338574224,2.672833979226335,32644518750
2025-02-18,0.5289004012353382,-1.628878245287998,2.6081239414258546,32644518750
2025-02-19,0.5262590753410108,-1.5537247454395264,2.4529243894521358,32644518750
2025-02-20,0.5236177494466834,-1.5580986147839115,2.6831315981444197,32644518750
2025-02-21,0.520976423552356,-1.6154147097145846,2.5992154451655747,32644518750
2025-02-22,0.5183350976580285,-1.567345690507425,2.757413164470461,32644518750
2025-02-23,0.5156937717637011,-1.6359098979340714,2.548851711654029,32644518750
2025-02-24,0.5130524458693739,-1.5173832435750247,2.7291429074389133,32644518750
2025-02-25,0.5104111199750463,-1.5526680657781537,2.7918490972010823,32644518750
2025-02-26,0.5077697940807191,-1.721169940923902,2.620172885102377,32644518750
2025-02-27,0.5051284681863915,-1.6308185379171782,2.6642623847830995,32644518750
2025-02-28,0.5024871422920643,-1.4917176065092628,2.5691782113397816,32644518750
2025-03-01,0.4998458163977366,-1.5200045425308935,2.501205360941144,32644518750
2025-03-02,0.4972044905034094,-1.5816926305017627,2.3809385723082976,32644518750
2025-03-03,0.4945631646090818,-1.6583838152563382,2.6304719796924654,32644518750
2025-03-04,0.49192183871475437,-1.8053770383425802,2.455787765093606,32644518750
2025-03-05,0.4892805128204274,-1.5288730205585523,2.543001146244952,32644518750
2025-03-06,0.48663918692609953,-1.567410842372309,2.583757386520969,32644518750
2025-03-07,0.48399786103177256,-1.5364402891698494,2.633425660147618,32644518750
2025-03-08,0.4813565351374449,-1.5397314366658557,2.701811389523701,32644518750
2025-03-09,0.4787152092431177,-1.6986005128972466,2.5778796182765045,32644518750
2025-03-10,0.4760738833487901,-1.5186982743299307,2.5691413998716897,32644518750
2024-10-01,1.7461213756193763,1.492921865614356,2.0085812375880794,32812905448
2024-10-02,1.7466213486769135,1.4784912872230962,1.9915474319197062,32812905448
2024-10-03,1.747121321734451,1.4983070174459234,2.0012282368179375,32812905448
2024-10-04,1.7476212947919882,1.47911821772089,2.0016751339096523,32812905448
2024-10-05,1.7481212678495257,1.4929847317041396,2.0084668404595662,32812905448
2024-10-06,1.748621240907063,1.4935534708323555,1.988557369839878,32812905448
2024-10-07,1.7491212139646004,1.518068115728988,2.0288673799717882,32812905448
2024-10-08,1.7496211870221379,1.4895635055722876,2.012928973643595,32812905448
2024-10-09,1.750121160079675,1.4997589234121937,2.0014049113190793,32812905448
2024-10-10,1.7506211331372126,1.4832318152691424,2.007516868320392,32812905448
2024-10-11,1.7511211061947498,1.494520926463877,2.018840656501543,32812905448
2024-10-12,1.7516210792522873,1.4834969934436315,2.0108879546756517,32812905448
2024-10-13,1.7521210523098245,1.5173635478179648,1.9917137250042878,32812905448
2024-10-14,1.752621025367362,1.4877993977754371,2.012105385136043,32812905448
2024-10-15,1.7531209984248994,1.4934793910797814,1.9888458957504818,32812905448
2024-10-16,1.7536209714824367,1.4843140798476027,2.0277899763606957,32812905448
2024-10-17,1.7541209445399741,1.503732807676958,2.0037397128011074,32812905448
2024-10-18,1.7546209175975114,1.4883887683039003,2.012615947058449,32812905448
2024-10-19,1.7551208906550488,1.4905791610908745,2.0187079970155395,32812905448
2024-10-20,1.755620863712586,1.497159396776008,2.00687810872103,32812905448
2024-10-21,1.7561208367701235,1.4929788922030107,2.0207306871525796,32812905448
2024-10-22,1.756620809827661,1.5080805563379194,2.012976644152281,32812905448
2024-10-23,1.7571207828851982,1.499922921641423,2.010458155372759,32812905448
2024-10-24,1.7576207559427357,1.498014889696129,2.0027270949481406,32812905448
2024-10-25,1.758120729000273,1.4964405775403156,2.0186974344013615,32812905448
2024-10-26,1.7586207020578102,1.4929620497530398,2.0175964301318374,32812905448
2024-10-27,1.7591206751153474,1.5005426030639675,2.0416527896703287,32812905448
2024-10-28,1.759620648172885,1.515791015962576,2.014778236443744,32812905448
2023-09-05,1.0,0.9999999986654233,1.0000000012978072,32815784212
2023-09-06,1.0,0.9999999984559753,1.0000000015078336,32815784212
2023-09-07,1.0,0.9999999980954062,1.0000000017678592,32815784212
2023-09-08,1.0,0.9999999972168443,1.0000000027158704,32815784212
2023-09-09,1.0,0.999999995663464,1.0000000039276622,32815784212
2023-09-10,1.0,0.999999994160012,1.0000000050130455,32815784212
2023-09-11,1.0,0.9999999921134478,1.0000000069761303,32815784212
2023-09-12,1.0,0.9999999903595378,1.0000000096424864,32815784212
2023-09-13,1.0,0.9999999879255367,1.0000000121802355,32815784212
2023-09-14,1.0,0.9999999856580034,1.0000000143086205,32815784212
2023-09-15,1.0,0.9999999831077501,1.000000017461392,32815784212
2023-09-16,1.0,0.9999999800418812,1.0000000202774841,32815784212
2023-09-17,1.0,0.9999999772327043,1.000000023112164,32815784212
2023-09-18,1.0,0.9999999742723561,1.0000000255875603,32815784212
2023-09-19,1.0,0.9999999716909923,1.0000000287618245,32815784212
2023-09-20,1.0,0.9999999678569618,1.0000000311947863,32815784212
2023-09-21,1.0,0.9999999647744987,1.0000000341380366,32815784212
2023-09-22,1.0,0.9999999605545944,1.0000000378557645,32815784212
2023-09-23,1.0,0.9999999569112701,1.000000042459038,32815784212
2023-09-24,1.0,0.9999999521653267,1.000000047366124,32815784212
2023-09-25,1.0,0.9999999482150236,1.0000000506970572,32815784212
2023-09-26,1.0,0.9999999436225807,1.0000000541047034,32815784212
2023-09-27,1.0,0.9999999387753936,1.0000000588925502,32815784212
2023-09-28,1.0,0.9999999332026408,1.0000000627556596,32815784212
2023-09-29,1.0,0.9999999314804737,1.0000000672607208,32815784212
2023-09-30,1.0,0.9999999258283254,1.0000000719616295,32815784212
2023-10-01,1.0,0.9999999210872113,1.0000000735986552,32815784212
2023-10-02,1.0,0.9999999162011436,1.0000000761236667,32815784212
2024-08-06,6.073471317257058,4.108654105219148,8.046950278189904,4299740219
2024-08-07,6.147619625260818,4.270768736834997,8.086241858176425,4299740219
2024-08-08,6.221767933264578,4.233897637495192,8.108664767971266,4299740219
2024-08-09,6.295916241268337,4.442316389183048,8.141344980920884,4299740219
2024-08-10,6.370064549272097,4.61271141852549,8.328877939465793,4299740219
2024-08-11,6.444212857275858,4.578602199468127,8.426568305467159,4299740219
2024-08-12,6.518361165279618,4.607515935406323,8.363609086982263,4299740219
2024-08-13,6.592509473283378,4.706387115605155,8.399998029654423,4299740219
2024-08-14,6.666657781287137,4.87080277623074,8.621830591383647,4299740219
2024-08-15,6.740806089290897,4.878735040205493,8.72137610729138,4299740219
2024-08-16,6.814954397294658,5.02443060165778,8.723538170848942,4299740219
2024-08-17,6.889102705298418,4.940394488471805,8.781924635942648,4299740219
2024-08-18,6.963251013302177,5.0273129535208,8.882663521433088,4299740219
2024-08-19,7.037399321305939,5.12865346055226,9.03692160710213,4299740219
2024-08-20,7.1115476293096975,5.151709891849237,9.095683836804337,4299740219
2024-08-21,7.185695937313458,5.173842903996126,9.044901276702351,4299740219
2024-08-22,7.259844245317218,5.3587284245375715,9.229983048605629,4299740219
2024-08-23,7.333992553320979,5.360420956467564,9.352675239476982,4299740219
2024-08-24,7.408140861324737,5.518941189005553,9.31431779055222,4299740219
2024-08-25,7.482289169328498,5.6603827663016615,9.349151381145917,4299740219
2024-08-26,7.556437477332258,5.650152131138333,9.429320464700105,4299740219
2024-08-27,7.630585785336018,5.749860240529951,9.606788430160238,4299740219
2024-08-28,7.704734093339779,5.906653993401781,9.64476591899818,4299740219
2024-08-29,7.778882401343537,6.170835293297489,9.927068619658378,4299740219
2024-08-30,7.853030709347298,5.969022392708923,9.697241588164811,4299740219
2024-08-31,7.927179017351058,6.063479438872378,9.824862064227736,4299740219
2024-09-01,8.001327325354818,6.131530930527658,9.950184788356719,4299740219
2024-09-02,8.075475633358577,6.34648440050821,9.993284192473505,4299740219
2024-08-20,11.826629192312176,11.826629191908024,11.826629192733089,42997420495
2024-08-21,10.971153708039747,10.97115370753916,10.971153708676507,42997420495
2024-08-22,10.115678223767318,10.114101950560224,10.119946122870866,42997420495
2024-08-23,9.260202739494886,9.253320941022366,9.272856029419723,42997420495
2024-08-24,8.404727255222465,8.39021705764474,8.42900911775235,42997420495
2024-08-25,7.549251770950031,7.526951302351315,7.584803122462109,42997420495
2024-08-26,6.693776286677602,6.663304870007796,6.748460598926607,42997420495
2024-08-27,5.83830080240517,5.796876948304139,5.905890259789351,42997420495
2024-08-28,4.982825318132747,4.928073613786414,5.069767390194466,42997420495
2024-08-29,4.127349833860315,4.053604230297969,4.229358500164579,42997420495
2024-08-30,3.271874349587886,3.1750791822688553,3.3904928537401733,42997420495
2024-08-31,2.4163988653154647,2.297923661580642,2.5592684668431076,42997420495
2024-09-01,1.5609233810430307,1.4233114166621013,1.72920285548503,42997420495
2024-09-02,0.7054478967706039,0.538420901090832,0.8980400728130709,42997420495
2024-09-03,-0.15002758750182466,-0.3348560737346901,0.05847982441076142,42997420495
2024-09-04,-1.0055030717742515,-1.2196250074014887,-0.7729066835819672,42997420495
2024-09-05,-1.8609785560466854,-2.105424161311624,-1.6016961568625958,42997420495
2024-09-06,-2.716454040319107,-2.9766277058793613,-2.4315338059772036,42997420495
2024-09-07,-3.571929524591539,-3.851669371911028,-3.259976462116589,42997420495
2024-09-08,-4.427405008863968,-4.735423592035344,-4.089197399166882,42997420495
2024-09-09,-5.282880493136396,-5.6299231552767015,-4.915893655089069,42997420495
2024-09-10,-6.138355977408825,-6.50747194701836,-5.732578756167145,42997420495
2024-09-11,-6.993831461681257,-7.401343266683659,-6.555217814499813,42997420495
2024-09-12,-7.849306945953678,-8.284857087479764,-7.386548552069882,42997420495
2024-09-13,-8.704782430226107,-9.173861581337025,-8.220193438853846,42997420495
2024-09-14,-9.560257914498536,-10.057029745956028,-9.04073043780143,42997420495
2024-09-15,-10.41573339877096,-10.947707382740713,-9.866464412961912,42997420495
2024-09-16,-11.271208883043403,-11.842889083111052,-10.684471400099435,42997420495
2024-08-27,19.120199346274962,19.120199342509657,19.12019935010963,42997430687
2024-08-28,16.240396211946994,16.24039620316612,16.240396220836697,42997430687
2024-08-29,13.360593077619033,13.36059305076917,13.360593101567334,42997430687
2024-08-30,10.480789943291065,10.480789887352909,10.480789992744572,42997430687
2024-08-31,7.600986808963107,7.60098671481602,7.600986890202093,42997430687
2024-09-01,4.721183674635135,4.721183544138874,4.721183787549431,42997430687
2024-09-02,1.8413805403071777,1.8413803726400075,1.841380684434965,42997430687
2024-09-03,-1.0384225940207799,-1.038422806579369,-1.0384224155373805,42997430687
2024-09-04,-3.9182257283487445,-3.91822598508521,-3.918225516214128,42997430687
2024-09-05,-6.798028862676709,-6.798029188463894,-6.798028604164145,42997430687
2024-09-06,-9.67783199700468,-9.677832377901728,-9.677831704365445,42997430687
2024-09-07,-12.557635131332638,-12.557635576157809,-12.55763479175247,42997430687
2024-09-08,-15.437438265660596,-15.437438791011585,-15.437437860190348,42997430687
2024-09-09,-18.317241399988568,-18.317241984088824,-18.317240924856858,42997430687
2024-09-10,-21.197044534316525,-21.197045183751474,-21.197043994775797,42997430687
2024-09-11,-24.076847668644483,-24.076848375549375,-24.076847053165515,42997430687
2024-09-12,-26.95665080297244,-26.956651571422682,-26.956650120854082,42997430687
2024-09-13,-29.836453937300412,-29.836454767490967,-29.83645317215888,42997430687
2024-09-14,-32.716257071628384,-32.71625798148866,-32.71625624260982,42997430687
2024-09-15,-35.59606020595634,-35.59606118424186,-35.59605929790187,42997430687
2024-09-16,-38.4758633402843,-38.47586440566245,-38.47586234628767,42997430687
2024-09-17,-41.35566647461227,-41.355667624752186,-41.35566539391755,42997430687
2024-09-18,-44.23546960894023,-44.23547084549275,-44.235468426832796,42997430687
2024-09-19,-47.1152727432682,-47.11527408491506,-47.11527148202032,42997430687
2024-09-20,-49.99507587759614,-49.99507731860741,-49.99507453657714,42997430687
2024-09-21,-52.874879011924115,-52.874880580914535,-52.874877595838676,42997430687
2024-09-22,-55.754682146252065,-55.75468379237767,-55.754680625607236,42997430687
2024-09-23,-58.63448528058002,-58.63448701274963,-58.63448366654648,42997430687
2025-03-04,1.6300968247127645,-4.428079592084931,7.211916646787193,37342256451
2025-03-05,1.6137751689963384,-4.356920384479063,7.0875973506759005,37342256451
2025-03-06,1.5974535132799088,-3.9724847672977193,7.045880547010831,37342256451
2025-03-07,1.5811318575634792,-3.6851696899238173,7.0794117458231405,37342256451
2025-03-08,1.5648102018470509,-4.186350034171641,7.023993783200948,37342256451
2025-03-09,1.548488546130623,-3.787293246776888,7.529174294462015,37342256451
2025-03-10,1.5321668904141934,-4.082018037797837,7.142670986856237,37342256451
2025-03-11,1.5158452346977656,-4.192799602525075,7.083101654540462,37342256451
2025-03-12,1.499523578981336,-4.224733663359002,7.278320309327242,37342256451
2025-03-13,1.4832019232649076,-3.994224951735473,7.034025080355571,37342256451
2025-03-14,1.4668802675484798,-4.18359455002027,6.8828098882582776,37342256451
2025-03-15,1.4505586118320501,-4.302029391901591,6.966455188587747,37342256451
2025-03-16,1.4342369561156205,-4.40278685161963,6.843329871276664,37342256451
2025-03-17,1.417915300399194,-3.8916374745862177,6.9145319384385875,37342256451
2025-03-18,1.4015936446827644,-4.230015583352966,6.92335988007935,37342256451
2025-03-19,1.3852719889663347,-4.187614976344775,7.134030424756982,37342256451
2025-03-20,1.3689503332499051,-3.7730157236280824,7.092293177148239,37342256451
2025-03-21,1.352628677533479,-4.288839141840503,7.130741574739324,37342256451
2025-03-22,1.3363070218170494,-4.26881884037861,6.959339610072489,37342256451
2025-03-23,1.3199853661006193,-4.212676118195379,6.968242704118291,37342256451
2025-03-24,1.3036637103841915,-3.9309190249963586,6.863181153991383,37342256451
2025-03-25,1.2873420546677636,-3.9036636601581995,6.661181341349764,37342256451
2025-03-26,1.271020398951334,-3.5217240690519827,6.487906418359979,37342256451
2025-03-27,1.2546987432349062,-4.2669970983496714,6.7531600831548,37342256451
2025-03-28,1.238377087518476,-4.087145085998549,7.324962647526095,37342256451
2025-03-29,1.2220554318020482,-4.453526774083622,6.850892907691845,37342256451
2025-03-30,1.2057337760856204,-4.608008177967998,6.763869320415174,37342256451
2025-03-31,1.1894121203691908,-4.472949149956083,6.9236397141581065,37342256451
2025-03-04,7.733123384023073,-5.072670440927126,20.62657092343545,37343374872
2025-03-05,7.717435419695568,-6.29256208605164,21.124617599295323,37343374872
2025-03-06,7.70174745536806,-5.204120170485566,22.558120976004314,37343374872
2025-03-07,7.686059491040553,-5.759772226646644,20.93794180260452,37343374872
2025-03-08,7.670371526713045,-5.3527993585737885,21.308487938286348,37343374872
2025-03-09,7.65468356238554,-5.649867259939969,20.435448987461154,37343374872
2025-03-10,7.638995598058032,-5.932233871322573,21.266909094632346,37343374872
2025-03-11,7.623307633730524,-5.973647428623731,20.399872956222165,37343374872
2025-03-12,7.607619669403017,-6.718663209912653,20.891740710752515,37343374872
2025-03-13,7.591931705075512,-6.4100939402277,20.71794749907199,37343374872
2025-03-14,7.576243740748004,-5.308111385368647,22.39009765941695,37343374872
2025-03-15,7.560555776420496,-5.382602547192944,20.73702637237141,37343374872
2025-03-16,7.5448678120929875,-6.173182366330984,20.643171854850294,37343374872
2025-03-17,7.529179847765483,-6.37229764238379,20.756646186325217,37343374872
2025-03-18,7.513491883437976,-6.584804507536593,21.280285834392487,37343374872
2025-03-19,7.497803919110468,-5.396666164853846,21.33451937609061,37343374872
2025-03-20,7.48211595478296,-5.639687081092897,19.854675026561466,37343374872
2025-03-21,7.466427990455455,-5.94723599256555,21.381155955815284,37343374872
2025-03-22,7.450740026127947,-5.077213941091816,21.104000327043657,37343374872
2025-03-23,7.43505206180044,-5.840665406973843,21.230731371998125,37343374872
2025-03-24,7.419364097472932,-5.512624787183641,21.149053503273933,37343374872
2025-03-25,7.403676133145427,-5.345707084987776,20.641272176045547,37343374872
2025-03-26,7.387988168817919,-5.611453073795104,20.89949082123829,37343374872
2025-03-27,7.3723002044904105,-5.5865594507195295,20.67002271372871,37343374872
2025-03-28,7.356612240162904,-6.37016705121505,21.576779906715426,37343374872
2025-03-29,7.340924275835397,-6.513472911331058,21.32453644990084,37343374872
2025-03-30,7.325236311507891,-5.645483923502269,20.63674813886685,37343374872
2025-03-31,7.309548347180383,-6.747476864083103,21.70137158971415,37343374872
2025-03-04,12.49305184194754,5.079425560684349,19.733590973461887,37344189072
2025-03-05,12.482609505119296,5.569998154225935,19.42647406031123,37344189072
2025-03-06,12.47216716829105,5.710482053941293,19.932565359489907,37344189072
2025-03-07,12.461724831462803,4.855537011795228,18.987710925241846,37344189072
2025-03-08,12.451282494634556,4.972584810594774,20.029275463139,37344189072
2025-03-09,12.44084015780631,5.38074228290857,19.311956292973694,37344189072
2025-03-10,12.430397820978063,4.58089418011469,20.01987730727191,37344189072
2025-03-11,12.419955484149817,4.9221440773091745,19.614357769882286,37344189072
2025-03-12,12.40951314732157,4.827821353719351,19.916256520291515,37344189072
2025-03-13,12.399070810493324,4.900496828207379,19.43756589952898,37344189072
2025-03-14,12.388628473665078,5.147044819683133,19.43211823721739,37344189072
2025-03-15,12.378186136836831,5.43236750997616,19.742421657768872,37344189072
2025-03-16,12.367743800008585,5.061636582275446,20.054248036641972,37344189072
2025-03-17,12.357301463180338,4.863876745151217,19.465122048353795,37344189072
2025-03-18,12.34685912635209,5.253542542685479,19.12854859497015,37344189072
2025-03-19,12.336416789523843,5.219824311893414,20.13728073870934,37344189072
2025-03-20,12.325974452695597,5.114210621908138,19.391152854690542,37344189072
2025-03-21,12.315532115867354,4.952951658748485,19.71619186943079,37344189072
2025-03-22,12.305089779039108,5.028331595359062,19.991676546441475,37344189072
2025-03-23,12.294647442210861,5.247284442469,19.278555705099436,37344189072
2025-03-24,12.284205105382615,5.067204756144486,19.668324161313656,37344189072
2025-03-25,12.27376276855437,4.767749217290015,19.14753126086206,37344189072
2025-03-26,12.263320431726124,5.08912333267402,19.694767374826426,37344189072
2025-03-27,12.252878094897877,5.399570244214369,19.160274697809996,37344189072
2025-03-28,12.24243575806963,5.385251748888752,19.50113601551031,37344189072
2025-03-29,12.231993421241384,5.199495129957661,19.337734995136916,37344189072
2025-03-30,12.221551084413138,5.4075832614110775,19.649312521324884,37344189072
2025-03-31,12.211108747584891,5.157745582223827,19.695195999846565,37344189072
2025-03-04,-1.5478001599236033,-7.108199689139504,4.011997777766824,37344544280
2025-03-05,-1.5799386553358201,-6.724553644674052,3.905142743918417,37344544280
2025-03-06,-1.6120771507480407,-7.243588794433209,3.9658978531868576,37344544280
2025-03-07,-1.6442156461602573,-6.619563747273399,4.1624346575712154,37344544280
2025-03-08,-1.676354141572478,-7.411368963489068,3.781091105213545,37344544280
2025-03-09,-1.7084926369846984,-7.221850712619958,3.7183772156134394,37344544280
2025-03-10,-1.7406311323969152,-7.163251097998141,3.571551159817546,37344544280
2025-03-11,-1.7727696278091358,-7.387079743164531,3.8561501103963782,37344544280
2025-03-12,-1.8049081232213602,-7.34585457756163,3.607415354552851,37344544280
2025-03-13,-1.837046618633577,-7.010975557250989,3.5883055068200274,37344544280
2025-03-14,-1.8691851140457976,-7.805264976743252,3.799460650594849,37344544280
2025-03-15,-1.9013236094580142,-7.745816164390428,3.4822950456674433,37344544280
2025-03-16,-1.933462104870235,-7.467018650289783,3.5370181481830145,37344544280
2025-03-17,-1.9656006002824553,-7.642324804161481,3.3031883498464665,37344544280
2025-03-18,-1.9977390956946721,-7.615886693852388,3.309063823202392,37344544280
2025-03-19,-2.0298775911068927,-7.614384172112916,3.8403773804669865,37344544280
2025-03-20,-2.0620160865191135,-7.570451947462892,2.8853233300512073,37344544280
2025-03-21,-2.0941545819313303,-7.898581953809715,2.9839681932020055,37344544280
2025-03-22,-2.1262930773435507,-7.619668083487581,3.33412712798339,37344544280
2025-03-23,-2.1584315727557675,-7.692532495501149,3.789908404011319,37344544280
2025-03-24,-2.190570068167988,-7.648067942411764,3.2765840987225703,37344544280
2025-03-25,-2.222708563580208,-7.859016936931301,3.575840796759868,37344544280
2025-03-26,-2.254847058992425,-7.926871233898183,3.131011465755062,37344544280
2025-03-27,-2.2869855544046453,-8.16067078536273,3.056611064570651,37344544280
2025-03-28,-2.3191240498168666,-8.200740080928458,3.0647351137331507,37344544280
2025-03-29,-2.351262545229087,-7.493357512952456,2.477198369825552,37344544280
2025-03-30,-2.3834010406413073,-7.79149719227945,3.1604263456886557,37344544280
2025-03-31,-2.415539536053524,-7.50951210849856,2.967958434134478,37344544280
2025-02-18,1.5673296109955623,0.9389342527668788,2.2085793389421657,38281454130
2025-02-19,1.568770315882954,0.9280850591758423,2.218475725218213,38281454130
2025-02-20,1.5702110207703461,0.9166184225815841,2.2156350314684015,38281454130
2025-02-21,1.5716517256577378,0.8962582323632657,2.2157610790905378,38281454130
2025-02-22,1.5730924305451293,0.906733493275331,2.165074787353005,38281454130
2025-02-23,1.5745331354325212,0.9238906106095077,2.185242793336541,38281454130
2025-02-24,1.575973840319913,0.882947175974464,2.1544001130980455,38281454130
2025-02-25,1.577414545207305,0.9428953312815984,2.2191763961467754,38281454130
2025-02-26,1.5788552500946968,0.9219379986156104,2.2502534796819287,38281454130
2025-02-27,1.5802959549820883,0.9491196939380434,2.2495101338801176,38281454130
2025-02-28,1.5817366598694804,0.9804767691650944,2.1969195138217557,38281454130
2025-03-01,1.5831773647568719,0.9423857337957104,2.1938855298126105,38281454130
2025-03-02,1.5846180696442638,0.9561937901026658,2.2608620390328875,38281454130
2025-03-03,1.5860587745316557,0.8918960854105197,2.23207588210775,38281454130
2025-03-04,1.5874994794190476,0.9191242927691594,2.1800112368812883,38281454130
2025-03-05,1.5889401843064395,0.9478394627202047,2.1978912219264313,38281454130
2025-03-06,1.590380889193831,0.9758604657067464,2.237903982365612,38281454130
2025-03-07,1.5918215940812226,0.947524765512223,2.231638417175765,38281454130
2025-03-08,1.5932622989686147,0.9117526767100467,2.2238608720683155,38281454130
2025-03-09,1.5947030038560064,0.9400758190554424,2.2594233538141215,38281454130
2025-03-10,1.5961437087433983,1.019737821578088,2.2075078656124076,38281454130
2025-03-11,1.5975844136307902,0.9902632584763149,2.2081947510256854,38281454130
2025-03-12,1.599025118518182,0.9641579185081199,2.1957278786394903,38281454130
2025-03-13,1.600465823405574,0.9609447261185781,2.217274010108099,38281454130
2025-03-14,1.6019065282929656,0.965823476916812,2.276957388779975,38281454130
2025-03-15,1.603347233180357,1.005492341683332,2.2353706486317018,38281454130
2025-03-16,1.604787938067749,0.9936404720751122,2.251015007701106,38281454130
2025-03-17,1.606228642955141,0.959728592033365,2.2663450911726977,38281454130
2024-11-05,0.5332284753228823,0.5332284751925878,0.5332284754476412,38282283940
2024-11-06,0.5320192233749532,0.5320192232361151,0.5320192235025761,38282283940
2024-11-07,0.5308099714270242,0.5308099712907924,0.5308099715655926,38282283940
2024-11-08,0.5296007194790951,0.5296007193430999,0.5296007196136348,38282283940
2024-11-09,0.5283914675311662,0.5283914673984227,0.5283914676627656,38282283940
2024-11-10,0.5271822155832371,0.5271822154433927,0.5271822157114047,38282283940
2024-11-11,0.5259729636353081,0.5259729635026064,0.525972963775142,38282283940
2024-11-12,0.5247637116873791,0.5247637115534259,0.5247637118200761,38282283940
2024-11-13,0.5235544597394501,0.5235544596009397,0.5235544598739834,38282283940
2024-11-14,0.5223452077915209,0.5223452076510902,0.5223452079303893,38282283940
2024-11-15,0.521135955843592,0.5211359557095181,0.5211359559834207,38282283940
2024-11-16,0.519926703895663,0.5199267037570148,0.5199267040331549,38282283940
2024-11-17,0.518717451947734,0.5187174518106684,0.5187174520902654,38282283940
2024-11-18,0.5175081999998048,0.5175081998669057,0.5175082001405763,38282283940
2024-11-19,0.5162989480518758,0.5162989479198373,0.5162989481862741,38282283940
2024-11-20,0.5150896961039468,0.5150896959617448,0.5150896962422091,38282283940
2024-11-21,0.5138804441560179,0.5138804440191965,0.5138804442889304,38282283940
2024-11-22,0.5126711922080888,0.5126711920666294,0.5126711923521671,38282283940
2024-11-23,0.5114619402601598,0.5114619401151057,0.5114619403982786,38282283940
2024-11-24,0.5102526883122307,0.5102526881821342,0.5102526884538602,38282283940
2024-11-25,0.5090434363643017,0.5090434362256929,0.509043436500743,38282283940
2024-11-26,0.5078341844163726,0.5078341842786172,0.5078341845556147,38282283940
2024-11-27,0.5066249324684436,0.5066249323121614,0.5066249325990847,38282283940
2024-11-28,0.5054156805205146,0.505415680372195,0.5054156806634144,38282283940
2024-11-29,0.5042064285725856,0.5042064284296491,0.5042064287064213,38282283940
2024-11-30,0.5029971766246566,0.5029971764847209,0.5029971767579205,38282283940
2024-12-01,0.5017879246767276,0.5017879245318457,0.5017879248277453,38282283940
2024-12-02,0.5005786727287984,0.5005786725886316,0.5005786728733657,38282283940
2025-03-04,0.9115642320354844,-4.235164701312231,5.924680497813568,38353593948
2025-03-05,0.9039534681428565,-4.092680217696487,6.037695703314,38353593948
2025-03-06,0.8963427042502268,-4.215852351567907,5.972245179385543,38353593948
2025-03-07,0.888731940357598,-4.242517912051532,5.987027587837142,38353593948
2025-03-08,0.8811211764649691,-3.904634826888838,6.059052728334937,38353593948
2025-03-09,0.8735104125723394,-4.112115239176473,6.414399434574058,38353593948
2025-03-10,0.8658996486797115,-4.238684308631719,5.804151882074237,38353593948
2025-03-11,0.8582888847870827,-3.9258630166982935,6.385478084165863,38353593948
2025-03-12,0.8506781208944538,-4.005367214703781,6.387220019686901,38353593948
2025-03-13,0.843067357001825,-4.278473430898484,6.072888121527676,38353593948
2025-03-14,0.8354565931091953,-4.0072623615295315,5.661281268745356,38353593948
2025-03-15,0.8278458292165674,-4.20656656196439,5.7044831153834945,38353593948
2025-03-16,0.8202350653239385,-4.177136457276168,5.72887643826432,38353593948
2025-03-17,0.8126243014313088,-3.800201042568551,5.977035739410399,38353593948
2025-03-18,0.8050135375386809,-4.487005673780432,5.826450324073144,38353593948
2025-03-19,0.797402773646052,-4.27724031873481,6.056295323962941,38353593948
2025-03-20,0.7897920097534223,-4.354510833837359,5.649594504064553,38353593948
2025-03-21,0.7821812458607944,-4.018920943969137,6.027997631579559,38353593948
2025-03-22,0.7745704819681647,-4.548255230084034,5.917043219577834,38353593948
2025-03-23,0.7669597180755368,-4.248094074505651,5.556283476148258,38353593948
2025-03-24,0.7593489541829079,-4.283573617775964,6.173196664661323,38353593948
2025-03-25,0.7517381902902782,-4.49535171376055,5.778263354055582,38353593948
2025-03-26,0.7441274263976503,-4.11312759541411,5.712252236298451,38353593948
2025-03-27,0.7365166625050215,-4.07757878403938,6.185822463856321,38353593948
2025-03-28,0.7289058986123926,-4.2532127502269566,6.054596179233017,38353593948
2025-03-29,0.7212951347197638,-4.447786155550072,6.099679857932692,38353593948
2025-03-30,0.713684370827135,-4.470092492344141,5.503117069544832,38353593948
2025-03-31,0.706073606934507,-4.377836457872897,5.161770305498209,38353593948
2024-12-31,5.012460498837305,2.00722406919868,8.095190395652795,38354014830
2025-01-01,5.007820344430733,1.8922905931921161,7.930897395454619,38354014830
2025-01-02,5.003180190024162,2.2450174214392145,8.14835673180056,38354014830
2025-01-03,4.998540035617591,1.7261407978889831,7.977454706077235,38354014830
2025-01-04,4.99389988121102,2.024861384379933,8.115307210768135,38354014830
2025-01-05,4.989259726804449,2.0741205041480173,8.061364168968302,38354014830
2025-01-06,4.984619572397878,1.962619895713112,8.037780991607361,38354014830
2025-01-07,4.9799794179913075,1.7333604254326758,8.044347027783196,38354014830
2025-01-08,4.975339263584736,2.102078902766837,8.174209294720704,38354014830
2025-01-09,4.970699109178165,1.9721140030272626,7.913978471044699,38354014830
2025-01-10,4.966058954771594,1.8396244807248836,7.999431592358752,38354014830
2025-01-11,4.961418800365022,1.8332656846740687,7.865286867832361,38354014830
2025-01-12,4.956778645958451,1.7111216535543545,7.966762842080565,38354014830
2025-01-13,4.952138491551881,2.099661807869272,7.871442357354768,38354014830
2025-01-14,4.947498337145309,1.9565501735310777,8.11587145941586,38354014830
2025-01-15,4.942858182738739,1.9219703482173547,7.885698116272923,38354014830
2025-01-16,4.938218028332168,1.986526899192052,7.934560798941754,38354014830
2025-01-17,4.933577873925596,1.7912460762402573,7.938991169366454,38354014830
2025-01-18,4.928937719519025,1.8799915361499688,7.796634936444367,38354014830
2025-01-19,4.924297565112454,1.8410100836783572,8.169789764903642,38354014830
2025-01-20,4.919657410705883,1.8738600464695343,7.963151141523546,38354014830
2025-01-21,4.915017256299312,1.7862519140478181,7.8811565007529625,38354014830
2025-01-22,4.910377101892741,1.8987182483384304,8.074046963396276,38354014830
2025-01-23,4.9057369474861705,1.9119634185344778,7.937940061229929,38354014830
2025-01-24,4.901096793079599,2.0338617327335857,8.012445856746874,38354014830
2025-01-25,4.896456638673028,1.8293339161534905,8.031570655163538,38354014830
2025-01-26,4.891816484266457,1.8026700228924994,7.787977693771769,38354014830
2025-01-27,4.887176329859885,1.87708525271242,7.979473885418187,38354014830
2025-03-04,7.735369063699867,2.9838312946833847,12.09440337441457,38354067981
2025-03-05,7.737707970777027,3.5238844306158525,12.282852819682052,38354067981
2025-03-06,7.740046877854187,3.2437470627509772,12.442459221247908,38354067981
2025-03-07,7.742385784931345,2.7305808220194527,12.503362793202841,38354067981
2025-03-08,7.744724692008505,2.773133079892094,12.489554909716096,38354067981
2025-03-09,7.747063599085667,3.1517539626116684,12.559411297324466,38354067981
2025-03-10,7.749402506162825,2.725440612121982,12.372618414246213,38354067981
2025-03-11,7.751741413239985,2.902274233621731,12.293503167593771,38354067981
2025-03-12,7.754080320317147,2.9124975450750665,12.500498722005046,38354067981
2025-03-13,7.756419227394305,3.087932747580234,12.359103747939738,38354067981
2025-03-14,7.758758134471465,2.944186492403556,11.975976980441482,38354067981
2025-03-15,7.761097041548625,3.081653116811817,12.444159362387225,38354067981
2025-03-16,7.763435948625785,3.1938098202578997,12.458766846825588,38354067981
2025-03-17,7.765774855702945,2.8749637858265493,12.3082049453163,38354067981
2025-03-18,7.768113762780105,2.7090691858545113,12.726175210130382,38354067981
2025-03-19,7.770452669857265,3.249908990534801,12.813328536871294,38354067981
2025-03-20,7.772791576934425,3.3148006458296333,12.436974206701871,38354067981
2025-03-21,7.775130484011585,2.9877221646823786,12.584408207580113,38354067981
2025-03-22,7.777469391088745,2.8600497350879523,12.526435821424334,38354067981
2025-03-23,7.779808298165905,3.01448340192834,12.293333543626376,38354067981
2025-03-24,7.782147205243065,2.8970494299810854,12.656008972805768,38354067981
2025-03-25,7.784486112320225,3.2682305716860345,12.435064503412669,38354067981
2025-03-26,7.786825019397385,3.42947646485256,12.508943721488432,38354067981
2025-03-27,7.789163926474545,2.883896242696297,12.6603754698562,38354067981
2025-03-28,7.791502833551705,2.7508593176252667,12.437594472231174,38354067981
2025-03-29,7.793841740628865,3.3264524632448524,12.53856018765922,38354067981
2025-03-30,7.796180647706024,3.4455290230109754,12.839662444019634,38354067981
2025-03-31,7.798519554783184,3.3191994828045064,12.150711605361778,38354067981
2023-10-24,2.1028050933894127,1.673780695421518,2.490229958159554,38354074222
2023-10-25,2.0899897668164726,1.6909608272502128,2.522444615229416,38354074222
2023-10-26,2.0771744402435326,1.6802978346438893,2.506188364035022,38354074222
2023-10-27,2.0643591136705925,1.6882613549684578,2.4801688022912867,38354074222
2023-10-28,2.051543787097653,1.6547757239333492,2.4727521007601143,38354074222
2023-10-29,2.038728460524713,1.6522305683425804,2.4406600109763086,38354074222
2023-10-30,2.025913133951773,1.6109100840242023,2.4394704343152718,38354074222
2023-10-31,2.013097807378833,1.6299815299738183,2.4026758072652594,38354074222
2023-11-01,2.0002824808058928,1.609309478435074,2.4129550129084145,38354074222
2023-11-02,1.9874671542329527,1.5947868564404781,2.3684478201574573,38354074222
2023-11-03,1.9746518276600127,1.5914477577779844,2.420378564058774,38354074222
2023-11-04,1.9618365010870726,1.5889384081614302,2.36836776832814,38354074222
2023-11-05,1.9490211745141328,1.5294048118481751,2.3612699539238085,38354074222
2023-11-06,1.9362058479411928,1.5641369986448983,2.3261056690961377,38354074222
2023-11-07,1.923390521368253,1.5348464598166451,2.3431260457980754,38354074222
2023-11-08,1.9105751947953131,1.4971745152528046,2.317138181919062,38354074222
2023-11-09,1.897759868222373,1.5108839088067865,2.2941326217291844,38354074222
2023-11-10,1.884944541649433,1.5107161581332507,2.2852974838743623,38354074222
2023-11-11,1.872129215076493,1.4643529777540787,2.291369876806626,38354074222
2023-11-12,1.8593138885035532,1.467733196682618,2.280783005476987,38354074222
2023-11-13,1.8464985619306131,1.4745453796312187,2.2592557259483317,38354074222
2023-11-14,1.833683235357673,1.4044263514612552,2.199871084544542,38354074222
2023-11-15,1.820867908784733,1.436043389003903,2.2146641241164566,38354074222
2023-11-16,1.808052582211793,1.385452428846247,2.179770145641319,38354074222
2023-11-17,1.7952372556388532,1.4056509114922522,2.191848221095915,38354074222
2023-11-18,1.7824219290659131,1.3732278167977578,2.2328760298356,38354074222
2023-11-19,1.7696066024929733,1.3704539914476963,2.156708081137736,38354074222
2023-11-20,1.7567912759200333,1.3757273680875437,2.130504555610225,38354074222
2025-01-07,6.679082593518978,6.390574659612885,6.969538504816042,38675272223
2025-01-08,6.706661507811654,6.4227559147937745,6.99499395699575,38675272223
2025-01-09,6.734240422104329,6.441785016432457,7.02419302216174,38675272223
2025-01-10,6.761819336397005,6.47956939916801,7.0404115442401345,38675272223
2025-01-11,6.789398250689681,6.483990860204864,7.049811633252981,38675272223
2025-01-12,6.816977164982357,6.531992179467703,7.121646273723753,38675272223
2025-01-13,6.844556079275033,6.5605421421855326,7.123872018644961,38675272223
2025-01-14,6.87213499356771,6.572732926449498,7.1746185608435376,38675272223
2025-01-15,6.899713907860384,6.604785266514873,7.175667938981415,38675272223
2025-01-16,6.927292822153062,6.6317208849564135,7.220813631395085,38675272223
2025-01-17,6.954871736445738,6.672164526373997,7.238133608373861,38675272223
2025-01-18,6.9824506507384125,6.675185639521926,7.261635112200451,38675272223
2025-01-19,7.010029565031089,6.735636052452452,7.2946041559874075,38675272223
2025-01-20,7.037608479323765,6.717201659580423,7.324304322879287,38675272223
2025-01-21,7.06518739361644,6.757004979534181,7.350744680899469,38675272223
2025-01-22,7.092766307909117,6.789082817232996,7.380229826442387,38675272223
2025-01-23,7.1203452222017924,6.8118006651554355,7.411483792158492,38675272223
2025-01-24,7.147924136494468,6.85031487320188,7.443013959679581,38675272223
2025-01-25,7.175503050787144,6.8813469045266995,7.476569455170132,38675272223
2025-01-26,7.203081965079821,6.920858643797804,7.526392034787831,38675272223
2025-01-27,7.230660879372497,6.9348766722718835,7.510734726764969,38675272223
2025-01-28,7.258239793665172,6.967824818467719,7.524377834724208,38675272223
2025-01-29,7.285818707957849,6.9938014180191646,7.575792582847912,38675272223
2025-01-30,7.313397622250524,7.013453103198249,7.615151789346873,38675272223
2025-01-31,7.3409765365432,7.069795710015383,7.624284073795635,38675272223
2025-02-01,7.368555450835876,7.084936046398601,7.650783851148582,38675272223
2025-02-02,7.396134365128552,7.103431766524462,7.681712193323702,38675272223
2025-02-03,7.423713279421228,7.140931819521097,7.7039012036043335,38675272223
2025-01-07,2.875083266716949,2.875083266618287,2.875083266809362,38676507640
2025-01-08,2.889076434411101,2.8890764343151627,2.889076434506217,38676507640
2025-01-09,2.903069602105253,2.9030696020015996,2.9030696022010565,38676507640
2025-01-10,2.917062769799405,2.9170627697053373,2.9170627698981653,38676507640
2025-01-11,2.931055937493557,2.931055937398629,2.9310559375935368,38676507640
2025-01-12,2.9450491051877092,2.9450491050793897,2.9450491052950296,38676507640
2025-01-13,2.9590422728818613,2.9590422727806573,2.959042272996993,38676507640
2025-01-14,2.9730354405760138,2.973035440463482,2.973035440687306,38676507640
2025-01-15,2.9870286082701654,2.9870286081503674,2.987028608387868,38676507640
2025-01-16,3.0010217759643174,3.001021775852359,3.0010217760896896,38676507640
2025-01-17,3.0150149436584694,3.015014943547944,3.015014943772759,38676507640
2025-01-18,3.0290081113526215,3.0290081112375518,3.0290081114846292,38676507640
2025-01-19,3.0430012790467735,3.0430012789218734,3.0430012791900025,38676507640
2025-01-20,3.0569944467409256,3.0569944466059416,3.0569944468863897,38676507640
2025-01-21,3.070987614435078,3.0709876142967896,3.0709876145815374,38676507640
2025-01-22,3.0849807821292297,3.0849807819870043,3.084980782279928,38676507640
2025-01-23,3.098973949823382,3.098973949670426,3.098973949986911,38676507640
2025-01-24,3.1129671175175337,3.1129671173509608,3.112967117672769,38676507640
2025-01-25,3.126960285211686,3.126960285044891,3.126960285393645,38676507640
2025-01-26,3.140953452905838,3.14095345271913,3.1409534531358294,38676507640
2025-01-27,3.15494662059999,3.154946620385215,3.154946620871402,38676507640
2025-01-28,3.168939788294142,3.168939787999633,3.1689397885968162,38676507640
2025-01-29,3.182932955988294,3.182932955649221,3.1829329564201236,38676507640
2025-01-30,3.1969261236824464,3.196926123286263,3.1969261240670894,38676507640
2025-01-31,3.210919291376598,3.210919290903647,3.2109192918413667,38676507640
2025-02-01,3.2249124590707505,3.2249124584945603,3.224912459553735,38676507640
2025-02-02,3.238905626764902,3.2389056260857507,3.238905627355337,38676507640
2025-02-03,3.2528987944590546,3.2528987937655773,3.252898795137043,38676507640
2025-01-28,-2.217373457956885,-2.4976489380236755,-1.9116134410246768,38676661854
2025-01-29,-2.236242233465814,-2.5409252951254513,-1.9049569100281891,38676661854
2025-01-30,-2.255111008974744,-2.580762771092755,-1.950178824809738,38676661854
2025-01-31,-2.2739797844836733,-2.5664469508585794,-1.9755827886590769,38676661854
2025-02-01,-2.2928485599926023,-2.5926197251820597,-1.9708779584081622,38676661854
2025-02-02,-2.3117173355015312,-2.6088310344393344,-2.001493565732964,38676661854
2025-02-03,-2.330586111010461,-2.607949657071532,-2.015819094409981,38676661854
2025-02-04,-2.34945488651939,-2.6422310942682796,-2.041498414603621,38676661854
2025-02-05,-2.3683236620283195,-2.677819926255211,-2.0597505105704967,38676661854
2025-02-06,-2.3871924375372484,-2.6840355322411584,-2.080286466110162,38676661854
2025-02-07,-2.4060612130461774,-2.6989361235833726,-2.105169010219876,38676661854
2025-02-08,-2.424929988555107,-2.7186520459775543,-2.1335150566448613,38676661854
2025-02-09,-2.443798764064036,-2.764620077978612,-2.14210063828899,38676661854
2025-02-10,-2.462667539572965,-2.7662031323018086,-2.1500401334589743,38676661854
2025-02-11,-2.4815363150818945,-2.7863554291727293,-2.1685606843712195,38676661854
2025-02-12,-2.500405090590824,-2.7999153128483636,-2.1850826103876386,38676661854
2025-02-13,-2.5192738660997533,-2.823315594426272,-2.210161069538333,38676661854
2025-02-14,-2.5381426416086827,-2.8703201574364114,-2.2504363163055108,38676661854
2025-02-15,-2.5570114171176113,-2.874255170106695,-2.262470080858671,38676661854
2025-02-16,-2.5758801926265407,-2.8867827760772946,-2.269862012316804,38676661854
2025-02-17,-2.59474896813547,-2.885810726155678,-2.2617433121558266,38676661854
2025-02-18,-2.6136177436443995,-2.906343506528375,-2.310334351089052,38676661854
2025-02-19,-2.632486519153329,-2.9458856536503735,-2.309091078436357,38676661854
2025-02-20,-2.6513552946622574,-2.95827392130192,-2.36225614269538,38676661854
2025-02-21,-2.6702240701711877,-2.974406523537213,-2.3358855810499026,38676661854
2025-02-22,-2.689092845680116,-2.985900216745097,-2.403647551289629,38676661854
2025-02-23,-2.7079616211890456,-3.0122720508701812,-2.4013932706566763,38676661854
2025-02-24,-2.7268303966979737,-3.0200771136718805,-2.410479563801406,38676661854
2025-01-14,1.2491725463143304,0.7495960564257474,1.7372172931209344,38676704412
2025-01-15,1.25077958033662,0.7865559143548213,1.726221948425716,38676704412
2025-01-16,1.2523866143589095,0.7583411047226406,1.7379987507633188,38676704412
2025-01-17,1.2539936483811993,0.7622874515205704,1.704418497539912,38676704412
2025-01-18,1.255600682403489,0.7777646306708127,1.716986066375542,38676704412
2025-01-19,1.2572077164257787,0.7981751410966247,1.7419583772655518,38676704412
2025-01-20,1.2588147504480682,0.7978291001643634,1.7473330240763099,38676704412
2025-01-21,1.260421784470358,0.7689404312353038,1.7220078108802883,38676704412
2025-01-22,1.2620288184926478,0.7479916296492697,1.7346425565369856,38676704412
2025-01-23,1.2636358525149374,0.7852174703886893,1.7265958693244199,38676704412
2025-01-24,1.265242886537227,0.7331886415155606,1.7274289409464736,38676704412
2025-01-25,1.2668499205595167,0.7711289525194484,1.7669201922837539,38676704412
2025-01-26,1.2684569545818065,0.773419477700653,1.7287347406625855,38676704412
2025-01-27,1.270063988604096,0.7936331625698956,1.7212239049216813,38676704412
2025-01-28,1.2716710226263856,0.7703591945185482,1.7447351483621754,38676704412
2025-01-29,1.2732780566486754,0.8345320923154714,1.7563166231545035,38676704412
2025-01-30,1.274885090670965,0.8092850100139951,1.7221683153012792,38676704412
2025-01-31,1.2764921246932546,0.7822048070030904,1.7554105618562224,38676704412
2025-02-01,1.2780991587155444,0.7894261827759903,1.7640335482309626,38676704412
2025-02-02,1.2797061927378341,0.8262521852333511,1.7559018588641673,38676704412
2025-02-03,1.2813132267601237,0.7947559229797283,1.7548888785070176,38676704412
2025-02-04,1.2829202607824133,0.8278149617468633,1.769023046759497,38676704412
2025-02-05,1.284527294804703,0.8069139239826113,1.7704618042803242,38676704412
2025-02-06,1.2861343288269929,0.796240873996503,1.7500363297859112,38676704412
2025-02-07,1.2877413628492824,0.8070248127596428,1.763400346333814,38676704412
2025-02-08,1.289348396871572,0.7784443266940336,1.8049067320373684,38676704412
2025-02-09,1.2909554308938616,0.8208229347178749,1.781220481676227,38676704412
2025-02-10,1.2925624649161511,0.8330976817024244,1.7900197708283956,38676704412
2024-11-12,1.017667106559208,1.0176671065144454,1.01766710660401,38676726059
2024-11-13,1.0353322494355628,1.0353322493828914,1.0353322494806412,38676726059
2024-11-14,1.0529973923119176,1.0529973922555258,1.052997392357132,38676726059
2024-11-15,1.0706625351882728,1.0706625351300973,1.070662535240473,38676726059
2024-11-16,1.0883276780646276,1.0883276780009559,1.0883276781241633,38676726059
2024-11-17,1.1059928209409824,1.1059928208707992,1.1059928210033465,38676726059
2024-11-18,1.1236579638173374,1.1236579637339803,1.1236579638823518,38676726059
2024-11-19,1.1413231066936924,1.1413231065158025,1.141323106765069,38676726059
2024-11-20,1.1589882495700472,1.15898824911022,1.1589882496493178,38676726059
2024-11-21,1.1766533924464022,1.176653391637663,1.1766533925443365,38676726059
2024-11-22,1.1943185353227572,1.1943185341477418,1.1943185355719077,38676726059
2024-11-23,1.211983678199112,1.2119836765847554,1.2119836786743667,38676726059
2024-11-24,1.2296488210754668,1.2296488190017218,1.229648821753435,38676726059
2024-11-25,1.2473139639518218,1.247313961387698,1.2473139648184812,38676726059
2024-11-26,1.2649791068281768,1.26497910379289,1.2649791079505763,38676726059
2024-11-27,1.2826442497045316,1.282644246240339,1.2826442510423723,38676726059
2024-11-28,1.3003093925808868,1.3003093885225918,1.3003093944126036,38676726059
2024-11-29,1.3179745354572412,1.3179745306227388,1.3179745377486571,38676726059
2024-11-30,1.3356396783335964,1.3356396728442204,1.3356396812428482,38676726059
2024-12-01,1.3533048212099512,1.353304814916534,1.3533048244961798,38676726059
2024-12-02,1.370969964086306,1.370969957047864,1.3709699678191365,38676726059
2024-12-03,1.3886351069626612,1.3886350991240735,1.3886351112761877,38676726059
2024-12-04,1.406300249839016,1.4063002409665397,1.4063002545399528,38676726059
2024-12-05,1.4239653927153708,1.4239653831692438,1.4239653978920408,38676726059
2024-12-06,1.441630535591726,1.4416305254834842,1.4416305411599302,38676726059
2024-12-07,1.4592956784680808,1.459295667319551,1.4592956843937193,38676726059
2024-12-08,1.4769608213444356,1.4769608091508442,1.4769608278697526,38676726059
2024-12-09,1.4946259642207909,1.4946259513478608,1.4946259713345278,38676726059
2025-02-18,4.622161673989481,3.1811937699183925,6.071000949159363,38676919811
2025-02-19,4.638466735260086,3.1906430913411077,5.994678613765299,38676919811
2025-02-20,4.6547717965306905,3.335441064879263,6.003925320729419,38676919811
2025-02-21,4.671076857801296,3.188787303191707,5.985343253708954,38676919811
2025-02-22,4.6873819190719015,3.2877650099577043,6.117497180117505,38676919811
2025-02-23,4.703686980342506,3.301537590578641,6.186241527863595,38676919811
2025-02-24,4.719992041613111,3.4335643019463866,6.103746375476464,38676919811
2025-02-25,4.736297102883716,3.4406848574252393,6.223185201718996,38676919811
2025-02-26,4.752602164154322,3.4228874196423753,6.144047735441905,38676919811
2025-02-27,4.768907225424926,3.403480082123745,6.117382013818658,38676919811
2025-02-28,4.785212286695532,3.3656371678563475,6.182744139647445,38676919811
2025-03-01,4.8015173479661355,3.4017668234956218,6.239160816734947,38676919811
2025-03-02,4.817822409236741,3.3619219477184856,6.284055136521236,38676919811
2025-03-03,4.834127470507346,3.4589822681970865,6.266980944173974,38676919811
2025-03-04,4.850432531777951,3.4758524938165047,6.271560659451959,38676919811
2025-03-05,4.866737593048556,3.463188471135622,6.230658166876355,38676919811
2025-03-06,4.883042654319161,3.4789763706647094,6.3571010333199895,38676919811
2025-03-07,4.899347715589766,3.5873080794604726,6.381027902347248,38676919811
2025-03-08,4.915652776860371,3.4186910204143137,6.402852147819919,38676919811
2025-03-09,4.931957838130977,3.571499298936105,6.312819334103067,38676919811
2025-03-10,4.948262899401581,3.5450496430358456,6.306465883556519,38676919811
2025-03-11,4.964567960672186,3.6746089832269946,6.414697555516894,38676919811
2025-03-12,4.9808730219427915,3.5808592724525146,6.406002002115894,38676919811
2025-03-13,4.997178083213397,3.615806911136939,6.406396218416353,38676919811
2025-03-14,5.013483144484001,3.6861573522084177,6.396039830569498,38676919811
2025-03-15,5.029788205754606,3.574946435136565,6.3694129127816455,38676919811
2025-03-16,5.046093267025212,3.7333000732839388,6.342639753594575,38676919811
2025-03-17,5.062398328295817,3.633847307892267,6.413443320716889,38676919811
2025-01-28,1.9585692741318839,0.2639104883304454,3.80120949242856,38676944496
2025-01-29,1.9571100620260575,0.1518242720352864,3.675059652556645,38676944496
2025-01-30,1.9556508499202312,0.09773350023568632,3.677773467696424,38676944496
2025-01-31,1.9541916378144053,0.10240681054259168,3.6768135756727975,38676944496
2025-02-01,1.9527324257085794,0.2868741801500217,3.716325633940397,38676944496
2025-02-02,1.951273213602753,0.2352728308835258,3.705188754098125,38676944496
2025-02-03,1.9498140014969272,0.20405555949791712,3.4443163753138237,38676944496
2025-02-04,1.9483547893911008,0.1741884836314252,3.6171311086445646,38676944496
2025-02-05,1.946895577285275,0.3830978575572761,3.6161146531368242,38676944496
2025-02-06,1.9454363651794486,0.2703310059242082,3.7180090698623522,38676944496
2025-02-07,1.9439771530736223,0.22997206012102664,3.643183097528753,38676944496
2025-02-08,1.9425179409677964,0.20167489730084254,3.7356550636945407,38676944496
2025-02-09,1.94105872886197,0.14863185562408834,3.6448766069042557,38676944496
2025-02-10,1.9395995167561437,0.31212578387733775,3.7478892169856177,38676944496
2025-02-11,1.9381403046503178,0.236439541632101,3.7244971258153114,38676944496
2025-02-12,1.936681092544492,0.26282456914659935,3.6233576259405016,38676944496
2025-02-13,1.9352218804386656,0.18432997352464456,3.5742743184247727,38676944496
2025-02-14,1.9337626683328397,0.17261935654114205,3.5522873708532248,38676944496
2025-02-15,1.9323034562270134,0.19993824059104234,3.7904990075506597,38676944496
2025-02-16,1.9308442441211875,0.217571137654004,3.6003340571806057,38676944496
2025-02-17,1.9293850320153612,0.38339524637502514,3.6894442687612905,38676944496
2025-02-18,1.9279258199095348,0.2827081567773894,3.6398264924781216,38676944496
2025-02-19,1.926466607803709,0.2591929199461985,3.6942492296298894,38676944496
2025-02-20,1.9250073956978826,0.23270227780933683,3.6871878716737534,38676944496
2025-02-21,1.9235481835920563,0.06057700360528864,3.5838850332211547,38676944496
2025-02-22,1.9220889714862304,0.3174574167096442,3.704473789572606,38676944496
2025-02-23,1.920629759380404,0.28089395793953625,3.6318660101521223,38676944496
2025-02-24,1.9191705472745781,0.19652983416927272,3.538079102341877,38676944496
2025-02-04,1.911079425080078,1.0525721532648065,2.746880083475844,38677029055
2025-02-05,1.9138186048006771,1.1571399274705527,2.7592570405685493,38677029055
2025-02-06,1.9165577845212765,1.0332823233349264,2.758156185026673,38677029055
2025-02-07,1.9192969642418753,1.186899517789842,2.7350039473513195,38677029055
2025-02-08,1.922036143962475,1.07984916368295,2.6839645224765176,38677029055
2025-02-09,1.9247753236830738,1.1188422785144017,2.735011939377157,38677029055
2025-02-10,1.927514503403673,1.17007873451308,2.756210829580027,38677029055
2025-02-11,1.9302536831242723,1.135198437937513,2.7333400750050356,38677029055
2025-02-12,1.9329928628448716,1.1035424424537605,2.7479994265664733,38677029055
2025-02-13,1.9357320425654707,1.1412871870116428,2.725474708662121,38677029055
2025-02-14,1.9384712222860698,1.1106316341874483,2.7601877643371306,38677029055
2025-02-15,1.9412104020066692,1.1142138300349402,2.7194330072724076,38677029055
2025-02-16,1.9439495817272685,1.147546673831637,2.737132448205939,38677029055
2025-02-17,1.9466887614478676,1.1619021461452226,2.727245504872393,38677029055
2025-02-18,1.9494279411684665,1.1737468797634112,2.7610279540185627,38677029055
2025-02-19,1.9521671208890656,1.1263146612660482,2.7715918499455103,38677029055
2025-02-20,1.954906300609665,1.1440271574005443,2.7583363914270307,38677029055
2025-02-21,1.9576454803302643,1.1521143855429474,2.8006172410862544,38677029055
2025-02-22,1.9603846600508634,1.1945354587816746,2.7426274045061687,38677029055
2025-02-23,1.9631238397714625,1.1765698470328811,2.848567399913559,38677029055
2025-02-24,1.9658630194920619,1.1485774464613898,2.7369438123967758,38677029055
2025-02-25,1.9686021992126612,1.0966728633343723,2.766413974371842,38677029055
2025-02-26,1.9713413789332603,1.1822769507214366,2.7533639725263246,38677029055
2025-02-27,1.9740805586538592,1.175658132380883,2.7703935131106183,38677029055
2025-02-28,1.9768197383744588,1.1798641120190585,2.850275128122934,38677029055
2025-03-01,1.9795589180950577,1.1314235771484067,2.808155745538991,38677029055
2025-03-02,1.982298097815657,1.1060474006885264,2.800854482176958,38677029055
2025-03-03,1.9850372775362561,1.2800245367393377,2.804543646736224,38677029055
2025-02-25,3.2246091024354464,2.2937900607217876,4.072448633829852,38677032646
2025-02-26,3.2304185850721754,2.351525592572522,4.161324732713431,38677032646
2025-02-27,3.2362280677089044,2.3121406737663954,4.149158939868062,38677032646
2025-02-28,3.2420375503456333,2.3876243974987514,4.166487904424265,38677032646
2025-03-01,3.247847032982362,2.3695832251005444,4.210353335139213,38677032646
2025-03-02,3.253656515619091,2.3729824327062583,4.167280630343241,38677032646
2025-03-03,3.25946599825582,2.372948128879783,4.057331580559725,38677032646
2025-03-04,3.265275480892549,2.3903559988025282,4.172032014270597,38677032646
2025-03-05,3.271084963529278,2.411409867032135,4.174204083306752,38677032646
2025-03-06,3.276894446166007,2.337128841096522,4.104311942302172,38677032646
2025-03-07,3.2827039288027358,2.3421232642600383,4.1726354075708905,38677032646
2025-03-08,3.2885134114394647,2.3946424304318423,4.213747267935883,38677032646
2025-03-09,3.2943228940761937,2.432055073313234,4.197376456491842,38677032646
2025-03-10,3.3001323767129227,2.4812462597229668,4.153196794283671,38677032646
2025-03-11,3.305941859349652,2.4142652877891058,4.157263714518702,38677032646
2025-03-12,3.311751341986381,2.4419082333643463,4.240752069581111,38677032646
2025-03-13,3.31756082462311,2.462427206352626,4.181853502326524,38677032646
2025-03-14,3.323370307259839,2.3968639682487067,4.168151285394361,38677032646
2025-03-15,3.3291797898965676,2.4382277002436923,4.202363141055938,38677032646
2025-03-16,3.3349892725332966,2.458269653186296,4.193866066381594,38677032646
2025-03-17,3.3407987551700256,2.446421568635151,4.213722904797009,38677032646
2025-03-18,3.3466082378067545,2.481980584672346,4.262147445957662,38677032646
2025-03-19,3.3524177204434835,2.514404445283784,4.310127954508986,38677032646
2025-03-20,3.3582272030802125,2.484578213509212,4.223008002253759,38677032646
2025-03-21,3.3640366857169415,2.4740135160618903,4.207375341250299,38677032646
2025-03-22,3.3698461683536705,2.4681393681312644,4.319794585042878,38677032646
2025-03-23,3.3756556509903994,2.45746869930424,4.2934550188754175,38677032646
2025-03-24,3.3814651336271284,2.4944244958714874,4.298211563613158,38677032646
2025-02-25,5.601604079921891,4.204267783091335,7.033540432877322,38677051225
2025-02-26,5.618874427363556,4.123329171333392,6.990416157326774,38677051225
2025-02-27,5.636144774805221,4.222887185771416,7.12923982778474,38677051225
2025-02-28,5.653415122246887,4.25667297791019,7.082337809420776,38677051225
2025-03-01,5.670685469688552,4.261996140511843,7.1663530479755675,38677051225
2025-03-02,5.6879558171302165,4.339264902721972,7.181513585341791,38677051225
2025-03-03,5.705226164571883,4.227477614067646,7.1921828194158826,38677051225
2025-03-04,5.722496512013548,4.301095544650656,7.154648634603376,38677051225
2025-03-05,5.739766859455214,4.261356566024731,7.1678352592620405,38677051225
2025-03-06,5.757037206896879,4.340495322708665,7.265153074683187,38677051225
2025-03-07,5.774307554338543,4.34926957249934,7.194656123987122,38677051225
2025-03-08,5.79157790178021,4.3399571678815025,7.237561904693029,38677051225
2025-03-09,5.8088482492218745,4.3649403909275835,7.178229681382011,38677051225
2025-03-10,5.826118596663541,4.482642706975482,7.365750352392172,38677051225
2025-03-11,5.843388944105206,4.428880527329641,7.273800754170871,38677051225
2025-03-12,5.860659291546872,4.400823286901245,7.3037407731463375,38677051225
2025-03-13,5.877929638988537,4.419106189974289,7.270535493318208,38677051225
2025-03-14,5.895199986430201,4.511529228846271,7.374033387850548,38677051225
2025-03-15,5.912470333871868,4.444435832911871,7.317835751858809,38677051225
2025-03-16,5.9297406813135325,4.476909044272015,7.439523723569001,38677051225
2025-03-17,5.947011028755199,4.4599946371072825,7.284907225589309,38677051225
2025-03-18,5.964281376196864,4.357567181936293,7.41050216968949,38677051225
2025-03-19,5.981551723638528,4.650062411515318,7.516943967928766,38677051225
2025-03-20,5.998822071080195,4.450953171395061,7.421511347971788,38677051225
2025-03-21,6.016092418521859,4.530402788124292,7.487337459745585,38677051225
2025-03-22,6.033362765963526,4.521364187411964,7.396871952534652,38677051225
2025-03-23,6.05063311340519,4.606683045512785,7.472962341656226,38677051225
2025-03-24,6.067903460846855,4.582481596660204,7.473622232539497,38677051225
2025-02-25,7.505035678201857,5.098091529600388,9.825436912915672,38677090284
2025-02-26,7.541612407033972,5.139985043638055,9.970842523249303,38677090284
2025-02-27,7.578189135866088,5.015079891893989,9.982965681490489,38677090284
2025-02-28,7.614765864698203,5.288569710528736,10.173881110604166,38677090284
2025-03-01,7.651342593530318,5.177793596232972,10.016212729897463,38677090284
2025-03-02,7.6879193223624345,5.38369020988382,10.139533927198848,38677090284
2025-03-03,7.724496051194551,5.266666850164088,10.22408689939186,38677090284
2025-03-04,7.761072780026666,5.149285551458806,10.187081480252305,38677090284
2025-03-05,7.7976495088587825,5.337967485054598,10.126777146603832,38677090284
2025-03-06,7.834226237690899,5.369750333373125,10.369431698960202,38677090284
2025-03-07,7.870802966523014,5.388636350871636,10.337924507646768,38677090284
2025-03-08,7.9073796953551305,5.368578295106998,10.4562028684039,38677090284
2025-03-09,7.943956424187245,5.5856636857141755,10.439170242714178,38677090284
2025-03-10,7.98053315301936,5.690040604028991,10.332666868435744,38677090284
2025-03-11,8.017109881851479,5.712009105250824,10.478062263410882,38677090284
2025-03-12,8.053686610683595,5.733667556140436,10.375625487488728,38677090284
2025-03-13,8.090263339515712,5.537135752396991,10.48954275794024,38677090284
2025-03-14,8.126840068347827,5.640925936600307,10.581123380333484,38677090284
2025-03-15,8.163416797179941,5.83060507936222,10.686620195107768,38677090284
2025-03-16,8.199993526012058,5.881135129299146,10.586692162309264,38677090284
2025-03-17,8.236570254844173,5.610919863206606,10.687737872421753,38677090284
2025-03-18,8.27314698367629,5.84515116792157,10.927199434632646,38677090284
2025-03-19,8.309723712508406,5.819385306950846,10.65503129244864,38677090284
2025-03-20,8.34630044134052,5.917333085344366,10.644276955123942,38677090284
2025-03-21,8.382877170172637,6.110100647888296,10.648710455820224,38677090284
2025-03-22,8.419453899004754,5.943005123680063,10.868385407950747,38677090284
2025-03-23,8.456030627836869,6.013204278737835,11.098779310738077,38677090284
2025-03-24,8.492607356668984,6.2350753720691445,10.966499190577752,38677090284
2025-02-11,3.7183187190855067,2.245522424887724,5.088109855698682,38677235450
2025-02-12,3.7245568211510633,2.2613117029057657,5.073346454518177,38677235450
2025-02-13,3.730794923216619,2.290770352992171,5.064089451180555,38677235450
2025-02-14,3.7370330252821757,2.3401717719898953,5.24026522482518,38677235450
2025-02-15,3.7432711273477315,2.39255896886291,5.194923546831006,38677235450
2025-02-16,3.7495092294132877,2.3614995364010927,5.092813781915082,38677235450
2025-02-17,3.755747331478844,2.176154534285697,5.272738557865042,38677235450
2025-02-18,3.7619854335443996,2.3105074178464515,5.209991847674131,38677235450
2025-02-19,3.7682235356099563,2.3668316913770724,5.205459865100578,38677235450
2025-02-20,3.7744616376755125,2.340632981989874,5.121390022239486,38677235450
2025-02-21,3.7806997397410687,2.439563018833079,5.264315691808393,38677235450
2025-02-22,3.786937841806625,2.3879550715510836,5.16087927889615,38677235450
2025-02-23,3.793175943872181,2.481211285797386,5.20622385082039,38677235450
2025-02-24,3.7994140459377377,2.4141278464649907,5.231492935794686,38677235450
2025-02-25,3.8056521480032934,2.5025932979680716,5.297640322298433,38677235450
2025-02-26,3.8118902500688496,2.405595630587481,5.251022158173188,38677235450
2025-02-27,3.818128352134406,2.3923219292224522,5.192179271998759,38677235450
2025-02-28,3.8243664541999616,2.334101318902561,5.222297575235866,38677235450
2025-03-01,3.830604556265518,2.294834067838173,5.251035785153462,38677235450
2025-03-02,3.8368426583310744,2.430735660578368,5.256679612366498,38677235450
2025-03-03,3.8430807603966306,2.453610795206378,5.153714232686887,38677235450
2025-03-04,3.849318862462187,2.386319296956922,5.158077007953223,38677235450
2025-03-05,3.855556964527743,2.522014840574064,5.278853520724627,38677235450
2025-03-06,3.8617950665932996,2.3465197520220644,5.304097774084484,38677235450
2025-03-07,3.868033168658855,2.517104100282486,5.182411497267531,38677235450
2025-03-08,3.8742712707244116,2.4601970907938737,5.315425511376959,38677235450
2025-03-09,3.8805093727899678,2.427724525377723,5.245304250654169,38677235450
2025-03-10,3.8867474748555235,2.485996563326641,5.272572413278183,38677235450
2025-02-25,2.7917711545943,2.599425383445593,2.9955736876833874,38677320037
2025-02-26,2.800959815311013,2.606046990144818,3.02000513268527,38677320037
2025-02-27,2.8101484760277264,2.6084434275177872,3.0086101894151294,38677320037
2025-02-28,2.819337136744439,2.6155554945432504,3.022873493216955,38677320037
2025-03-01,2.828525797461153,2.6281705063358296,3.0167185748438015,38677320037
2025-03-02,2.8377144581778655,2.6414512918476993,3.0350915701043637,38677320037
2025-03-03,2.8469031188945797,2.659518044480243,3.04321187913982,38677320037
2025-03-04,2.856091779611293,2.6529464279343786,3.0586622773553622,38677320037
2025-03-05,2.8652804403280054,2.6547067321762485,3.058735651165227,38677320037
2025-03-06,2.8744691010447196,2.687951787063238,3.0867727962616143,38677320037
2025-03-07,2.883657761761432,2.695961043035921,3.0821841434160877,38677320037
2025-03-08,2.8928464224781454,2.7026460738774203,3.091137741626623,38677320037
2025-03-09,2.9020350831948587,2.701519576687914,3.1001757296670895,38677320037
2025-03-10,2.911223743911572,2.7199579366976696,3.112866356700483,38677320037
2025-03-11,2.920412404628286,2.7244298039438624,3.1282718640051392,38677320037
2025-03-12,2.9296010653449986,2.736674932010271,3.12951516042743,38677320037
2025-03-13,2.938789726061712,2.7476793959912116,3.1419897074869723,38677320037
2025-03-14,2.9479783867784253,2.743522115524453,3.128101451487225,38677320037
2025-03-15,2.9571670474951386,2.767868158673838,3.14728544458822,38677320037
2025-03-16,2.966355708211852,2.784894427735125,3.1691694991437087,38677320037
2025-03-17,2.975544368928565,2.783067321207323,3.163214382264349,38677320037
2025-03-18,2.9847330296452785,2.7842728229268254,3.1718710667895103,38677320037
2025-03-19,2.993921690361992,2.790765452108609,3.186061241905045,38677320037
2025-03-20,3.003110351078705,2.817236184051214,3.193426402489239,38677320037
2025-03-21,3.0122990117954185,2.8221086297645406,3.2173253015814844,38677320037
2025-03-22,3.021487672512132,2.826900271378529,3.218358530357206,38677320037
2025-03-23,3.030676333228845,2.839502230727355,3.221960791979264,38677320037
2025-03-24,3.0398649939455584,2.851118926047767,3.2395270588554252,38677320037
2025-02-04,1.0,0.9999999987360527,1.0000000012280479,38677419399
2025-02-05,1.0,0.9999999987461416,1.0000000013306656,38677419399
2025-02-06,1.0,0.9999999986943416,1.0000000013222725,38677419399
2025-02-07,1.0,0.9999999986344007,1.000000001322059,38677419399
2025-02-08,1.0,0.9999999987540887,1.0000000013175145,38677419399
2025-02-09,1.0,0.9999999987427088,1.0000000012846517,38677419399
2025-02-10,1.0,0.9999999986455124,1.000000001208405,38677419399
2025-02-11,1.0,0.999999998748723,1.0000000012575916,38677419399
2025-02-12,1.0,0.999999998688937,1.0000000012895776,38677419399
2025-02-13,1.0,0.9999999987597044,1.0000000013382728,38677419399
2025-02-14,1.0,0.9999999987395147,1.0000000013246846,38677419399
2025-02-15,1.0,0.9999999987169655,1.0000000012507397,38677419399
2025-02-16,1.0,0.9999999986705261,1.0000000012558548,38677419399
2025-02-17,1.0,0.9999999987291547,1.0000000012969532,38677419399
2025-02-18,1.0,0.9999999986590535,1.0000000013419024,38677419399
2025-02-19,1.0,0.9999999987126023,1.000000001338142,38677419399
2025-02-20,1.0,0.9999999986385375,1.000000001257655,38677419399
2025-02-21,1.0,0.9999999986351139,1.000000001379673,38677419399
2025-02-22,1.0,0.9999999986311168,1.000000001473284,38677419399
2025-02-23,1.0,0.9999999985853351,1.0000000013988668,38677419399
2025-02-24,1.0,0.9999999987231764,1.0000000013212185,38677419399
2025-02-25,1.0,0.999999998625488,1.0000000013035428,38677419399
2025-02-26,1.0,0.999999998592517,1.000000001407491,38677419399
2025-02-27,1.0,0.9999999986135877,1.0000000014273753,38677419399
2025-02-28,1.0,0.9999999987319601,1.0000000013519512,38677419399
2025-03-01,1.0,0.9999999986474775,1.0000000014494899,38677419399
2025-03-02,1.0,0.9999999986498072,1.0000000014147563,38677419399
2025-03-03,1.0,0.999999998672935,1.0000000014723294,38677419399
2025-02-11,-5.020588249882897,-5.2207308969900525,-4.805482297114599,38677459566
2025-02-12,-5.052012397351032,-5.260167354699568,-4.849404400410665,38677459566
2025-02-13,-5.083436544819168,-5.284031415630762,-4.886124936579112,38677459566
2025-02-14,-5.114860692287303,-5.332419854690237,-4.900743031872127,38677459566
2025-02-15,-5.14628483975544,-5.369151972113214,-4.9525452751941765,38677459566
2025-02-16,-5.177708987223577,-5.382380533766655,-4.961910331591455,38677459566
2025-02-17,-5.209133134691712,-5.417491406651172,-5.018808708849909,38677459566
2025-02-18,-5.240557282159848,-5.440903450566078,-5.0421595455074195,38677459566
2025-02-19,-5.271981429627984,-5.468308114726425,-5.0693937137214435,38677459566
2025-02-20,-5.30340557709612,-5.525561236718942,-5.097162167834394,38677459566
2025-02-21,-5.334829724564256,-5.555342807543347,-5.129369502440846,38677459566
2025-02-22,-5.3662538720323925,-5.563892991281549,-5.157107077997185,38677459566
2025-02-23,-5.397678019500529,-5.6077619901155655,-5.198871660054509,38677459566
2025-02-24,-5.429102166968664,-5.622117302698966,-5.220301078561468,38677459566
2025-02-25,-5.460526314436801,-5.650149029551713,-5.250842631749091,38677459566
2025-02-26,-5.491950461904936,-5.693849692724854,-5.294833240874245,38677459566
2025-02-27,-5.5233746093730725,-5.7249539595107946,-5.320649580222439,38677459566
2025-02-28,-5.554798756841209,-5.761868616290473,-5.3526160532521345,38677459566
2025-03-01,-5.586222904309344,-5.7770887057617575,-5.390213165235961,38677459566
2025-03-02,-5.617647051777481,-5.803867069301174,-5.410360117972768,38677459566
2025-03-03,-5.649071199245616,-5.841553451733265,-5.447779520626789,38677459566
2025-03-04,-5.6804953467137524,-5.877887450201178,-5.476664797016602,38677459566
2025-03-05,-5.711919494181889,-5.899855258762071,-5.50809516692879,38677459566
2025-03-06,-5.743343641650024,-5.935676823349942,-5.536849568657743,38677459566
2025-03-07,-5.774767789118161,-5.991427959898125,-5.5756015879311525,38677459566
2025-03-08,-5.806191936586296,-6.015137051757619,-5.602842353661194,38677459566
2025-03-09,-5.837616084054432,-6.013825750055257,-5.632541618210561,38677459566
2025-03-10,-5.869040231522569,-6.085178822611665,-5.67855171015178,38677459566
2025-02-25,1.0,0.9999999987901419,1.000000001314509,3867746102
2025-02-26,1.0,0.999999998701585,1.0000000011511765,3867746102
2025-02-27,1.0,0.9999999987029209,1.000000001227862,3867746102
2025-02-28,1.0,0.9999999986697854,1.0000000012794303,3867746102
2025-03-01,1.0,0.9999999988104425,1.0000000011753332,3867746102
2025-03-02,1.0,0.9999999987992741,1.000000001306144,3867746102
2025-03-03,1.0,0.99999999874881,1.0000000012182295,3867746102
2025-03-04,1.0,0.9999999986569472,1.0000000012965187,3867746102
2025-03-05,1.0,0.9999999987317527,1.0000000012794785,3867746102
2025-03-06,1.0,0.9999999987061853,1.0000000013249735,3867746102
2025-03-07,1.0,0.9999999986392171,1.0000000013185406,3867746102
2025-03-08,1.0,0.9999999987413043,1.0000000013212917,3867746102
2025-03-09,1.0,0.9999999986290347,1.000000001357886,3867746102
2025-03-10,1.0,0.9999999987075809,1.0000000013729131,3867746102
2025-03-11,1.0,0.99999999861499,1.0000000013511596,3867746102
2025-03-12,1.0,0.9999999985948472,1.0000000013138945,3867746102
2025-03-13,1.0,0.999999998727355,1.0000000014061932,3867746102
2025-03-14,1.0,0.9999999986261974,1.0000000013558907,3867746102
2025-03-15,1.0,0.9999999985469045,1.0000000013796246,3867746102
2025-03-16,1.0,0.9999999986122224,1.0000000013431933,3867746102
2025-03-17,1.0,0.9999999986740689,1.000000001397775,3867746102
2025-03-18,1.0,0.9999999985509915,1.0000000014515082,3867746102
2025-03-19,1.0,0.999999998499316,1.0000000014543948,3867746102
2025-03-20,1.0,0.999999998661027,1.0000000014784014,3867746102
2025-03-21,1.0,0.9999999985708226,1.000000001485118,3867746102
2025-03-22,1.0,0.9999999985371939,1.0000000015424784,3867746102
2025-03-23,1.0,0.9999999985071701,1.000000001612143,3867746102
2025-03-24,1.0,0.9999999984744291,1.0000000014643298,3867746102
2024-11-12,1.0,0.9999999987309138,1.0000000012838346,38677463756
2024-11-13,1.0,0.9999999986406951,1.000000001295889,38677463756
2024-11-14,1.0,0.9999999987230432,1.0000000012451362,38677463756
2024-11-15,1.0,0.9999999987243297,1.0000000012818728,38677463756
2024-11-16,1.0,0.9999999986305704,1.000000001215193,38677463756
2024-11-17,1.0,0.9999999986891327,1.0000000012912347,38677463756
2024-11-18,1.0,0.9999999986209637,1.000000001358847,38677463756
2024-11-19,1.0,0.9999999987570349,1.0000000013196508,38677463756
2024-11-20,1.0,0.9999999986305214,1.0000000012682322,38677463756
2024-11-21,1.0,0.999999998634864,1.0000000013987014,38677463756
2024-11-22,1.0,0.9999999986634057,1.0000000012254902,38677463756
2024-11-23,1.0,0.9999999985818313,1.0000000013285728,38677463756
2024-11-24,1.0,0.9999999986463279,1.0000000013398345,38677463756
2024-11-25,1.0,0.9999999985879662,1.000000001269067,38677463756
2024-11-26,1.0,0.9999999985376995,1.0000000013699608,38677463756
2024-11-27,1.0,0.9999999985137934,1.0000000012823649,38677463756
2024-11-28,1.0,0.9999999985126119,1.0000000013932377,38677463756
2024-11-29,1.0,0.9999999985939524,1.0000000015519765,38677463756
2024-11-30,1.0,0.9999999985250027,1.0000000014466348,38677463756
2024-12-01,1.0,0.9999999984715048,1.0000000013979067,38677463756
2024-12-02,1.0,0.9999999985600182,1.0000000013855594,38677463756
2024-12-03,1.0,0.999999998491055,1.0000000014773391,38677463756
2024-12-04,1.0,0.9999999983988488,1.000000001485779,38677463756
2024-12-05,1.0,0.9999999984244966,1.0000000015592663,38677463756
2024-12-06,1.0,0.9999999984454699,1.000000001527211,38677463756
2024-12-07,1.0,0.9999999984161522,1.0000000015596886,38677463756
2024-12-08,1.0,0.99999999842723,1.0000000016459747,38677463756
2024-12-09,1.0,0.9999999984083933,1.0000000016771018,38677463756
2025-02-11,-0.004802864726754619,-0.7513584696617032,0.7467262172300724,38677465824
2025-02-12,-0.01166392774682845,-0.7450932902961973,0.7356775302586558,38677465824
2025-02-13,-0.018524990766902283,-0.7760748712852134,0.7270268649507171,38677465824
2025-02-14,-0.025386053786976115,-0.75350158572032,0.714794567274915,38677465824
2025-02-15,-0.03224711680704995,-0.7925755539947952,0.7068830031981482,38677465824
2025-02-16,-0.039108179827124,-0.78420840449692,0.7479969051452895,38677465824
2025-02-17,-0.04596924284719761,-0.7675568861747769,0.7366189683789762,38677465824
2025-02-18,-0.05283030586727189,-0.7805413487637628,0.6868722809917799,38677465824
2025-02-19,-0.05969136888734572,-0.7754241944315023,0.6888537506878991,38677465824
2025-02-20,-0.06655243190741977,-0.8404226646098226,0.7128708311510151,38677465824
2025-02-21,-0.07341349492749383,-0.8768301900110678,0.6510628848217527,38677465824
2025-02-22,-0.08027455794756722,-0.7386796489318673,0.6650546175491403,38677465824
2025-02-23,-0.08713562096764127,-0.7907768928272614,0.7053381004857306,38677465824
2025-02-24,-0.09399668398771532,-0.8769596958134991,0.6649844982988378,38677465824
2025-02-25,-0.10085774700778916,-0.8903667547249553,0.557128251694963,38677465824
2025-02-26,-0.10771881002786277,-0.8665522382758204,0.6302777675743542,38677465824
2025-02-27,-0.11457987304793682,-0.8959445257743421,0.6663369062505922,38677465824
2025-02-28,-0.12144093606801065,-0.8582672690754779,0.6342217576369344,38677465824
2025-03-01,-0.12830199908808448,-0.8279681977615042,0.6484860623225763,38677465824
2025-03-02,-0.13516306210815832,-0.9535756767854385,0.6590360912611561,38677465824
2025-03-03,-0.14202412512823215,-0.9615886800702049,0.6153161393797143,38677465824
2025-03-04,-0.14888518814830598,-0.8616585940601658,0.6420339029261143,38677465824
2025-03-05,-0.15574625116838026,-0.852630592072317,0.6139853928392848,38677465824
2025-03-06,-0.1626073141884543,-0.9245547079865027,0.5218644058028725,38677465824
2025-03-07,-0.16946837720852792,-0.9809575751473932,0.5756330545032485,38677465824
2025-03-08,-0.17632944022860175,-0.8566856313009751,0.60740552999175,38677465824
2025-03-09,-0.1831905032486758,-0.9294014790852537,0.5278803807784928,38677465824
2025-03-10,-0.19005156626874986,-0.8826173823351583,0.6237450418057418,38677465824
2025-03-04,12.571985032070597,5.842461182300691,19.45445560333567,38781988859
2025-03-05,12.573482978535544,5.411681924469645,19.34259485823533,38781988859
2025-03-06,12.574980925000492,5.97630419901979,20.08692900182603,38781988859
2025-03-07,12.57647887146544,5.427993346151787,19.604864346145042,38781988859
2025-03-08,12.577976817930388,5.315974534454974,19.16545085043191,38781988859
2025-03-09,12.579474764395336,6.0693275454412765,19.849322510902535,38781988859
2025-03-10,12.580972710860284,5.571040276055154,19.11354265553285,38781988859
2025-03-11,12.582470657325231,5.8787928851344935,19.649318174405142,38781988859
2025-03-12,12.58396860379018,5.918491303488075,19.022607464584713,38781988859
2025-03-13,12.58546655025513,5.524768081777618,19.515130657235698,38781988859
2025-03-14,12.586964496720078,5.557406064834363,19.312397304669908,38781988859
2025-03-15,12.588462443185026,5.65290095808675,20.087395794517043,38781988859
2025-03-16,12.589960389649974,5.730062263180925,19.339674274056158,38781988859
2025-03-17,12.591458336114922,5.395909478658485,19.28312026102787,38781988859
2025-03-18,12.59295628257987,6.0460367352787285,19.680385343659058,38781988859
2025-03-19,12.594454229044818,5.662082822076208,18.872465791750702,38781988859
2025-03-20,12.595952175509769,5.52372937302622,19.368767990818693,38781988859
2025-03-21,12.597450121974717,5.94147928516575,19.796271392509745,38781988859
2025-03-22,12.598948068439665,5.518103695536646,19.644067807984914,38781988859
2025-03-23,12.600446014904612,5.902230700796724,19.126455389044803,38781988859
2025-03-24,12.60194396136956,5.6079242414994495,19.329418676853305,38781988859
2025-03-25,12.603441907834508,5.61966269717004,19.25841184307658,38781988859
2025-03-26,12.604939854299456,5.355065463541505,19.39374007180329,38781988859
2025-03-27,12.606437800764404,5.118077665677855,19.21298077130307,38781988859
2025-03-28,12.607935747229355,5.525258621201,19.308507306279076,38781988859
2025-03-29,12.609433693694303,5.882932832759621,19.48571750205766,38781988859
2025-03-30,12.61093164015925,6.148370576185328,19.522080218286746,38781988859
2025-03-31,12.612429586624199,6.157448804017981,19.762165521944766,38781988859
2025-02-11,0.9102335676613952,0.9102335676601477,0.9102335676627674,38802063648
2025-02-12,0.9074103482736401,0.9074103482724268,0.9074103482749247,38802063648
2025-02-13,0.904587128885885,0.9045871288845193,0.9045871288871717,38802063648
2025-02-14,0.9017639094981299,0.9017639094968909,0.9017639094993893,38802063648
2025-02-15,0.8989406901103748,0.8989406901090999,0.8989406901116971,38802063648
2025-02-16,0.8961174707226195,0.8961174707213491,0.8961174707239997,38802063648
2025-02-17,0.8932942513348646,0.8932942513335024,0.8932942513361324,38802063648
2025-02-18,0.8904710319471095,0.8904710319458573,0.8904710319484417,38802063648
2025-02-19,0.8876478125593542,0.8876478125579635,0.8876478125606642,38802063648
2025-02-20,0.8848245931715993,0.8848245931702792,0.884824593172998,38802063648
2025-02-21,0.882001373783844,0.882001373782563,0.8820013737851403,38802063648
2025-02-22,0.8791781543960892,0.8791781543947674,0.8791781543973597,38802063648
2025-02-23,0.8763549350083338,0.8763549350069565,0.8763549350097042,38802063648
2025-02-24,0.8735317156205787,0.8735317156193154,0.8735317156219216,38802063648
2025-02-25,0.8707084962328239,0.8707084962314429,0.870708496234231,38802063648
2025-02-26,0.8678852768450686,0.8678852768436882,0.8678852768464583,38802063648
2025-02-27,0.8650620574573137,0.8650620574558793,0.8650620574587414,38802063648
2025-02-28,0.8622388380695584,0.8622388380681509,0.8622388380708271,38802063648
2025-03-01,0.8594156186818033,0.8594156186804325,0.859415618683192,38802063648
2025-03-02,0.8565923992940484,0.8565923992927267,0.8565923992954876,38802063648
2025-03-03,0.8537691799062931,0.85376917990481,0.8537691799077725,38802063648
2025-03-04,0.8509459605185382,0.8509459605171746,0.8509459605199874,38802063648
2025-03-05,0.8481227411307829,0.8481227411294977,0.8481227411323238,38802063648
2025-03-06,0.8452995217430278,0.8452995217416535,0.8452995217445104,38802063648
2025-03-07,0.8424763023552727,0.8424763023539388,0.8424763023567563,38802063648
2025-03-08,0.8396530829675175,0.839653082966057,0.8396530829689017,38802063648
2025-03-09,0.8368298635797622,0.8368298635782966,0.8368298635812429,38802063648
2025-03-10,0.8340066441920073,0.8340066441904913,0.8340066441936133,38802063648
2025-02-25,0.4570908885226668,-0.038226243074681775,0.8851895674368685,38834652679
2025-02-26,0.45582827123863395,-0.010779738681950236,0.9094665196860691,38834652679
2025-02-27,0.4545656539546013,-0.04370407495583551,0.9485374765664009,38834652679
2025-02-28,0.45330303667056854,-0.011257023278683472,0.9015666069459514,38834652679
2025-03-01,0.4520404193865358,0.019467944508005,0.9190803259736927,38834652679
2025-03-02,0.4507778021025029,-0.041463690323741864,0.8532205246767012,38834652679
2025-03-03,0.44951518481847025,-0.007737508401038036,0.9183430014099936,38834652679
2025-03-04,0.4482525675344375,-0.022644373766631955,0.8816872245175013,38834652679
2025-03-05,0.4469899502504047,-0.0037939491781960864,0.9089299908957952,38834652679
2025-03-06,0.44572733296637185,-0.008706588645738027,0.8802683526089462,38834652679
2025-03-07,0.4444647156823392,-0.0028239695489229695,0.8899186983942668,38834652679
2025-03-08,0.44320209839830643,-0.0019916692971951055,0.9319665090384418,38834652679
2025-03-09,0.4419394811142738,-0.06113503997145105,0.9159566706170402,38834652679
2025-03-10,0.4406768638302408,0.03531947192839392,0.8970905732891417,38834652679
2025-03-11,0.43941424654620814,-0.0210479418025909,0.890207149374592,38834652679
2025-03-12,0.4381516292621754,-0.012110472090465528,0.9119582107892966,38834652679
2025-03-13,0.4368890119781427,-0.019077861713562676,0.8771682917151408,38834652679
2025-03-14,0.43562639469410985,-0.05062310992461497,0.8673728486590773,38834652679
2025-03-15,0.4343637774100771,-0.027509074063491554,0.8628374791318706,38834652679
2025-03-16,0.4331011601260443,-0.04438643627100066,0.8568716572337673,38834652679
2025-03-17,0.4318385428420117,0.0035161218131313904,0.8820914495842214,38834652679
2025-03-18,0.4305759255579788,-0.03395870999077323,0.8991781558484462,38834652679
2025-03-19,0.42931330827394604,-0.00850526771189205,0.8849236697513695,38834652679
2025-03-20,0.4280506909899133,-0.049870363143309455,0.871472341434121,38834652679
2025-03-21,0.4267880737058806,-0.031105808332316978,0.8604750677606314,38834652679
2025-03-22,0.42552545642184775,-0.04101177092409417,0.8798735892131422,38834652679
2025-03-23,0.424262839137815,-0.061330147666153564,0.8509708481827523,38834652679
2025-03-24,0.42300022185378233,-0.03755426586248594,0.8580625493463906,38834652679
2025-02-04,1.7158491331567003,1.7158491328853829,1.715849133442338,38873536553
2025-02-05,1.4317128779760022,1.431712877673754,1.4317128782802393,38873536553
2025-02-06,1.1475766227953041,1.1475766224089778,1.1475766232742837,38873536553
2025-02-07,0.8634403676146061,0.8634167153277711,0.8636080827899443,38873536553
2025-02-08,0.5793041124339098,0.5790702400573147,0.5796879202697717,38873536553
2025-02-09,0.2951678572532117,0.2946173774940917,0.29584604807518006,38873536553
2025-02-10,0.011031602072513635,0.010141425160313824,0.0122234474123761,38873536553
2025-02-11,-0.27310465310818444,-0.2743376688989138,-0.27152894663283283,38873536553
2025-02-12,-0.5572409082888825,-0.5588872192366218,-0.555225241269563,38873536553
2025-02-13,-0.8413771634695806,-0.8434050466007953,-0.8387430040260375,38873536553
2025-02-14,-1.1255134186502787,-1.1279705245726346,-1.1223159056067211,38873536553
2025-02-15,-1.4096496738309785,-1.412721776392135,-1.40578360181868,38873536553
2025-02-16,-1.6937859290116766,-1.6976321182987801,-1.6892442929906106,38873536553
2025-02-17,-1.9779221841923746,-1.982643351550524,-1.972786901408016,38873536553
2025-02-18,-2.262058439373069,-2.2675397786343754,-2.2562531197303195,38873536553
2025-02-19,-2.546194694553771,-2.55245754304501,-2.5396706281589427,38873536553
2025-02-20,-2.830330949734469,-2.8372110965187005,-2.823173834802466,38873536553
2025-02-21,-3.114467204915167,-3.1221004072630363,-3.106755911036043,38873536553
2025-02-22,-3.398603460095865,-3.4071309132574257,-3.390000334888424,38873536553
2025-02-23,-3.682739715276563,-3.69198588020513,-3.67370622022463,38873536553
2025-02-24,-3.966875970457261,-3.9771534583369226,-3.9567630470670556,38873536553
2025-02-25,-4.251012225637959,-4.262123239745496,-4.24029799057388,38873536553
2025-02-26,-4.535148480818657,-4.547131389371814,-4.5232227656478585,38873536553
2025-02-27,-4.819284735999355,-4.832450874742636,-4.8066728985073786,38873536553
2025-02-28,-5.103420991180046,-5.1172160425302256,-5.089753038837377,38873536553
2025-03-01,-5.387557246360744,-5.402453023767926,-5.372773108923666,38873536553
2025-03-02,-5.67169350154145,-5.687466718648364,-5.655923011451775,38873536553
2025-03-03,-5.955829756722146,-5.973023156808692,-5.9385984013534685,38873536553
2025-01-07,19.14382981507898,18.5514021165216,19.78098472245102,38874052232
2025-01-08,19.183436276615446,18.491472153753232,19.857699122648004,38874052232
2025-01-09,19.223042738151904,18.584794966434906,19.876832092177356,38874052232
2025-01-10,19.26264919968836,18.581077410173766,19.913362622386845,38874052232
2025-01-11,19.302255661224827,18.650784049579197,19.973617058040954,38874052232
2025-01-12,19.341862122761285,18.657747617030875,19.999245878593186,38874052232
2025-01-13,19.381468584297743,18.761331338103748,20.070486084300686,38874052232
2025-01-14,19.4210750458342,18.76676246562897,20.11749734041996,38874052232
2025-01-15,19.460681507370662,18.78762364880821,20.138684751995978,38874052232
2025-01-16,19.500287968907124,18.830323242791238,20.168812760337936,38874052232
2025-01-17,19.53989443044358,18.904196354391996,20.176599329030818,38874052232
2025-01-18,19.57950089198004,18.92643310315149,20.25293351382688,38874052232
2025-01-19,19.619107353516505,18.932290953629387,20.332524570951907,38874052232
2025-01-20,19.658713815052963,19.039495980576557,20.34624428618253,38874052232
2025-01-21,19.698320276589428,19.036000920210046,20.40468866036124,38874052232
2025-01-22,19.737926738125886,19.048737923087472,20.47598007537093,38874052232
2025-01-23,19.777533199662344,19.095598426670044,20.4124730877838,38874052232
2025-01-24,19.817139661198805,19.131119417219328,20.513358929876826,38874052232
2025-01-25,19.856746122735267,19.168429711941585,20.537492499126287,38874052232
2025-01-26,19.896352584271725,19.193895253110625,20.592545266651207,38874052232
2025-01-27,19.935959045808183,19.259077750714177,20.604406123715474,38874052232
2025-01-28,19.97556550734464,19.338979543933082,20.66141826705101,38874052232
2025-01-29,20.015171968881106,19.35744678925572,20.697428468897993,38874052232
2025-01-30,20.054778430417564,19.371226685785214,20.727652333340306,38874052232
2025-01-31,20.09438489195402,19.41773019499863,20.797094676422855,38874052232
2025-02-01,20.133991353490487,19.406914099447114,20.79793911867961,38874052232
2025-02-02,20.173597815026945,19.480405542258154,20.820850949107495,38874052232
2025-02-03,20.213204276563403,19.5445817311168,20.846875841270528,38874052232
2024-08-20,1.0878872561503838,1.0878872561502875,1.0878872561504724,39233070674
2024-08-21,1.0883040125919423,1.0883040125918397,1.0883040125920376,39233070674
2024-08-22,1.0887207690335008,1.088720769033397,1.0887207690335934,39233070674
2024-08-23,1.089137525475059,1.0891375254749565,1.0891375254751618,39233070674
2024-08-24,1.0895542819166177,1.0895542819165056,1.0895542819167208,39233070674
2024-08-25,1.089971038358176,1.0899710383580679,1.0899710383582828,39233070674
2024-08-26,1.0903877947997345,1.0903877947996299,1.0903877947998397,39233070674
2024-08-27,1.090804551241293,1.0908045512411708,1.0908045512414037,39233070674
2024-08-28,1.0912213076828514,1.0912213076827328,1.0912213076829707,39233070674
2024-08-29,1.09163806412441,1.0916380641242929,1.0916380641245351,39233070674
2024-08-30,1.0920548205659681,1.0920548205658303,1.0920548205660925,39233070674
2024-08-31,1.0924715770075268,1.0924715770073694,1.0924715770076532,39233070674
2024-09-01,1.092888333449085,1.092888333448927,1.0928883334492228,39233070674
2024-09-02,1.0933050898906436,1.0933050898904348,1.0933050898907872,39233070674
2024-09-03,1.093721846332202,1.0936789274005356,1.0937218463323608,39233070674
2024-09-04,1.0941386027737605,1.094058737767337,1.0941386027739464,39233070674
2024-09-05,1.094555359215319,1.0943686488876345,1.0945553592155175,39233070674
2024-09-06,1.0949721156568772,1.0946832197218517,1.0950138339056672,39233070674
2024-09-07,1.0953888720984357,1.095055238184712,1.095482159425257,39233070674
2024-09-08,1.0958056285399942,1.095395083307804,1.0959756172581716,39233070674
2024-09-09,1.0962223849815527,1.0957078464783807,1.0964661842383623,39233070674
2024-09-10,1.0966391414231111,1.096006994363971,1.0969412011450475,39233070674
2024-09-11,1.0970558978646696,1.0963620531843457,1.0974578750002253,39233070674
2024-09-12,1.097472654306228,1.0966916221355445,1.0980081842019422,39233070674
2024-09-13,1.0978894107477863,1.0970352725029258,1.0984891021492404,39233070674
2024-09-14,1.0983061671893448,1.0973701454993825,1.0990485387922513,39233070674
2024-09-15,1.0987229236309033,1.0976987819530675,1.099556290441648,39233070674
2024-09-16,1.0991396800724618,1.0979917504130683,1.100133250756349,39233070674
2024-11-26,1.0,0.9999999985913594,1.000000001237584,39233433918
2024-11-27,1.0,0.9999999987498916,1.0000000013551076,39233433918
2024-11-28,1.0,0.9999999987146502,1.0000000011766776,39233433918
2024-11-29,1.0,0.999999998737211,1.0000000013046475,39233433918
2024-11-30,1.0,0.9999999987339844,1.0000000012559684,39233433918
2024-12-01,1.0,0.9999999987153227,1.000000001289788,39233433918
2024-12-02,1.0,0.9999999987805731,1.0000000012737722,39233433918
2024-12-03,1.0,0.9999999986008842,1.0000000012552508,39233433918
2024-12-04,1.0,0.9999999986188647,1.0000000011842531,39233433918
2024-12-05,1.0,0.9999999986967676,1.0000000012711432,39233433918
2024-12-06,1.0,0.9999999986314875,1.0000000012992531,39233433918
2024-12-07,1.0,0.9999999986873686,1.0000000011691204,39233433918
2024-12-08,1.0,0.9999999987562744,1.0000000013373833,39233433918
2024-12-09,1.0,0.9999999986214722,1.0000000011396897,39233433918
2024-12-10,1.0,0.9999999988254757,1.0000000012915722,39233433918
2024-12-11,1.0,0.9999999987057479,1.000000001255087,39233433918
2024-12-12,1.0,0.9999999987030264,1.0000000013536883,39233433918
2024-12-13,1.0,0.9999999985682113,1.0000000012901735,39233433918
2024-12-14,1.0,0.9999999987188445,1.0000000013584465,39233433918
2024-12-15,1.0,0.9999999986484596,1.0000000013410535,39233433918
2024-12-16,1.0,0.9999999986471698,1.0000000013398178,39233433918
2024-12-17,1.0,0.9999999987295406,1.000000001274694,39233433918
2024-12-18,1.0,0.9999999987946281,1.0000000013306305,39233433918
2024-12-19,1.0,0.9999999987488979,1.0000000013497847,39233433918
2024-12-20,1.0,0.9999999986964287,1.0000000012481953,39233433918
2024-12-21,1.0,0.9999999987298601,1.0000000013103063,39233433918
2024-12-22,1.0,0.9999999987331972,1.000000001419848,39233433918
2024-12-23,1.0,0.9999999986438957,1.0000000012432633,39233433918
2025-02-25,1.4035555899634549,0.6536024797814446,2.232662444883139,39233458243
2025-02-26,1.400878102671709,0.5844823674131178,2.1977411643601066,39233458243
2025-02-27,1.398200615379963,0.597083813950436,2.2257433371872293,39233458243
2025-02-28,1.3955231280882172,0.5808088168426895,2.2256072212819906,39233458243
2025-03-01,1.3928456407964713,0.5910465870544795,2.2188984445554074,39233458243
2025-03-02,1.3901681535047254,0.6018420352727554,2.2063914950240573,39233458243
2025-03-03,1.3874906662129796,0.5344031481537977,2.1429906321892607,39233458243
2025-03-04,1.3848131789212337,0.6081627191646819,2.214920694563888,39233458243
2025-03-05,1.3821356916294882,0.6049969678305477,2.2282148098647863,39233458243
2025-03-06,1.379458204337742,0.5579209791101004,2.2079843847492064,39233458243
2025-03-07,1.376780717045996,0.6302483827205232,2.1853686475694025,39233458243
2025-03-08,1.3741032297542506,0.5094000868917447,2.110495404377604,39233458243
2025-03-09,1.3714257424625047,0.5377373015124236,2.17220260189163,39233458243
2025-03-10,1.3687482551707584,0.5534399095537578,2.1865264239394895,39233458243
2025-03-11,1.366070767879013,0.5699599807466574,2.188218955441223,39233458243
2025-03-12,1.363393280587267,0.5591520473852724,2.144551433197141,39233458243
2025-03-13,1.3607157932955212,0.5620982932368632,2.1534910280472896,39233458243
2025-03-14,1.3580383060037753,0.5323780336578541,2.164490357263091,39233458243
2025-03-15,1.3553608187120294,0.6181547669493248,2.154307363634722,39233458243
2025-03-16,1.3526833314202835,0.5329161710497095,2.1624919172980097,39233458243
2025-03-17,1.3500058441285376,0.5539891113446626,2.2196298356863107,39233458243
2025-03-18,1.3473283568367918,0.534991302179444,2.1842915142512425,39233458243
2025-03-19,1.3446508695450459,0.5106743250237079,2.1528796176963776,39233458243
2025-03-20,1.3419733822533004,0.5417083250408995,2.1460672943584003,39233458243
2025-03-21,1.3392958949615545,0.46393321171516183,2.144607146518787,39233458243
2025-03-22,1.3366184076698082,0.5288724835168417,2.1668239594369716,39233458243
2025-03-23,1.3339409203780628,0.5039480555100057,2.144322533066486,39233458243
2025-03-24,1.331263433086317,0.5401328981663861,2.156420288963979,39233458243
2025-01-28,2.2302848639462365,1.0213558942689764,3.459945994805975,39234021695
2025-01-29,2.231007376527946,0.9357201989810455,3.448637087427834,39234021695
2025-01-30,2.2317298891096553,0.9607627896316552,3.4648630873990336,39234021695
2025-01-31,2.232452401691365,0.9819854375605516,3.5714995474723294,39234021695
2025-02-01,2.233174914273074,0.9536110856163018,3.533461464503043,39234021695
2025-02-02,2.2338974268547833,0.9758616178364593,3.4853839019506596,39234021695
2025-02-03,2.234619939436493,0.9833630905987001,3.5312939001571735,39234021695
2025-02-04,2.2353424520182026,0.8451388539099385,3.4652664994171096,39234021695
2025-02-05,2.2360649645999118,0.9284466562116043,3.4850480384247735,39234021695
2025-02-06,2.236787477181621,0.957675008784597,3.482135318345995,39234021695
2025-02-07,2.2375099897633306,0.9682042280893594,3.520047511073952,39234021695
2025-02-08,2.23823250234504,1.0418590277555033,3.5131721438960377,39234021695
2025-02-09,2.2389550149267494,0.9052215586165985,3.5630171863301645,39234021695
2025-02-10,2.2396775275084586,1.0105170854997538,3.538401280155021,39234021695
2025-02-11,2.240400040090168,1.0356127660940269,3.5716976839682353,39234021695
2025-02-12,2.2411225526718774,0.9451748688107713,3.504415692471897,39234021695
2025-02-13,2.241845065253587,0.9809781853667363,3.627016406872427,39234021695
2025-02-14,2.2425675778352963,1.0137717378439393,3.53205938584791,39234021695
2025-02-15,2.2432900904170054,0.9361698156646192,3.515411302327551,39234021695
2025-02-16,2.244012602998715,0.9467557378223831,3.4504899108932365,39234021695
2025-02-17,2.2447351155804243,0.9602093499091731,3.5925330135991085,39234021695
2025-02-18,2.245457628162134,0.953799241472468,3.6157713494140227,39234021695
2025-02-19,2.246180140743843,1.0477357243200334,3.6412094850605228,39234021695
2025-02-20,2.2469026533255527,0.985338815381374,3.5014114317058787,39234021695
2025-02-21,2.247625165907262,0.9548326022916813,3.4773405242717876,39234021695
2025-02-22,2.2483476784889715,1.0419371574548273,3.5807295844399984,39234021695
2025-02-23,2.2490701910706807,0.9743680712512865,3.488287463775507,39234021695
2025-02-24,2.24979270365239,1.0402838177344278,3.5394416093702414,39234021695
2024-10-15,1.0,0.9999999988016015,1.000000001429918,39267672963
2024-10-16,1.0,0.9999999986772728,1.0000000012443546,39267672963
2024-10-17,1.0,0.9999999988195659,1.0000000012952843,39267672963
2024-10-18,1.0,0.9999999986951905,1.0000000012769394,39267672963
2024-10-19,1.0,0.9999999986645898,1.0000000012281183,39267672963
2024-10-20,1.0,0.9999999987458356,1.0000000013537382,39267672963
2024-10-21,1.0,0.999999998751846,1.0000000013207122,39267672963
2024-10-22,1.0,0.9999999986115213,1.0000000012581913,39267672963
2024-10-23,1.0,0.9999999987038943,1.0000000011367618,39267672963
2024-10-24,1.0,0.9999999987521174,1.0000000012945145,39267672963
2024-10-25,1.0,0.9999999987070245,1.0000000012195214,39267672963
2024-10-26,1.0,0.99999999866,1.0000000013087669,39267672963
2024-10-27,1.0,0.9999999988353745,1.000000001315848,39267672963
2024-10-28,1.0,0.9999999986846099,1.000000001360425,39267672963
2024-10-29,1.0,0.9999999987049182,1.0000000012752033,39267672963
2024-10-30,1.0,0.9999999987075906,1.0000000013627277,39267672963
2024-10-31,1.0,0.9999999987891937,1.000000001301875,39267672963
2024-11-01,1.0,0.9999999987637985,1.0000000012171162,39267672963
2024-11-02,1.0,0.9999999987325446,1.0000000012672379,39267672963
2024-11-03,1.0,0.9999999986821057,1.0000000012425185,39267672963
2024-11-04,1.0,0.9999999987133779,1.0000000012551942,39267672963
2024-11-05,1.0,0.9999999986582198,1.0000000011999162,39267672963
2024-11-06,1.0,0.999999998690171,1.000000001270643,39267672963
2024-11-07,1.0,0.9999999986922405,1.0000000012713708,39267672963
2024-11-08,1.0,0.9999999986202904,1.0000000013270374,39267672963
2024-11-09,1.0,0.9999999988290187,1.0000000012019015,39267672963
2024-11-10,1.0,0.9999999986993438,1.0000000012648318,39267672963
2024-11-11,1.0,0.9999999987369842,1.0000000012545815,39267672963
2024-09-03,2.1964216228568656,2.196421622856608,2.1964216228571356,39267673237
2024-09-04,2.197243485714008,2.1972434857137406,2.1972434857142633,39267673237
2024-09-05,2.1980653485711503,2.1980653485708923,2.1980653485714097,39267673237
2024-09-06,2.198887211428292,2.198887211428041,2.1988872114285565,39267673237
2024-09-07,2.199709074285434,2.1997090742851686,2.1997090742856957,39267673237
2024-09-08,2.2005309371425756,2.2005309371422976,2.2005309371428567,39267673237
2024-09-09,2.201352799999718,2.20135279999943,2.201352799999984,39267673237
2024-09-10,2.2021746628568604,2.2021746628565784,2.2021746628571583,39267673237
2024-09-11,2.2029965257140027,2.2029965257137105,2.2029965257142945,39267673237
2024-09-12,2.203818388571144,2.203818388570868,2.2038183885714475,39267673237
2024-09-13,2.2046402514282866,2.204640251427982,2.2046402514285757,39267673237
2024-09-14,2.205462114285428,2.2054621142851367,2.205462114285731,39267673237
2024-09-15,2.2062839771425704,2.2062839771422587,2.206283977142885,39267673237
2024-09-16,2.2071058399997128,2.207105839999402,2.207105840000009,39267673237
2024-09-17,2.2079277028568542,2.2079277028565505,2.207927702857168,39267673237
2024-09-18,2.2087495657139966,2.2087495657136667,2.208749565714311,39267673237
2024-09-19,2.209571428571139,2.2095714285708032,2.209571428571468,39267673237
2024-09-20,2.2103932914282804,2.210393291427965,2.210393291428589,39267673237
2024-09-21,2.211215154285423,2.2112151542850844,2.2112151542857315,39267673237
2024-09-22,2.212037017142565,2.2120370171422024,2.2120370171428885,39267673237
2024-09-23,2.2128588799997067,2.2128588799993403,2.2128588800000455,39267673237
2024-09-24,2.213680742856849,2.2136807428564693,2.2136807428571847,39267673237
2024-09-25,2.2145026057139914,2.2145026057135904,2.2145026057143333,39267673237
2024-09-26,2.215324468571133,2.215324468570706,2.215324468571459,39267673237
2024-09-27,2.216146331428275,2.216146331427865,2.2161463314286234,39267673237
2024-09-28,2.2169681942854176,2.2169681942849664,2.216968194285734,39267673237
2024-09-29,2.217790057142559,2.2177900571421105,2.217790057142899,39267673237
2024-09-30,2.2186119199997014,2.2186119199991974,2.218611920000079,39267673237
2024-10-22,1.0814653341125582,-0.3607873386242865,2.606844908703099,3926767355
2024-10-23,1.0763313809139543,-0.366766188459612,2.461875002822455,3926767355
2024-10-24,1.0711974277153506,-0.35169630386902784,2.6522400337564216,3926767355
2024-10-25,1.0660634745167465,-0.3531807394878707,2.570794057519786,3926767355
2024-10-26,1.0609295213181427,-0.40444040103707973,2.618273248951515,3926767355
2024-10-27,1.0557955681195386,-0.4190935679330218,2.585813577954671,3926767355
2024-10-28,1.050661614920935,-0.5346840131496253,2.5607115215307807,3926767355
2024-10-29,1.045527661722331,-0.3631769072143721,2.457947511815508,3926767355
2024-10-30,1.040393708523727,-0.4713107207237518,2.6017096614561286,3926767355
2024-10-31,1.035259755325123,-0.4782635252937692,2.56944814843406,3926767355
2024-11-01,1.0301258021265194,-0.4905829365023664,2.513989912733935,3926767355
2024-11-02,1.0249918489279153,-0.39452912859445005,2.4360765266442828,3926767355
2024-11-03,1.0198578957293114,-0.40391821354745017,2.472464365531796,3926767355
2024-11-04,1.0147239425307073,-0.38579230159203753,2.468670826911363,3926767355
2024-11-05,1.0095899893321036,-0.44192444106891754,2.405253033372463,3926767355
2024-11-06,1.0044560361334998,-0.46777622849879646,2.498301802461336,3926767355
2024-11-07,0.9993220829348956,-0.4438754516098179,2.411271737053717,3926767355
2024-11-08,0.9941881297362913,-0.4056427718149731,2.4835497665529784,3926767355
2024-11-09,0.9890541765376875,-0.44228481122631397,2.383343216418456,3926767355
2024-11-10,0.9839202233390839,-0.3971289181634816,2.5571525092677985,3926767355
2024-11-11,0.9787862701404797,-0.4573540145322594,2.47733219307566,3926767355
2024-11-12,0.9736523169418758,-0.46482491699875816,2.4075618936749454,3926767355
2024-11-13,0.9685183637432717,-0.5830418214893969,2.448322970148829,3926767355
2024-11-14,0.9633844105446681,-0.5312949910322897,2.5216517541616428,3926767355
2024-11-15,0.9582504573460642,-0.6443321076951448,2.532845808856763,3926767355
2024-11-16,0.9531165041474601,-0.59856876739353,2.4183966644436614,3926767355
2024-11-17,0.9479825509488562,-0.5500888782624127,2.3914453123947346,3926767355
2024-11-18,0.9428485977502525,-0.4935281377079979,2.4325477489555163,3926767355
2025-01-14,0.9559265301366295,0.9374401108975511,0.974079981401808,39267673893
2025-01-15,0.955832191963097,0.9368918771296109,0.9733449702794812,39267673893
2025-01-16,0.9557378537895644,0.9368221269868391,0.9748282146877951,39267673893
2025-01-17,0.9556435156160317,0.936187125938253,0.9747178172755674,39267673893
2025-01-18,0.9555491774424991,0.9362626301109976,0.974378867476284,39267673893
2025-01-19,0.9554548392689666,0.9361649365951357,0.9740391911064248,39267673893
2025-01-20,0.9553605010954338,0.9362180080004686,0.9733900583673825,39267673893
2025-01-21,0.9552661629219013,0.9352213105288614,0.9738874824968649,39267673893
2025-01-22,0.9551718247483687,0.935995033005891,0.9751288037989546,39267673893
2025-01-23,0.9550774865748359,0.9364008579756137,0.9727201946897875,39267673893
2025-01-24,0.9549831484013034,0.935692685949831,0.9729001246994954,39267673893
2025-01-25,0.9548888102277708,0.9355954582507866,0.9732948276831793,39267673893
2025-01-26,0.9547944720542381,0.9344214602761993,0.9739317779554113,39267673893
2025-01-27,0.9547001338807055,0.9376962913711363,0.9729791659665897,39267673893
2025-01-28,0.954605795707173,0.9355096419519914,0.9725220393017094,39267673893
2025-01-29,0.9545114575336402,0.9345669899652672,0.972675345590363,39267673893
2025-01-30,0.9544171193601076,0.9365414222865535,0.9738278327123778,39267673893
2025-01-31,0.9543227811865751,0.9346964769603789,0.9742552264098416,39267673893
2025-02-01,0.9542284430130425,0.9364295526299877,0.9732139111510161,39267673893
2025-02-02,0.9541341048395098,0.9352620813531326,0.973042139352551,39267673893
2025-02-03,0.9540397666659772,0.9348915463921079,0.9726971643602036,39267673893
2025-02-04,0.9539454284924447,0.935167037114117,0.9715569005685796,39267673893
2025-02-05,0.9538510903189119,0.9341665034986801,0.9726805984002179,39267673893
2025-02-06,0.9537567521453794,0.9352640400096032,0.9719826286631262,39267673893
2025-02-07,0.9536624139718468,0.9341240152149914,0.9730316711055316,39267673893
2025-02-08,0.953568075798314,0.93596951595192,0.9728252035704665,39267673893
2025-02-09,0.9534737376247815,0.9351110858132311,0.9718917365492907,39267673893
2025-02-10,0.9533793994512489,0.9342150974618796,0.9716044422319798,39267673893
2025-01-14,1.0,0.9999999987436212,1.000000001316506,39267674193
2025-01-15,1.0,0.9999999987350607,1.0000000012989483,39267674193
2025-01-16,1.0,0.9999999987666387,1.0000000013564496,39267674193
2025-01-17,1.0,0.9999999986973008,1.000000001240191,39267674193
2025-01-18,1.0,0.9999999987901375,1.0000000013023842,39267674193
2025-01-19,1.0,0.9999999986943525,1.0000000012761905,39267674193
2025-01-20,1.0,0.9999999987140675,1.0000000012876331,39267674193
2025-01-21,1.0,0.9999999986819695,1.0000000014059438,39267674193
2025-01-22,1.0,0.9999999986316277,1.0000000012019723,39267674193
2025-01-23,1.0,0.9999999986932983,1.0000000012751238,39267674193
2025-01-24,1.0,0.9999999987687653,1.0000000013838257,39267674193
2025-01-25,1.0,0.9999999986888789,1.0000000013808652,39267674193
2025-01-26,1.0,0.9999999987517778,1.000000001334488,39267674193
2025-01-27,1.0,0.9999999986423466,1.0000000012532149,39267674193
2025-01-28,1.0,0.999999998845309,1.0000000013643626,39267674193
2025-01-29,1.0,0.9999999987036126,1.0000000013597485,39267674193
2025-01-30,1.0,0.9999999987186879,1.0000000013424384,39267674193
2025-01-31,1.0,0.9999999987143191,1.0000000012789323,39267674193
2025-02-01,1.0,0.9999999987030403,1.000000001287303,39267674193
2025-02-02,1.0,0.9999999986486025,1.0000000013448087,39267674193
2025-02-03,1.0,0.9999999987528606,1.0000000013022448,39267674193
2025-02-04,1.0,0.9999999986106484,1.0000000013379935,39267674193
2025-02-05,1.0,0.9999999986875515,1.0000000013742734,39267674193
2025-02-06,1.0,0.9999999986104021,1.0000000012769876,39267674193
2025-02-07,1.0,0.9999999986578639,1.0000000013620176,39267674193
2025-02-08,1.0,0.9999999986560466,1.0000000014122639,39267674193
2025-02-09,1.0,0.9999999985751012,1.0000000014155868,39267674193
2025-02-10,1.0,0.9999999986263507,1.0000000013926662,39267674193
2024-10-29,1.0,0.9999999987380152,1.0000000013002583,39267674431
2024-10-30,1.0,0.9999999987034129,1.0000000012444488,39267674431
2024-10-31,1.0,0.9999999987445496,1.0000000012745698,39267674431
2024-11-01,1.0,0.9999999986564372,1.0000000012118537,39267674431
2024-11-02,1.0,0.9999999987645055,1.000000001389714,39267674431
2024-11-03,1.0,0.9999999986422712,1.0000000013237327,39267674431
2024-11-04,1.0,0.9999999987067654,1.0000000014571797,39267674431
2024-11-05,1.0,0.9999999985757158,1.0000000013963262,39267674431
2024-11-06,1.0,0.9999999985119192,1.000000001516145,39267674431
2024-11-07,1.0,0.9999999985136127,1.0000000014527275,39267674431
2024-11-08,1.0,0.9999999983270493,1.0000000016516553,39267674431
2024-11-09,1.0,0.9999999984585582,1.0000000015996493,39267674431
2024-11-10,1.0,0.9999999982229755,1.000000001582752,39267674431
2024-11-11,1.0,0.9999999982675974,1.0000000017859827,39267674431
2024-11-12,1.0,0.9999999980565561,1.0000000019403643,39267674431
2024-11-13,1.0,0.999999998113984,1.0000000020517825,39267674431
2024-11-14,1.0,0.9999999979197439,1.0000000022122977,39267674431
2024-11-15,1.0,0.999999997908073,1.000000002135815,39267674431
2024-11-16,1.0,0.9999999978727124,1.000000002315394,39267674431
2024-11-17,1.0,0.9999999976962832,1.0000000025666558,39267674431
2024-11-18,1.0,0.9999999973897451,1.0000000027808675,39267674431
2024-11-19,1.0,0.9999999971556486,1.000000002788104,39267674431
2024-11-20,1.0,0.9999999968141262,1.000000003146923,39267674431
2024-11-21,1.0,0.9999999966449636,1.0000000034650514,39267674431
2024-11-22,1.0,0.9999999962532375,1.0000000038989418,39267674431
2024-11-23,1.0,0.9999999962443317,1.0000000041039134,39267674431
2024-11-24,1.0,0.9999999958974682,1.0000000044688206,39267674431
2024-11-25,1.0,0.9999999957664045,1.0000000045254405,39267674431
2024-09-17,-4.7663217571807746,-5.278031938517874,-4.299353347686281,39267674723
2024-09-18,-4.921009375446879,-5.41888128110906,-4.459770702293075,39267674723
2024-09-19,-5.075696993712981,-5.575810136285659,-4.599369569539621,39267674723
2024-09-20,-5.230384611979085,-5.721471521760593,-4.732385905176271,39267674723
2024-09-21,-5.385072230245187,-5.918644417437803,-4.879695120526909,39267674723
2024-09-22,-5.53975984851129,-6.041073300459078,-5.00301122314646,39267674723
2024-09-23,-5.694447466777394,-6.2045672381022055,-5.218933358403995,39267674723
2024-09-24,-5.849135085043496,-6.317467527826651,-5.368598785633072,39267674723
2024-09-25,-6.003822703309598,-6.484064671786908,-5.520160998803505,39267674723
2024-09-26,-6.158510321575702,-6.625587079724647,-5.6664290333330944,39267674723
2024-09-27,-6.313197939841804,-6.7859016322075245,-5.837919832026802,39267674723
2024-09-28,-6.467885558107906,-6.937786646048644,-5.991119449494615,39267674723
2024-09-29,-6.622573176374009,-7.094261202675721,-6.109806017377739,39267674723
2024-09-30,-6.777260794640111,-7.29000034599195,-6.286010870371242,39267674723
2024-10-01,-6.931948412906215,-7.458378643586464,-6.44826638361225,39267674723
2024-10-02,-7.0866360311723176,-7.583843707029672,-6.593484805586055,39267674723
2024-10-03,-7.24132364943842,-7.7422512258879514,-6.727465523827696,39267674723
2024-10-04,-7.396011267704524,-7.901967087839496,-6.897892964077165,39267674723
2024-10-05,-7.550698885970626,-8.068967325835319,-7.065467029529135,39267674723
2024-10-06,-7.70538650423673,-8.224529209972209,-7.176619585994738,39267674723
2024-10-07,-7.860074122502833,-8.368506281890761,-7.392371526641977,39267674723
2024-10-08,-8.014761740768936,-8.520719850750657,-7.521257997190539,39267674723
2024-10-09,-8.169449359035038,-8.700296739168905,-7.6744226585809825,39267674723
2024-10-10,-8.32413697730114,-8.798272900200184,-7.819381615977033,39267674723
2024-10-11,-8.478824595567243,-8.966473988844571,-7.9967584336151205,39267674723
2024-10-12,-8.633512213833345,-9.143041805486245,-8.149387076312637,39267674723
2024-10-13,-8.788199832099448,-9.296882321253387,-8.270627510201562,39267674723
2024-10-14,-8.942887450365552,-9.433142202147968,-8.416150891195459,39267674723
2024-09-24,0.7500265335451088,0.7500265335407429,0.7500265335490335,39267675034
2024-09-25,0.6785979906879656,0.6785979906834887,0.6785979906920316,39267675034
2024-09-26,0.6071694478308229,0.6071694478257519,0.6071694478355756,39267675034
2024-09-27,0.53574090497368,0.5357409049685369,0.5357409049786259,39267675034
2024-09-28,0.46431236211653737,0.4643123621111725,0.4643123621220627,39267675034
2024-09-29,0.3928838192593941,0.39288381925312,0.39288381926534405,39267675034
2024-09-30,0.32145527640225147,0.32145088886288414,0.3214552764094455,39267675034
2024-10-01,0.2500267335451085,0.24367364630587945,0.25002673355388105,39267675034
2024-10-02,0.1785981906879659,0.1664093874164675,0.18189261967433254,39267675034
2024-10-03,0.10716964783082261,0.08814214452937098,0.11435281078537106,39267675034
2024-10-04,0.035741104973679994,0.008922238585664082,0.05041831884012673,39267675034
2024-10-05,-0.035687437883462625,-0.07178207973782562,-0.010814233652657419,39267675034
2024-10-06,-0.10711598074060591,-0.15184787577925757,-0.07047935154025334,39267675034
2024-10-07,-0.17854452359774853,-0.2375859715329439,-0.13093731051549987,39267675034
2024-10-08,-0.2499730664548918,-0.3185356635205061,-0.18793291886226657,39267675034
2024-10-09,-0.32140160931203443,-0.40535701586133127,-0.2468556181656522,39267675034
2024-10-10,-0.3928301521691777,-0.4865667752673432,-0.305907286548823,39267675034
2024-10-11,-0.46425869502631967,-0.5739503676437493,-0.3683872920155511,39267675034
2024-10-12,-0.535687237883463,-0.6616628035646682,-0.4266346706936742,39267675034
2024-10-13,-0.6071157807406056,-0.7435627870981742,-0.48403529455439337,39267675034
2024-10-14,-0.6785443235977489,-0.8300330533336686,-0.5424768159451149,39267675034
2024-10-15,-0.7499728664548915,-0.9164110002839931,-0.6037462551088937,39267675034
2024-10-16,-0.8214014093120348,-1.0050308043600806,-0.6659213835541531,39267675034
2024-10-17,-0.8928299521691774,-1.0948685679316061,-0.7178576392464912,39267675034
2024-10-18,-0.96425849502632,-1.188655773483068,-0.7763884549176658,39267675034
2024-10-19,-1.0356870378834633,-1.2722682727630816,-0.8336851370201461,39267675034
2024-10-20,-1.1071155807406061,-1.3626343428469276,-0.884607496545879,39267675034
2024-10-21,-1.1785441235977494,-1.440404449996628,-0.9400028113828426,39267675034
2025-03-04,0.8601868159149963,-1.251572591119786,3.069496738478833,39814768574
2025-03-05,0.8532304470677246,-1.3362886181017934,3.117870412537676,39814768574
2025-03-06,0.8462740782204528,-1.3501881374489069,3.04788293768851,39814768574
2025-03-07,0.839317709373181,-1.1320304701812693,2.9976052772948147,39814768574
2025-03-08,0.8323613405259085,-1.3226888420303295,3.0802715172344635,39814768574
2025-03-09,0.8254049716786367,-1.4057463744071268,3.0106284660923817,39814768574
2025-03-10,0.8184486028313649,-1.4906107685494054,3.0462623594144502,39814768574
2025-03-11,0.8114922339840931,-1.3872107899405715,2.916234639301365,39814768574
2025-03-12,0.8045358651368213,-1.3149363154092129,3.1258004612738426,39814768574
2025-03-13,0.7975794962895495,-1.2499000887565443,2.8817804058626177,39814768574
2025-03-14,0.7906231274422777,-1.6300649407894925,3.0009513409761763,39814768574
2025-03-15,0.7836667585950059,-1.476814997719341,3.0637321619801576,39814768574
2025-03-16,0.7767103897477334,-1.325891328294851,3.138350274796168,39814768574
2025-03-17,0.7697540209004616,-1.2712095336746467,3.2054322535319852,39814768574
2025-03-18,0.7627976520531898,-1.4286876178189096,2.894089267347484,39814768574
2025-03-19,0.7558412832059174,-1.243602745496492,2.97117855530599,39814768574
2025-03-20,0.7488849143586456,-1.4573193086613807,2.9332103787199557,39814768574
2025-03-21,0.7419285455113738,-1.157331786814449,2.9924544144961143,39814768574
2025-03-22,0.734972176664102,-1.5184456736823633,2.916674667394061,39814768574
2025-03-23,0.7280158078168295,-1.355169026450689,2.7975078845304178,39814768574
2025-03-24,0.7210594389695577,-1.530725241520194,2.8102097107582105,39814768574
2025-03-25,0.7141030701222859,-1.467162695488859,2.9626625518023566,39814768574
2025-03-26,0.7071467012750141,-1.4785208162187709,3.139690533367101,39814768574
2025-03-27,0.7001903324277423,-1.6342119441772205,2.744267010640655,39814768574
2025-03-28,0.6932339635804705,-1.4754215694666675,2.6857982184863025,39814768574
2025-03-29,0.6862775947331987,-1.6013768033220317,2.920271719463688,39814768574
2025-03-30,0.6793212258859269,-1.4880527269605075,2.7478614925995917,39814768574
2025-03-31,0.6723648570386545,-1.5428050062527305,3.127498228427816,39814768574
2024-09-10,2.4605145063596825,1.3418472739075646,3.484401430684402,41911928478
2024-09-11,2.4382709063651657,1.350557746793476,3.514402126504864,41911928478
2024-09-12,2.4160273063706494,1.282063623567203,3.4438927944209734,41911928478
2024-09-13,2.393783706376133,1.3121796938812385,3.4772301600332844,41911928478
2024-09-14,2.371540106381616,1.2047509267476364,3.383523283931079,41911928478
2024-09-15,2.349296506387099,1.2166742973635505,3.49462520761815,41911928478
2024-09-16,2.327052906392583,1.3096099095243767,3.479725186298247,41911928478
2024-09-17,2.3048093063980666,1.2299702949149802,3.3651563232264885,41911928478
2024-09-18,2.28256570640355,1.1827827347375404,3.2946229251531927,41911928478
2024-09-19,2.2603221064090335,1.1633976328886846,3.3106076239768227,41911928478
2024-09-20,2.238078506414517,1.217638028143034,3.3247237181605627,41911928478
2024-09-21,2.2158349064200005,1.178753766339027,3.295827561681769,41911928478
2024-09-22,2.193591306425484,1.1283516801971767,3.2406140264901735,41911928478
2024-09-23,2.171347706430967,1.0405023444423527,3.2274483844049233,41911928478
2024-09-24,2.1491041064364507,1.109956794958523,3.3098337883771523,41911928478
2024-09-25,2.126860506441934,0.9977862802381354,3.173286737744288,41911928478
2024-09-26,2.1046169064474176,1.031741077257286,3.1502346526902114,41911928478
2024-09-27,2.082373306452901,0.9448169852407292,3.20436725278619,41911928478
2024-09-28,2.0601297064583846,0.9778398835154803,3.2341206027194556,41911928478
2024-09-29,2.0378861064638683,0.9271902767037353,3.145754079579297,41911928478
2024-09-30,2.0156425064693515,0.9873963770538525,3.0550045183042673,41911928478
2024-10-01,1.9933989064748343,0.9391505352390777,3.090494376092352,41911928478
2024-10-02,1.971155306480318,0.8353357798222948,3.0285354433956417,41911928478
2024-10-03,1.9489117064858017,0.9037786809841842,3.0271810227069267,41911928478
2024-10-04,1.926668106491285,0.8866856530402303,2.978371026283663,41911928478
2024-10-05,1.9044245064967686,0.8511768053516258,3.0555054505402066,41911928478
2024-10-06,1.8821809065022523,0.7926477765879434,2.9434861801831724,41911928478
2024-10-07,1.8599373065077347,0.7686718439611656,2.919386358573017,41911928478
2025-01-28,1.0,0.9999999986968986,1.0000000012974097,4079053893
2025-01-29,1.0,0.9999999987096159,1.000000001426377,4079053893
2025-01-30,1.0,0.9999999987325274,1.0000000013074655,4079053893
2025-01-31,1.0,0.9999999987374313,1.0000000013498955,4079053893
2025-02-01,1.0,0.9999999986432483,1.0000000014483323,4079053893
2025-02-02,1.0,0.9999999986492869,1.000000001568681,4079053893
2025-02-03,1.0,0.9999999984639902,1.0000000014856698,4079053893
2025-02-04,1.0,0.999999998385149,1.0000000018154604,4079053893
2025-02-05,1.0,0.9999999982424332,1.000000001715596,4079053893
2025-02-06,1.0,0.9999999982759287,1.000000001973943,4079053893
2025-02-07,1.0,0.9999999980571265,1.0000000019423405,4079053893
2025-02-08,1.0,0.9999999977691322,1.0000000022696207,4079053893
2025-02-09,1.0,0.9999999976646492,1.0000000024430276,4079053893
2025-02-10,1.0,0.9999999973036001,1.0000000028527773,4079053893
2025-02-11,1.0,0.9999999969992565,1.0000000030727734,4079053893
2025-02-12,1.0,0.9999999969118902,1.0000000034672227,4079053893
2025-02-13,1.0,0.999999996417436,1.0000000038524786,4079053893
2025-02-14,1.0,0.9999999961426073,1.000000004323698,4079053893
2025-02-15,1.0,0.9999999959794381,1.0000000044583042,4079053893
2025-02-16,1.0,0.9999999950712224,1.0000000049783975,4079053893
2025-02-17,1.0,0.9999999944826552,1.000000005213734,4079053893
2025-02-18,1.0,0.9999999945076099,1.0000000059330598,4079053893
2025-02-19,1.0,0.9999999937686048,1.0000000061023921,4079053893
2025-02-20,1.0,0.9999999933539123,1.0000000065475314,4079053893
2025-02-21,1.0,0.9999999931056976,1.0000000072906603,4079053893
2025-02-22,1.0,0.999999992670998,1.0000000076431173,4079053893
2025-02-23,1.0,0.9999999920530427,1.0000000079970064,4079053893
2025-02-24,1.0,0.9999999915588077,1.0000000086061218,4079053893
